customer_id,first_name,last_name,age,gender,country,city,registration_date,customer_segment,loyalty_status
1,Ines,Fernandez,45,Male,Poland,Krakow,23-10-2022,Regular,Platinum
2,Noah,Hansen,25,Female,Italy,Turin,30-04-2023,Regular,Platinum
3,Katerina,Janssens,18,Female,Sweden,Stockholm,14-06-2025,Regular,Gold
4,Olav,Hansen,18,Female,Austria,Vienna,11-01-2023,Regular,Platinum
5,Anna,Nielsen,49,Female,Germany,Cologne,04-11-2025,Premium,Gold
6,Katerina,Muller,29,Other,Greece,Athens,27-12-2023,Budget,Platinum
7,Freja,Jansen,25,Male,Poland,Krakow,20-11-2023,Regular,Platinum
8,Aino,Muller,52,Female,Czechia,Prague,12-02-2024,Budget,Platinum
9,Oskar,Dubois,47,Female,Germany,Berlin,21-09-2025,Regular,Silver
10,Peter,Nowak,34,Other,Italy,Naples,10-01-2022,Regular,Platinum
11,Erik,de Jong,30,Female,Spain,Madrid,03-07-2025,Regular,Gold
12,Lucas,Martin,32,Male,Finland,Helsinki,20-08-2025,Regular,Silver
13,Paul,Wagner,36,Female,Belgium,Brussels,31-10-2025,Premium,Gold
14,Wojciech,Nowak,51,Female,Sweden,Gothenburg,26-08-2026,Premium,Silver
15,Anna,Moreau,38,Male,Italy,Turin,25-08-2025,Regular,Silver
16,Noah,Korhonen,41,Female,France,Paris,19-06-2024,Premium,Platinum
17,Karl,Gruber,46,Male,Netherlands,Amsterdam,05-03-2024,Regular,Platinum
18,Helena,Nowak,21,Female,Germany,Frankfurt,24-10-2023,Regular,Platinum
19,Lars,Martin,42,Male,Sweden,Stockholm,10-11-2025,Budget,Silver
20,Hugo,Gruber,30,Male,Belgium,Brussels,01-11-2023,Budget,Platinum
21,Maja,Jensen,18,Male,Poland,Warsaw,02-09-2024,Budget,Gold
22,Wojciech,Muller,18,Female,Spain,Barcelona,13-06-2022,Budget,Platinum
23,Laura,Meyer,22,Male,Greece,Thessaloniki,25-06-2023,Regular,Platinum
24,Luis,Svoboda,39,Other,Denmark,Aarhus,30-03-2023,Budget,Platinum
25,Katerina,Nikolaou,35,Female,Poland,Krakow,12-01-2024,Regular,Platinum
26,Kari,de Jong,36,Female,France,Paris,05-05-2024,Budget,Gold
27,Kari,Sanchez,55,Male,Italy,Rome,05-05-2025,Budget,Silver
28,Henrik,Janssens,20,Female,Germany,Munich,06-01-2024,Premium,Platinum
29,Mia,Weber,33,Male,Germany,Berlin,14-09-2022,Regular,Platinum
30,Katerina,Svoboda,37,Male,Austria,Vienna,17-07-2024,Premium,Platinum
31,Freja,Virtanen,25,Female,Poland,Warsaw,04-04-2022,Budget,Platinum
32,Alicja,Ricci,34,Male,Greece,Athens,17-12-2025,Budget,Silver
33,Erik,Moreau,18,Male,Spain,Barcelona,06-08-2025,Regular,Silver
34,Francesca,Ricci,49,Female,Spain,Barcelona,19-01-2023,Regular,Platinum
35,Felix,Schmidt,26,Male,Italy,Rome,25-03-2023,Budget,Platinum
36,Noah,Kowalski,56,Female,France,Lyon,17-02-2022,Premium,Platinum
37,Bruno,Sanchez,33,Female,Germany,Hamburg,13-09-2023,Regular,Platinum
38,Henrik,Weber,45,Male,Italy,Naples,07-03-2022,Regular,Platinum
39,Tomas,Bianchi,33,Female,France,Marseille,15-05-2026,Regular,Bronze
40,Clara,Nilsson,33,Male,Austria,Vienna,17-08-2022,Regular,Platinum
41,Leon,Meyer,27,Female,Italy,Naples,28-01-2025,Budget,Gold
42,Ines,Novak,35,Male,Sweden,Stockholm,30-08-2024,Premium,Platinum
43,Marie,Novak,37,Female,Poland,Warsaw,08-02-2023,Regular,Platinum
44,Marco,Rossi,25,Male,Spain,Madrid,09-10-2025,Budget,Silver
45,Leon,Nikolaou,32,Male,Sweden,Stockholm,05-07-2022,Budget,Platinum
46,Helena,Peeters,27,Male,Czechia,Prague,20-02-2026,Regular,Silver
47,Jan,Ricci,59,Other,Spain,Madrid,15-06-2025,Premium,Gold
48,Nikos,Gruber,33,Male,France,Marseille,18-12-2024,Premium,Platinum
49,Carlos,Jensen,50,Male,Austria,Vienna,07-02-2026,Premium,Silver
50,Sara,de Jong,31,Male,Germany,Berlin,18-11-2023,Premium,Platinum
51,Renata,Janssens,36,Male,France,Paris,25-04-2023,Regular,Platinum
52,Emma,Peeters,19,Male,Germany,Munich,21-09-2022,Budget,Platinum
53,Eva,Jensen,29,Male,Czechia,Prague,25-04-2026,Regular,Silver
54,Olav,Berg,36,Female,Austria,Vienna,16-11-2023,Budget,Platinum
55,Leon,Korhonen,51,Male,Poland,Warsaw,14-11-2025,Budget,Silver
56,Ville,Fernandez,36,Male,Czechia,Brno,21-07-2023,Regular,Platinum
57,Alicja,Janssens,49,Female,Italy,Turin,16-06-2026,Budget,Bronze
58,Bruno,Virtanen,41,Female,Netherlands,Amsterdam,22-01-2026,Premium,Silver
59,Lucas,Silva,51,Other,Germany,Munich,09-06-2023,Premium,Platinum
60,Marie,Dubois,33,Female,Germany,Cologne,09-04-2024,Regular,Platinum
61,Carlos,Peeters,60,Female,Austria,Graz,14-09-2025,Premium,Gold
62,Renata,Korhonen,28,Female,Italy,Milan,21-01-2023,Regular,Platinum
63,Sophie,Korhonen,25,Female,Netherlands,The Hague,10-02-2022,Budget,Platinum
64,Ville,Garcia,20,Male,Poland,Wroclaw,08-05-2023,Budget,Platinum
65,Wojciech,Korhonen,59,Male,Belgium,Antwerp,03-10-2024,Budget,Gold
66,Eleni,Ricci,43,Other,Netherlands,Amsterdam,21-08-2022,Regular,Platinum
67,Eva,Papadopoulos,30,Male,Netherlands,Amsterdam,23-07-2023,Budget,Platinum
68,Kari,Nilsson,47,Male,Spain,Madrid,15-04-2026,Budget,Bronze
69,Jan,Garcia,41,Female,Germany,Munich,08-05-2022,Budget,Platinum
70,Peter,Janssens,55,Male,Italy,Milan,27-03-2022,Premium,Platinum
71,Freja,Sanchez,18,Female,France,Paris,24-12-2023,Budget,Platinum
72,Anna,Kowalski,31,Female,Italy,Milan,22-01-2022,Regular,Platinum
73,Luis,Hansen,28,Other,Sweden,Stockholm,17-02-2022,Regular,Platinum
74,Alessandro,Papadopoulos,18,Male,France,Marseille,08-11-2022,Budget,Platinum
75,Mikko,Schmidt,45,Female,Germany,Berlin,24-06-2022,Regular,Platinum
76,Ville,Weber,31,Male,France,Paris,13-10-2025,Budget,Silver
77,Dimitris,Peeters,42,Female,Spain,Valencia,29-07-2022,Regular,Platinum
78,Clara,Lopez,59,Female,Austria,Graz,10-06-2024,Regular,Platinum
79,Julia,Nowak,30,Female,Netherlands,The Hague,16-04-2025,Regular,Gold
80,Emma,Nilsson,29,Female,Czechia,Brno,02-12-2024,Regular,Gold
81,Francesca,Janssens,35,Male,Austria,Graz,19-01-2025,Regular,Gold
82,Zofia,Bianchi,44,Female,Italy,Rome,02-09-2023,Regular,Platinum
83,Liam,Garcia,27,Male,Czechia,Prague,23-02-2026,Budget,Bronze
84,Lars,Meyer,27,Female,France,Paris,28-04-2022,Regular,Platinum
85,Isabel,Ricci,45,Male,Germany,Munich,02-07-2022,Budget,Platinum
86,Marco,Ferrari,38,Male,Germany,Frankfurt,29-12-2025,Regular,Silver
87,Jan,Muller,18,Male,Poland,Warsaw,27-04-2022,Regular,Platinum
88,Clara,Muller,20,Female,Italy,Milan,23-11-2022,Budget,Platinum
89,Freja,Martin,50,Male,France,Paris,23-10-2022,Budget,Platinum
90,Clara,Andersson,38,Male,Portugal,Lisbon,26-02-2022,Regular,Platinum
91,Henrik,de Jong,25,Female,Germany,Berlin,19-07-2022,Budget,Platinum
92,Felix,Jensen,32,Female,Austria,Vienna,02-09-2024,Premium,Platinum
93,Noah,Sanchez,34,Female,Italy,Turin,31-01-2025,Premium,Gold
94,Emma,Schmidt,42,Female,Spain,Madrid,22-05-2022,Premium,Platinum
95,Oskar,Andersson,19,Female,Spain,Valencia,25-05-2026,Budget,Bronze
96,Oskar,Papadopoulos,24,Female,Belgium,Antwerp,13-06-2022,Budget,Platinum
97,Olav,Kowalski,37,Female,Spain,Madrid,16-03-2025,Regular,Gold
98,Dimitris,Weber,32,Male,Germany,Berlin,25-09-2025,Regular,Silver
99,Elena,Korhonen,40,Female,Germany,Cologne,06-06-2024,Regular,Platinum
100,Jan,Schmidt,20,Female,Greece,Athens,17-04-2024,Budget,Gold
101,Maria,Andersson,37,Male,Finland,Tampere,05-07-2022,Budget,Platinum
102,Karl,Gruber,46,Female,Austria,Vienna,16-02-2023,Budget,Platinum
103,Erik,Garcia,39,Female,France,Lyon,20-12-2025,Budget,Silver
104,Renata,Lefevre,35,Female,Greece,Thessaloniki,18-08-2023,Budget,Platinum
105,Sara,Silva,32,Female,Poland,Warsaw,28-02-2022,Premium,Platinum
106,Maria,Martin,24,Female,Poland,Warsaw,27-05-2025,Budget,Silver
107,Henrik,Silva,33,Female,Italy,Turin,10-03-2025,Regular,Gold
108,Jan,Sanchez,47,Female,France,Paris,24-04-2022,Premium,Platinum
109,Nikos,Jensen,32,Other,Germany,Berlin,29-03-2022,Regular,Platinum
110,Leon,Sanchez,24,Male,Finland,Helsinki,18-07-2022,Regular,Platinum
111,Matteo,Nowak,28,Female,Italy,Rome,28-03-2022,Regular,Platinum
112,Olav,Garcia,36,Female,France,Marseille,16-11-2024,Regular,Gold
113,Hugo,Gruber,29,Female,Spain,Valencia,14-08-2022,Regular,Platinum
114,Julia,Ricci,39,Male,Netherlands,Amsterdam,31-10-2024,Premium,Platinum
115,Marie,Nilsson,39,Male,France,Marseille,28-10-2022,Regular,Platinum
116,Anna,de Jong,43,Female,Sweden,Stockholm,16-07-2026,Premium,Silver
117,Sophie,Lefevre,49,Female,Poland,Warsaw,21-05-2025,Premium,Gold
118,Lars,Gruber,44,Female,Poland,Krakow,01-10-2023,Regular,Platinum
119,Katarina,Jansen,23,Male,Italy,Turin,01-01-2024,Regular,Platinum
120,Oskar,Moreau,24,Male,Belgium,Brussels,21-04-2022,Regular,Platinum
121,Eva,Svoboda,33,Female,Netherlands,Amsterdam,04-04-2022,Regular,Platinum
122,Ingrid,Rossi,29,Male,Belgium,Brussels,04-07-2024,Regular,Platinum
123,Mikko,Novak,21,Female,Germany,Cologne,08-02-2022,Regular,Platinum
124,Olav,Costa,29,Male,Italy,Rome,23-12-2024,Premium,Platinum
125,Julia,Berg,28,Male,Germany,Berlin,14-10-2023,Regular,Platinum
126,Ana,Nilsson,26,Female,Italy,Naples,26-08-2022,Regular,Platinum
127,Ana,Berg,30,Female,Spain,Madrid,01-07-2024,Budget,Gold
128,Francesca,Weber,46,Male,Germany,Berlin,31-07-2024,Regular,Gold
129,Aino,Berg,36,Female,Germany,Berlin,25-06-2025,Premium,Gold
130,Noah,Peeters,61,Male,Netherlands,Amsterdam,03-12-2022,Premium,Platinum
131,Erik,Ricci,35,Female,France,Paris,21-07-2024,Regular,Gold
132,Henrik,Andersson,30,Male,Finland,Tampere,10-12-2025,Regular,Silver
133,Noah,Nowak,34,Female,Netherlands,Rotterdam,06-04-2023,Regular,Platinum
134,Oskar,Jansen,36,Female,Spain,Barcelona,24-11-2025,Budget,Silver
135,Tomas,Lopez,38,Female,Netherlands,The Hague,17-05-2025,Budget,Silver
136,Marie,Meyer,56,Female,Germany,Berlin,03-01-2024,Premium,Platinum
137,Elena,Gruber,24,Female,Norway,Oslo,13-02-2026,Budget,Bronze
138,Mikko,Korhonen,43,Male,Italy,Turin,06-07-2026,Premium,Silver
139,Marco,Moreau,36,Female,Czechia,Prague,08-02-2023,Budget,Platinum
140,Lars,Muller,18,Female,Germany,Hamburg,28-07-2026,Regular,Bronze
141,Katarina,Janssens,42,Female,Italy,Naples,05-01-2022,Regular,Platinum
142,Eleni,Papadopoulos,47,Female,Italy,Rome,09-08-2022,Regular,Platinum
143,Eleni,Novak,24,Male,Norway,Oslo,15-03-2022,Regular,Platinum
144,Alicja,Lopez,33,Male,Netherlands,Amsterdam,19-09-2023,Regular,Platinum
145,Felix,Novak,18,Female,Italy,Rome,16-05-2026,Premium,Silver
146,Felix,Dubois,20,Male,France,Paris,19-10-2024,Regular,Gold
147,Maria,Kowalski,45,Male,Spain,Madrid,16-11-2024,Budget,Gold
148,Tomas,Wagner,28,Other,Portugal,Porto,25-05-2022,Budget,Platinum
149,Bruno,Bianchi,21,Female,Italy,Turin,29-05-2024,Regular,Platinum
150,Peter,Fernandez,36,Female,Germany,Hamburg,15-10-2023,Regular,Platinum
151,Mia,Fernandez,28,Female,Sweden,Stockholm,27-03-2024,Regular,Platinum
152,Leon,Fernandez,28,Male,Denmark,Copenhagen,22-03-2023,Regular,Platinum
153,Kari,Nilsson,42,Male,Germany,Berlin,10-12-2022,Regular,Platinum
154,Carlos,Moreau,21,Female,Netherlands,Amsterdam,09-08-2024,Regular,Gold
155,Karl,Nielsen,24,Female,Germany,Frankfurt,03-12-2023,Regular,Platinum
156,Leon,Sanchez,35,Male,Austria,Vienna,06-05-2022,Regular,Platinum
157,Mia,Bianchi,44,Male,France,Paris,23-07-2025,Regular,Silver
158,Ines,Jensen,47,Female,Belgium,Antwerp,16-03-2024,Premium,Platinum
159,Alicja,Nielsen,26,Male,Poland,Warsaw,21-10-2023,Regular,Platinum
160,Oskar,Costa,44,Female,Poland,Warsaw,10-02-2025,Premium,Gold
161,Carlos,Lefevre,25,Female,Germany,Berlin,13-08-2022,Budget,Platinum
162,Paul,Nikolaou,54,Male,Finland,Helsinki,27-06-2024,Regular,Platinum
163,Jan,Ferrari,21,Male,France,Marseille,10-01-2026,Regular,Silver
164,Tomas,Moreau,48,Other,Germany,Berlin,01-03-2024,Regular,Platinum
165,Oskar,Janssens,26,Female,Netherlands,The Hague,01-01-2022,Budget,Platinum
166,Nina,Fernandez,56,Female,Spain,Valencia,27-01-2023,Regular,Platinum
167,Francesca,Bianchi,40,Female,Sweden,Gothenburg,06-04-2022,Regular,Platinum
168,Carlos,Nowak,22,Female,Czechia,Prague,02-05-2024,Premium,Platinum
169,Luis,Lefevre,28,Female,Spain,Madrid,13-09-2023,Regular,Platinum
170,Laura,Hansen,42,Female,Norway,Bergen,14-08-2022,Budget,Platinum
171,Ingrid,Costa,45,Female,Spain,Madrid,16-03-2025,Regular,Gold
172,Julia,Janssens,33,Female,Portugal,Lisbon,28-10-2022,Regular,Platinum
173,Astrid,Nielsen,34,Female,France,Marseille,06-08-2023,Budget,Platinum
174,Alicja,Gruber,42,Male,Norway,Oslo,11-08-2026,Regular,Bronze
175,Oskar,de Jong,35,Female,France,Marseille,23-04-2022,Regular,Platinum
176,Maja,Ricci,19,Male,Germany,Frankfurt,27-02-2023,Budget,Platinum
177,Alicja,Virtanen,25,Male,Italy,Naples,26-06-2023,Regular,Platinum
178,Alessandro,Schmidt,36,Male,Greece,Athens,16-05-2024,Regular,Platinum
179,Eleni,Martin,47,Female,Denmark,Aarhus,22-02-2023,Premium,Platinum
180,Mia,Schmidt,51,Female,Poland,Warsaw,11-07-2026,Regular,Bronze
181,Maria,Berg,42,Male,Denmark,Aarhus,10-01-2022,Budget,Platinum
182,Paul,Schmidt,37,Male,Denmark,Aarhus,04-06-2026,Premium,Silver
183,Noah,Wagner,42,Female,Portugal,Porto,30-06-2024,Regular,Platinum
184,Astrid,Garcia,26,Female,Spain,Madrid,07-03-2022,Budget,Platinum
185,Leon,Jensen,32,Male,Poland,Warsaw,18-07-2022,Premium,Platinum
186,Isabel,Schmidt,24,Female,Austria,Vienna,25-06-2022,Budget,Platinum
187,Marco,Muller,20,Male,Spain,Barcelona,05-05-2023,Regular,Platinum
188,Karl,Wagner,37,Female,Germany,Munich,22-07-2023,Regular,Platinum
189,Maja,Hansen,36,Female,Poland,Krakow,28-12-2024,Premium,Platinum
190,Hugo,Garcia,41,Male,France,Paris,15-06-2023,Premium,Platinum
191,Bruno,Novak,40,Female,Norway,Bergen,20-05-2025,Budget,Silver
192,Leon,Lopez,36,Male,France,Toulouse,16-05-2023,Premium,Platinum
193,Luis,Nielsen,40,Female,Germany,Berlin,25-03-2023,Regular,Platinum
194,Maria,Papadopoulos,33,Female,Sweden,Gothenburg,15-04-2023,Regular,Platinum
195,Alicja,Jansen,38,Male,Germany,Hamburg,15-07-2023,Regular,Platinum
196,Isabel,Weber,26,Female,France,Lyon,28-11-2025,Budget,Silver
197,Maria,Fernandez,38,Female,Netherlands,Amsterdam,25-02-2023,Budget,Platinum
198,Liam,Nielsen,41,Male,Denmark,Aarhus,11-04-2023,Budget,Platinum
199,Erik,Kowalski,26,Male,France,Toulouse,19-06-2026,Budget,Bronze
200,Noah,Schmidt,34,Male,Spain,Valencia,18-01-2025,Budget,Gold
201,Piotr,Weber,27,Female,Poland,Wroclaw,21-11-2022,Premium,Platinum
202,Sara,Hansen,28,Female,Greece,Thessaloniki,19-01-2026,Regular,Silver
203,Piotr,Silva,21,Male,Portugal,Lisbon,09-11-2022,Regular,Platinum
204,Liam,Schmidt,47,Female,Germany,Munich,04-10-2022,Premium,Platinum
205,Lars,Korhonen,45,Female,Germany,Munich,29-01-2024,Regular,Platinum
206,Alicja,Andersson,39,Male,France,Toulouse,23-03-2025,Regular,Gold
207,Sophie,Schmidt,55,Female,Germany,Berlin,19-11-2022,Premium,Platinum
208,Anna,Moreau,31,Female,Austria,Vienna,07-07-2025,Regular,Silver
209,Carlos,Berg,67,Female,Germany,Cologne,25-09-2022,Premium,Platinum
210,Alessandro,Nowak,31,Female,Portugal,Lisbon,25-08-2025,Premium,Gold
211,Carlos,Costa,36,Male,Austria,Graz,13-06-2022,Regular,Platinum
212,Ingrid,de Jong,29,Male,Netherlands,Amsterdam,02-03-2024,Regular,Platinum
213,Kari,Nowak,38,Female,France,Toulouse,26-12-2024,Premium,Platinum
214,Eva,Dubois,43,Female,Czechia,Brno,29-03-2023,Regular,Platinum
215,Bruno,Janssens,32,Male,Poland,Warsaw,08-11-2024,Premium,Platinum
216,Tomas,Silva,53,Female,Poland,Krakow,19-03-2025,Budget,Silver
217,Aino,Garcia,36,Male,Germany,Berlin,12-01-2025,Budget,Gold
218,Alicja,Garcia,36,Male,Germany,Munich,08-11-2023,Regular,Platinum
219,Nikos,Janssens,24,Male,Finland,Helsinki,10-08-2025,Budget,Silver
220,Giulia,Gruber,38,Female,Italy,Naples,31-05-2025,Premium,Gold
221,Marco,Janssens,32,Other,Spain,Madrid,11-07-2023,Budget,Platinum
222,Erik,Hansen,27,Female,Italy,Rome,03-06-2025,Regular,Gold
223,Isabel,Svoboda,25,Male,Austria,Graz,14-04-2026,Budget,Bronze
224,Ana,Ricci,63,Male,Norway,Oslo,23-10-2025,Premium,Gold
225,Astrid,Lefevre,31,Male,France,Lyon,03-06-2025,Regular,Gold
226,Freja,Berg,18,Male,Finland,Helsinki,30-07-2025,Budget,Silver
227,Renata,Nowak,26,Male,Germany,Berlin,03-10-2025,Budget,Silver
228,Bruno,Schmidt,33,Female,Netherlands,The Hague,08-05-2023,Regular,Platinum
229,Henrik,Meyer,40,Female,Belgium,Brussels,13-05-2025,Premium,Gold
230,Clara,Papadopoulos,40,Male,Germany,Berlin,06-12-2022,Premium,Platinum
231,Julia,Nowak,41,Male,Germany,Frankfurt,03-09-2023,Regular,Platinum
232,Clara,Rossi,26,Female,Italy,Rome,12-05-2026,Budget,Bronze
233,Lars,Garcia,37,Male,Greece,Thessaloniki,28-04-2023,Budget,Platinum
234,Peter,Jansen,24,Male,Netherlands,Amsterdam,08-12-2025,Regular,Silver
235,Eva,Silva,27,Female,Norway,Bergen,21-12-2023,Regular,Platinum
236,Freja,Ricci,23,Female,Czechia,Brno,24-12-2022,Budget,Platinum
237,Erik,Wagner,20,Female,Italy,Turin,15-06-2022,Regular,Platinum
238,Zofia,Schmidt,45,Female,Czechia,Prague,23-07-2024,Premium,Platinum
239,Freja,Peeters,41,Female,Germany,Munich,08-02-2024,Budget,Platinum
240,Hugo,Ferrari,44,Female,Germany,Hamburg,21-05-2024,Budget,Gold
241,Nikos,Bianchi,34,Female,Sweden,Stockholm,15-03-2022,Budget,Platinum
242,Sara,Muller,42,Female,Czechia,Prague,02-04-2023,Budget,Platinum
243,Francesca,Korhonen,18,Male,France,Paris,07-01-2022,Budget,Platinum
244,Francesca,Moreau,43,Female,Portugal,Porto,31-05-2023,Regular,Platinum
245,Clara,Nilsson,35,Other,Netherlands,Rotterdam,07-05-2026,Budget,Bronze
246,Clara,Gruber,40,Male,Sweden,Stockholm,17-09-2022,Regular,Platinum
247,Emma,Novak,38,Male,Netherlands,Rotterdam,20-03-2025,Premium,Gold
248,Clara,Silva,23,Other,Italy,Milan,10-01-2022,Premium,Platinum
249,Henrik,Wagner,18,Male,Spain,Madrid,15-08-2024,Regular,Gold
250,Alessandro,Weber,26,Female,Italy,Rome,19-04-2026,Budget,Bronze
251,Wojciech,Nielsen,40,Male,Belgium,Brussels,05-08-2023,Budget,Platinum
252,Renata,Kowalski,41,Female,Sweden,Stockholm,02-12-2022,Budget,Platinum
253,Peter,Garcia,18,Male,Italy,Turin,30-08-2024,Premium,Platinum
254,Marco,Meyer,23,Male,France,Marseille,21-04-2023,Premium,Platinum
255,Karl,Rossi,26,Female,France,Paris,28-02-2026,Budget,Bronze
256,Sophie,Berg,30,Female,Poland,Krakow,17-12-2025,Regular,Silver
257,Emma,Jansen,19,Male,Czechia,Prague,16-01-2025,Regular,Gold
258,Laura,de Jong,18,Female,Germany,Frankfurt,24-12-2024,Budget,Gold
259,Paul,Rossi,24,Female,Germany,Cologne,23-10-2024,Premium,Platinum
260,Anna,Gruber,34,Female,Netherlands,The Hague,06-06-2025,Budget,Silver
261,Astrid,Korhonen,21,Female,Germany,Berlin,24-02-2024,Budget,Platinum
262,Ana,Wagner,32,Male,Sweden,Stockholm,11-07-2026,Regular,Bronze
263,Alessandro,Muller,45,Male,Spain,Madrid,13-08-2023,Budget,Platinum
264,Alessandro,de Jong,19,Female,Germany,Berlin,16-01-2022,Budget,Platinum
265,Bruno,Rossi,31,Female,Finland,Helsinki,05-04-2025,Premium,Gold
266,Hugo,Wagner,45,Female,France,Paris,02-02-2025,Budget,Gold
267,Karl,Meyer,29,Female,France,Toulouse,30-07-2026,Regular,Bronze
268,Leon,Lefevre,27,Male,Germany,Berlin,05-11-2023,Budget,Platinum
269,Maria,Moreau,46,Male,Germany,Berlin,25-12-2023,Budget,Platinum
270,Ana,Garcia,30,Female,Germany,Cologne,15-08-2024,Budget,Gold
271,Aino,Novak,46,Male,Germany,Munich,31-10-2023,Budget,Platinum
272,Maria,Schmidt,38,Female,France,Marseille,30-08-2025,Budget,Silver
273,Thomas,Novak,30,Male,Germany,Munich,31-12-2023,Regular,Platinum
274,Maria,Nilsson,39,Male,Netherlands,The Hague,28-08-2025,Premium,Gold
275,Zofia,Nikolaou,37,Male,Austria,Vienna,27-12-2023,Regular,Platinum
276,Luis,Peeters,45,Male,Italy,Milan,19-01-2023,Premium,Platinum
277,Isabel,Schmidt,27,Male,Spain,Barcelona,16-08-2026,Budget,Bronze
278,Marco,Nowak,34,Female,Portugal,Lisbon,16-06-2024,Regular,Platinum
279,Anna,Kowalski,33,Female,Denmark,Copenhagen,19-04-2025,Regular,Gold
280,Jan,Nielsen,41,Female,Sweden,Stockholm,04-10-2024,Budget,Gold
281,Marie,Martin,22,Male,Germany,Berlin,05-09-2023,Budget,Platinum
282,Katerina,Nielsen,45,Male,France,Marseille,15-07-2026,Regular,Bronze
283,Eva,Wagner,39,Male,France,Paris,26-09-2023,Premium,Platinum
284,Piotr,Papadopoulos,19,Male,France,Paris,20-08-2026,Budget,Bronze
285,Francesca,Moreau,47,Female,Netherlands,Amsterdam,05-01-2024,Budget,Platinum
286,Peter,Silva,58,Male,Italy,Naples,08-02-2022,Premium,Platinum
287,Kari,Papadopoulos,45,Male,Germany,Berlin,04-03-2022,Budget,Platinum
288,Alessandro,Garcia,49,Female,Spain,Barcelona,18-07-2026,Premium,Silver
289,Aino,Moreau,34,Female,Portugal,Porto,18-06-2024,Premium,Platinum
290,Paul,Novak,18,Female,Germany,Berlin,23-10-2023,Regular,Platinum
291,Alicja,Papadopoulos,18,Female,Sweden,Gothenburg,14-10-2025,Regular,Silver
292,Maja,Nikolaou,36,Male,Germany,Berlin,17-11-2024,Budget,Gold
293,Aino,Nielsen,27,Male,Finland,Helsinki,30-01-2025,Regular,Gold
294,Oskar,Gruber,23,Male,Germany,Hamburg,14-03-2025,Regular,Gold
295,Wojciech,Papadopoulos,33,Female,Sweden,Gothenburg,05-12-2022,Regular,Platinum
296,Julia,Novak,40,Male,Finland,Helsinki,31-05-2022,Budget,Platinum
297,Marco,Korhonen,18,Male,Greece,Athens,07-02-2022,Budget,Platinum
298,Lars,Nielsen,29,Female,Czechia,Prague,10-05-2025,Regular,Gold
299,Kari,Nowak,50,Male,Poland,Krakow,10-08-2022,Regular,Platinum
300,Erik,Garcia,22,Female,Belgium,Brussels,24-03-2023,Regular,Platinum
301,Leon,Jansen,43,Female,Poland,Krakow,21-04-2025,Premium,Gold
302,Anna,Weber,28,Female,Germany,Munich,27-11-2024,Premium,Platinum
303,Ines,Svoboda,40,Female,Portugal,Lisbon,24-08-2025,Regular,Silver
304,Katerina,Virtanen,46,Male,Portugal,Porto,07-11-2024,Budget,Gold
305,Oskar,Costa,42,Female,Sweden,Gothenburg,23-03-2022,Regular,Platinum
306,Renata,Hansen,44,Female,Italy,Milan,01-12-2025,Regular,Silver
307,Peter,Novak,21,Female,Spain,Madrid,03-01-2023,Budget,Platinum
308,Ville,Silva,46,Female,Belgium,Brussels,20-08-2022,Budget,Platinum
309,Marie,Fernandez,24,Female,France,Paris,06-02-2026,Budget,Bronze
310,Mia,Wagner,36,Female,Germany,Berlin,29-11-2022,Budget,Platinum
311,Piotr,Nilsson,36,Male,Italy,Rome,02-07-2024,Regular,Platinum
312,Matteo,de Jong,39,Female,Italy,Rome,08-04-2024,Budget,Gold
313,Erik,Costa,37,Male,France,Marseille,04-08-2025,Budget,Silver
314,Clara,de Jong,24,Female,Spain,Madrid,17-03-2022,Budget,Platinum
315,Noah,Jansen,19,Male,Spain,Valencia,01-07-2022,Regular,Platinum
316,Ines,Papadopoulos,43,Male,Spain,Barcelona,10-12-2023,Regular,Platinum
317,Aino,Novak,36,Female,Spain,Valencia,17-03-2024,Regular,Platinum
318,Helena,Nowak,46,Female,Austria,Vienna,05-09-2025,Budget,Silver
319,Wojciech,Rossi,33,Male,Spain,Barcelona,29-10-2024,Premium,Platinum
320,Isabel,Andersson,18,Female,Norway,Oslo,11-09-2022,Regular,Platinum
321,Emma,Lefevre,44,Male,Finland,Tampere,27-07-2026,Regular,Bronze
322,Bruno,Papadopoulos,29,Female,Italy,Milan,23-02-2024,Regular,Platinum
323,Elena,Kowalski,37,Female,Spain,Barcelona,02-07-2026,Premium,Silver
324,Paul,Jansen,26,Male,Portugal,Lisbon,14-08-2026,Regular,Bronze
325,Bruno,Janssens,52,Male,Sweden,Gothenburg,30-03-2022,Regular,Platinum
326,Nikos,Schmidt,24,Female,Belgium,Brussels,12-05-2024,Regular,Platinum
327,Julia,Schmidt,30,Male,Czechia,Prague,21-12-2023,Budget,Platinum
328,Nikos,Nikolaou,35,Male,Portugal,Lisbon,29-04-2024,Regular,Platinum
329,Liam,Bianchi,21,Female,Belgium,Antwerp,13-06-2023,Budget,Platinum
330,Leon,Lefevre,37,Female,France,Lyon,10-08-2024,Budget,Gold
331,Zofia,Nielsen,51,Female,Poland,Warsaw,18-04-2024,Premium,Platinum
332,Clara,Weber,28,Female,France,Toulouse,13-11-2022,Premium,Platinum
333,Tomas,Wagner,38,Male,Austria,Vienna,07-05-2023,Budget,Platinum
334,Carlos,Costa,18,Female,Sweden,Stockholm,08-09-2022,Premium,Platinum
335,Alessandro,Costa,33,Female,Germany,Berlin,08-12-2025,Regular,Silver
336,Lars,Silva,30,Male,Belgium,Brussels,28-02-2025,Regular,Gold
337,Maria,Papadopoulos,24,Male,Germany,Berlin,23-10-2023,Regular,Platinum
338,Lucas,Muller,45,Male,Poland,Warsaw,06-11-2023,Regular,Platinum
339,Renata,Weber,30,Male,Germany,Hamburg,15-05-2022,Regular,Platinum
340,Dimitris,Nikolaou,32,Female,Norway,Bergen,10-05-2023,Regular,Platinum
341,Alessandro,Gruber,29,Male,Germany,Berlin,25-04-2026,Budget,Bronze
342,Maria,Hansen,18,Female,Norway,Oslo,23-02-2022,Budget,Platinum
343,Alessandro,Fernandez,21,Female,Czechia,Prague,06-09-2022,Budget,Platinum
344,Sara,Kowalski,44,Female,Netherlands,The Hague,12-12-2025,Regular,Silver
345,Astrid,Garcia,18,Male,Czechia,Prague,05-06-2024,Budget,Gold
346,Laura,Garcia,25,Male,Czechia,Prague,25-02-2022,Budget,Platinum
347,Alessandro,Muller,29,Female,Norway,Oslo,14-04-2024,Regular,Platinum
348,Luis,Lopez,53,Male,France,Lyon,01-07-2025,Budget,Silver
349,Nikos,Papadopoulos,42,Male,Netherlands,Amsterdam,12-08-2023,Regular,Platinum
350,Marie,Ferrari,27,Female,Germany,Hamburg,13-10-2023,Regular,Platinum
351,Maja,Moreau,48,Male,Belgium,Brussels,11-12-2024,Premium,Platinum
352,Lucas,Lefevre,25,Female,France,Toulouse,17-10-2024,Budget,Gold
353,Nikos,Moreau,45,Other,Netherlands,Amsterdam,19-03-2026,Premium,Silver
354,Freja,Muller,19,Female,Netherlands,Rotterdam,27-02-2023,Regular,Platinum
355,Ana,Nikolaou,45,Female,Italy,Naples,16-04-2023,Regular,Platinum
356,Kari,Berg,29,Female,Portugal,Porto,22-09-2022,Premium,Platinum
357,Sara,Rossi,22,Female,Poland,Warsaw,07-02-2025,Regular,Gold
358,Leon,Fernandez,31,Male,Czechia,Prague,27-06-2024,Regular,Platinum
359,Piotr,Moreau,37,Male,Italy,Rome,31-03-2025,Regular,Gold
360,Laura,Ferrari,28,Female,Netherlands,Amsterdam,04-10-2023,Regular,Platinum
361,Mikko,Peeters,40,Male,Norway,Oslo,30-11-2022,Premium,Platinum
362,Mikko,Dubois,27,Male,Germany,Frankfurt,08-07-2024,Regular,Platinum
363,Oskar,Peeters,40,Male,Germany,Frankfurt,14-01-2024,Premium,Platinum
364,Aino,Muller,38,Male,Germany,Munich,22-11-2023,Regular,Platinum
365,Marie,Hansen,33,Female,Belgium,Brussels,28-01-2024,Premium,Platinum
366,Elena,Gruber,29,Female,Italy,Naples,07-04-2026,Premium,Silver
367,Paul,Schmidt,35,Male,Poland,Wroclaw,04-01-2023,Budget,Platinum
368,Maja,Moreau,40,Male,Austria,Vienna,15-04-2023,Budget,Platinum
369,Laura,Sanchez,56,Male,Spain,Barcelona,20-08-2024,Regular,Gold
370,Nikos,Meyer,44,Male,Denmark,Aarhus,21-03-2022,Regular,Platinum
371,Aino,Moreau,44,Female,Poland,Warsaw,06-09-2022,Regular,Platinum
372,Katerina,Muller,67,Male,France,Paris,23-08-2024,Premium,Platinum
373,Piotr,Nikolaou,39,Female,Spain,Seville,18-05-2024,Premium,Platinum
374,Sophie,Nikolaou,39,Female,Spain,Seville,17-01-2025,Regular,Gold
375,Paul,Nikolaou,41,Female,Germany,Cologne,13-07-2022,Regular,Platinum
376,Mikko,de Jong,22,Female,Germany,Hamburg,26-12-2025,Budget,Silver
377,Mikko,Gruber,29,Male,Norway,Oslo,07-04-2024,Regular,Platinum
378,Noah,Weber,28,Female,Italy,Rome,22-09-2022,Budget,Platinum
379,Marie,Dubois,41,Male,Spain,Barcelona,15-06-2023,Regular,Platinum
380,Henrik,Virtanen,32,Male,Poland,Krakow,23-01-2023,Regular,Platinum
381,Marco,Lopez,35,Male,Netherlands,Amsterdam,10-02-2024,Regular,Platinum
382,Luis,Lopez,45,Male,Norway,Oslo,10-03-2024,Regular,Platinum
383,Henrik,Jensen,43,Female,Czechia,Prague,10-01-2024,Regular,Platinum
384,Aino,Nikolaou,32,Female,Italy,Naples,25-02-2024,Budget,Platinum
385,Maria,Meyer,26,Female,Spain,Madrid,28-03-2026,Budget,Bronze
386,Felix,Nikolaou,46,Female,Greece,Athens,23-06-2026,Premium,Silver
387,Ville,Garcia,42,Male,Poland,Warsaw,14-04-2024,Premium,Platinum
388,Freja,Costa,18,Female,Norway,Oslo,29-06-2026,Budget,Bronze
389,Astrid,Jansen,30,Female,Germany,Cologne,26-10-2025,Budget,Silver
390,Nikos,Janssens,35,Female,Sweden,Stockholm,29-10-2025,Regular,Silver
391,Wojciech,Janssens,42,Male,Belgium,Brussels,20-01-2023,Regular,Platinum
392,Ville,Silva,44,Male,Germany,Hamburg,18-01-2024,Regular,Platinum
393,Sophie,Korhonen,37,Female,Netherlands,Rotterdam,23-08-2023,Budget,Platinum
394,Clara,Garcia,40,Male,Austria,Vienna,14-06-2022,Regular,Platinum
395,Aino,Nikolaou,34,Male,Germany,Berlin,08-05-2022,Budget,Platinum
396,Noah,Korhonen,26,Male,Italy,Rome,26-11-2024,Budget,Gold
397,Lars,Lefevre,31,Female,Sweden,Stockholm,18-12-2023,Budget,Platinum
398,Karl,Muller,34,Male,Spain,Madrid,08-11-2025,Regular,Silver
399,Jan,Jansen,33,Female,Italy,Rome,13-02-2025,Regular,Gold
400,Carlos,Meyer,18,Female,Italy,Rome,26-05-2022,Budget,Platinum
401,Renata,Novak,29,Male,Spain,Barcelona,29-11-2025,Regular,Silver
402,Tomas,Nilsson,34,Male,Finland,Helsinki,25-04-2024,Regular,Platinum
403,Oskar,Schmidt,30,Female,Czechia,Brno,22-08-2024,Premium,Platinum
404,Anna,Papadopoulos,31,Male,Germany,Berlin,04-07-2026,Premium,Silver
405,Tomas,Costa,39,Female,Greece,Athens,26-12-2024,Budget,Gold
406,Tomas,Lefevre,22,Male,Denmark,Copenhagen,07-02-2022,Regular,Platinum
407,Giulia,Gruber,18,Other,France,Paris,30-10-2022,Regular,Platinum
408,Matteo,Ricci,30,Male,Sweden,Stockholm,28-12-2023,Regular,Platinum
409,Ana,Jensen,42,Male,Germany,Hamburg,05-03-2022,Regular,Platinum
410,Anna,Novak,52,Male,Greece,Thessaloniki,13-10-2022,Regular,Platinum
411,Elena,Nowak,42,Male,Austria,Vienna,11-09-2025,Budget,Silver
412,Hugo,Lefevre,18,Male,Belgium,Brussels,01-09-2022,Premium,Platinum
413,Katarina,Janssens,31,Male,Germany,Cologne,12-10-2022,Regular,Platinum
414,Lucas,Wagner,36,Female,Denmark,Copenhagen,09-05-2024,Regular,Platinum
415,Maria,Nielsen,35,Male,Germany,Berlin,05-06-2022,Regular,Platinum
416,Sara,Rossi,39,Female,France,Paris,12-03-2023,Budget,Platinum
417,Anna,Sanchez,23,Other,Germany,Hamburg,17-05-2026,Budget,Bronze
418,Renata,Silva,34,Female,Poland,Krakow,12-12-2024,Regular,Gold
419,Marie,Costa,38,Female,France,Lyon,30-06-2026,Regular,Bronze
420,Peter,Muller,43,Male,Finland,Tampere,27-08-2023,Premium,Platinum
421,Ville,Janssens,25,Female,Belgium,Brussels,16-11-2024,Regular,Gold
422,Aino,Jensen,30,Female,Germany,Berlin,11-02-2023,Regular,Platinum
423,Elena,Hansen,18,Male,Germany,Munich,08-10-2023,Regular,Platinum
424,Eva,Meyer,27,Female,Germany,Berlin,25-10-2022,Budget,Platinum
425,Isabel,Nikolaou,28,Female,Netherlands,Amsterdam,20-11-2025,Regular,Silver
426,Oskar,Peeters,22,Male,Czechia,Prague,10-11-2022,Regular,Platinum
427,Erik,Sanchez,35,Female,France,Paris,15-12-2022,Budget,Platinum
428,Karl,Ricci,33,Female,Sweden,Gothenburg,01-03-2024,Budget,Platinum
429,Paul,Ricci,18,Female,Germany,Berlin,02-01-2024,Budget,Platinum
430,Clara,Janssens,36,Female,Czechia,Prague,19-06-2023,Budget,Platinum
431,Luis,Andersson,23,Female,Finland,Helsinki,01-09-2023,Regular,Platinum
432,Giulia,Ricci,39,Female,Poland,Krakow,18-05-2023,Budget,Platinum
433,Thomas,Meyer,19,Male,Austria,Graz,05-04-2026,Regular,Silver
434,Thomas,de Jong,34,Male,Sweden,Gothenburg,15-09-2024,Budget,Gold
435,Wojciech,Gruber,30,Female,Germany,Hamburg,17-04-2026,Budget,Bronze
436,Nikos,Jensen,37,Female,France,Paris,09-08-2026,Regular,Bronze
437,Peter,Kowalski,35,Male,Germany,Munich,07-11-2025,Budget,Silver
438,Ines,Wagner,31,Male,Portugal,Lisbon,08-07-2022,Premium,Platinum
439,Clara,Moreau,18,Female,Poland,Warsaw,06-06-2026,Budget,Bronze
440,Paul,Kowalski,18,Female,Belgium,Brussels,01-04-2024,Budget,Gold
441,Ana,Garcia,27,Female,Sweden,Stockholm,30-04-2025,Budget,Silver
442,Ville,Berg,33,Male,Germany,Munich,23-02-2023,Regular,Platinum
443,Nikos,Hansen,27,Male,Poland,Warsaw,12-06-2022,Regular,Platinum
444,Clara,Silva,40,Male,France,Paris,16-02-2026,Premium,Silver
445,Zofia,Bianchi,30,Female,France,Marseille,05-02-2024,Regular,Platinum
446,Luis,Gruber,23,Female,Poland,Wroclaw,24-08-2022,Regular,Platinum
447,Maja,Fernandez,30,Female,Greece,Athens,27-01-2025,Regular,Gold
448,Anna,Rossi,36,Female,Belgium,Antwerp,03-04-2022,Premium,Platinum
449,Maria,Berg,37,Female,Germany,Berlin,07-02-2024,Regular,Platinum
450,Matteo,Silva,54,Male,Belgium,Antwerp,15-04-2025,Regular,Gold
451,Renata,Nowak,26,Female,Germany,Frankfurt,12-05-2025,Regular,Gold
452,Laura,Berg,33,Male,Denmark,Copenhagen,12-02-2024,Premium,Platinum
453,Elena,Bianchi,38,Female,Poland,Krakow,23-09-2023,Regular,Platinum
454,Helena,Novak,33,Female,France,Toulouse,29-11-2025,Premium,Gold
455,Maria,Meyer,28,Male,Germany,Cologne,11-11-2022,Premium,Platinum
456,Marie,Jansen,18,Male,France,Toulouse,08-05-2022,Budget,Platinum
457,Noah,Ferrari,28,Female,Greece,Athens,25-09-2022,Premium,Platinum
458,Dimitris,Costa,22,Male,Italy,Rome,27-09-2025,Regular,Silver
459,Matteo,Dubois,18,Female,Czechia,Brno,11-03-2024,Regular,Platinum
460,Thomas,Berg,25,Female,Belgium,Brussels,05-03-2022,Regular,Platinum
461,Sara,Papadopoulos,22,Female,Netherlands,Rotterdam,15-10-2022,Regular,Platinum
462,Olav,Weber,40,Female,Germany,Berlin,17-02-2022,Regular,Platinum
463,Bruno,Weber,40,Male,Norway,Oslo,19-10-2025,Regular,Silver
464,Eleni,Martin,24,Female,Spain,Madrid,26-02-2024,Budget,Platinum
465,Oskar,Nielsen,31,Male,Netherlands,Rotterdam,26-04-2022,Regular,Platinum
466,Sara,Hansen,18,Male,Austria,Vienna,13-01-2023,Premium,Platinum
467,Hugo,Jensen,28,Female,Belgium,Antwerp,16-11-2024,Regular,Gold
468,Sophie,Muller,38,Female,Norway,Bergen,08-10-2024,Budget,Gold
469,Astrid,Schmidt,43,Female,Germany,Munich,28-10-2025,Premium,Gold
470,Lucas,Korhonen,26,Male,Portugal,Lisbon,13-02-2022,Regular,Platinum
471,Henrik,Bianchi,45,Male,Italy,Rome,29-04-2022,Regular,Platinum
472,Thomas,Rossi,18,Male,Italy,Turin,02-03-2022,Budget,Platinum
473,Freja,Schmidt,20,Female,Germany,Hamburg,03-11-2023,Regular,Platinum
474,Zofia,Wagner,41,Female,Germany,Berlin,24-05-2025,Budget,Silver
475,Olav,Jansen,52,Male,France,Paris,03-02-2025,Regular,Gold
476,Ingrid,Moreau,39,Female,Spain,Madrid,25-12-2022,Regular,Platinum
477,Nina,Weber,33,Male,Italy,Rome,24-01-2025,Premium,Gold
478,Isabel,Nilsson,18,Female,Belgium,Antwerp,23-01-2025,Budget,Gold
479,Francesca,Lefevre,18,Female,Belgium,Antwerp,23-11-2022,Regular,Platinum
480,Alicja,Silva,35,Male,Italy,Rome,01-07-2025,Premium,Gold
481,Lucas,Moreau,30,Male,Italy,Naples,21-12-2023,Budget,Platinum
482,Katarina,Kowalski,21,Male,France,Paris,12-04-2022,Budget,Platinum
483,Julia,Novak,34,Female,Netherlands,The Hague,28-10-2023,Regular,Platinum
484,Bruno,Schmidt,35,Male,Spain,Madrid,04-08-2025,Premium,Gold
485,Renata,Rossi,44,Male,Germany,Munich,01-04-2025,Regular,Gold
486,Marie,Ricci,35,Male,Italy,Turin,03-04-2023,Regular,Platinum
487,Olav,Novak,47,Male,Italy,Rome,13-07-2025,Regular,Silver
488,Francesca,Ricci,34,Male,France,Lyon,26-10-2023,Regular,Platinum
489,Laura,Martin,32,Male,Netherlands,The Hague,24-02-2024,Regular,Platinum
490,Mikko,Jensen,45,Female,Netherlands,Amsterdam,28-05-2022,Budget,Platinum
491,Noah,Ferrari,23,Female,Poland,Warsaw,27-08-2026,Budget,Bronze
492,Thomas,Dubois,64,Male,Belgium,Antwerp,30-11-2025,Budget,Silver
493,Wojciech,Nilsson,38,Female,Belgium,Brussels,29-11-2022,Premium,Platinum
494,Olav,Lefevre,38,Female,Spain,Madrid,13-08-2024,Premium,Platinum
495,Noah,Wagner,39,Male,Czechia,Prague,22-08-2025,Premium,Gold
496,Hugo,Rossi,54,Female,Netherlands,Rotterdam,09-05-2024,Budget,Gold
497,Nina,Martin,42,Male,Italy,Rome,26-12-2022,Regular,Platinum
498,Liam,Weber,18,Male,Belgium,Brussels,09-07-2026,Budget,Bronze
499,Marco,Wagner,49,Female,Spain,Valencia,04-04-2023,Regular,Platinum
500,Luis,Martin,30,Male,Portugal,Lisbon,24-07-2023,Budget,Platinum
501,Anna,Bianchi,35,Female,Poland,Wroclaw,26-09-2023,Premium,Platinum
502,Clara,Lopez,19,Male,Denmark,Copenhagen,26-02-2026,Budget,Bronze
503,Leon,Hansen,39,Male,Finland,Tampere,02-05-2024,Regular,Platinum
504,Bruno,Martin,26,Female,Portugal,Lisbon,11-05-2025,Premium,Gold
505,Bruno,Martin,35,Female,Portugal,Lisbon,16-03-2026,Regular,Silver
506,Astrid,Silva,30,Female,Czechia,Brno,02-05-2026,Budget,Bronze
507,Karl,Rossi,55,Female,Spain,Barcelona,30-12-2025,Premium,Gold
508,Ana,Andersson,55,Female,Sweden,Stockholm,27-03-2026,Regular,Silver
509,Nikos,Gruber,34,Other,Italy,Rome,04-06-2026,Regular,Bronze
510,Peter,Nikolaou,34,Female,Germany,Hamburg,16-08-2026,Regular,Bronze
511,Olav,Martin,29,Male,Germany,Berlin,31-12-2024,Premium,Platinum
512,Katarina,Berg,46,Female,Sweden,Stockholm,13-08-2022,Regular,Platinum
513,Maria,Weber,30,Other,Germany,Berlin,13-07-2022,Regular,Platinum
514,Renata,Garcia,29,Female,France,Paris,18-09-2025,Regular,Silver
515,Olav,Virtanen,44,Female,Spain,Madrid,23-06-2023,Budget,Platinum
516,Olav,Svoboda,28,Male,France,Lyon,02-10-2025,Premium,Gold
517,Alessandro,Martin,33,Female,Spain,Madrid,12-05-2026,Budget,Bronze
518,Karl,Jansen,18,Male,Poland,Warsaw,03-01-2025,Budget,Gold
519,Giulia,Nikolaou,41,Female,Germany,Munich,26-07-2025,Regular,Silver
520,Sara,Ferrari,55,Male,Sweden,Stockholm,21-04-2023,Regular,Platinum
521,Francesca,Janssens,41,Male,Sweden,Stockholm,11-01-2024,Regular,Platinum
522,Nina,Garcia,50,Male,Spain,Madrid,03-07-2026,Regular,Bronze
523,Aino,Costa,24,Female,Germany,Berlin,23-10-2025,Budget,Silver
524,Luis,Bianchi,36,Female,Netherlands,Amsterdam,15-12-2022,Budget,Platinum
525,Lars,Nilsson,23,Female,Germany,Munich,15-05-2026,Regular,Bronze
526,Laura,Kowalski,31,Female,Spain,Madrid,01-05-2024,Premium,Platinum
527,Aino,Muller,42,Female,Norway,Bergen,08-12-2025,Regular,Silver
528,Mikko,Nikolaou,35,Male,Greece,Athens,07-06-2024,Regular,Platinum
529,Hugo,Nowak,18,Male,Poland,Warsaw,26-10-2024,Budget,Gold
530,Sara,Andersson,19,Male,Spain,Barcelona,03-10-2022,Budget,Platinum
531,Erik,Bianchi,18,Female,Austria,Vienna,01-08-2023,Budget,Platinum
532,Eva,Nilsson,39,Female,Poland,Warsaw,16-05-2025,Premium,Gold
533,Olav,Weber,56,Male,Spain,Madrid,06-12-2025,Premium,Gold
534,Dimitris,Nilsson,48,Female,Belgium,Brussels,01-06-2022,Regular,Platinum
535,Clara,Janssens,18,Female,Germany,Berlin,11-05-2022,Premium,Platinum
536,Katarina,Weber,49,Female,France,Marseille,27-03-2025,Regular,Gold
537,Eva,Virtanen,44,Male,Portugal,Porto,01-02-2024,Budget,Platinum
538,Tomas,Papadopoulos,18,Other,France,Paris,17-12-2025,Budget,Silver
539,Leon,Silva,30,Female,France,Lyon,27-04-2022,Budget,Platinum
540,Piotr,Korhonen,46,Male,Sweden,Gothenburg,19-08-2023,Premium,Platinum
541,Thomas,Nilsson,40,Female,Greece,Athens,02-03-2022,Regular,Platinum
542,Zofia,Martin,19,Female,Netherlands,Rotterdam,23-04-2025,Regular,Gold
543,Eva,Costa,40,Male,Sweden,Stockholm,01-01-2026,Regular,Silver
544,Marco,Meyer,18,Female,Greece,Thessaloniki,25-09-2022,Premium,Platinum
545,Thomas,Nilsson,31,Male,Germany,Frankfurt,07-07-2023,Regular,Platinum
546,Maria,Nikolaou,46,Female,Italy,Rome,12-12-2025,Regular,Silver
547,Oskar,Rossi,34,Female,Italy,Rome,12-03-2022,Budget,Platinum
548,Katerina,Silva,28,Male,Germany,Munich,11-06-2026,Premium,Silver
549,Felix,Weber,43,Female,Poland,Warsaw,20-02-2026,Regular,Silver
550,Erik,Wagner,44,Male,Italy,Rome,18-09-2022,Budget,Platinum
551,Tomas,Ferrari,48,Female,Italy,Turin,25-08-2022,Premium,Platinum
552,Renata,Lopez,43,Male,Germany,Berlin,24-03-2025,Budget,Silver
553,Katerina,Peeters,45,Female,France,Paris,18-01-2022,Regular,Platinum
554,Henrik,Lefevre,42,Female,Finland,Tampere,11-05-2024,Regular,Platinum
555,Freja,Nikolaou,36,Male,Germany,Berlin,23-04-2022,Regular,Platinum
556,Julia,Garcia,34,Female,France,Paris,24-06-2024,Regular,Platinum
557,Aino,Martin,31,Female,Spain,Seville,20-08-2023,Budget,Platinum
558,Sara,Garcia,20,Other,Italy,Rome,18-04-2025,Budget,Silver
559,Matteo,Papadopoulos,23,Male,Netherlands,Amsterdam,09-02-2026,Budget,Bronze
560,Ingrid,Fernandez,30,Male,Italy,Rome,12-04-2024,Budget,Gold
561,Wojciech,de Jong,36,Male,Germany,Frankfurt,29-12-2024,Premium,Platinum
562,Wojciech,Kowalski,49,Male,France,Paris,19-10-2024,Regular,Gold
563,Mikko,Fernandez,33,Male,Sweden,Stockholm,06-08-2026,Regular,Bronze
564,Nikos,Peeters,45,Male,Belgium,Brussels,29-01-2023,Regular,Platinum
565,Oskar,Korhonen,45,Female,Belgium,Brussels,12-02-2023,Regular,Platinum
566,Piotr,Lefevre,31,Female,Austria,Graz,07-10-2023,Budget,Platinum
567,Zofia,Nowak,40,Male,Poland,Warsaw,09-06-2025,Budget,Silver
568,Jan,Papadopoulos,31,Male,Germany,Frankfurt,14-01-2026,Regular,Silver
569,Ana,Andersson,48,Female,Spain,Madrid,19-04-2023,Regular,Platinum
570,Erik,Nowak,40,Female,Portugal,Lisbon,07-07-2022,Premium,Platinum
571,Marie,Svoboda,20,Female,Spain,Valencia,03-11-2024,Regular,Gold
572,Francesca,Lefevre,35,Male,Sweden,Stockholm,15-10-2024,Premium,Platinum
573,Nina,Dubois,52,Male,Italy,Rome,01-10-2023,Budget,Platinum
574,Paul,Svoboda,32,Female,Poland,Wroclaw,11-11-2022,Budget,Platinum
575,Matteo,Schmidt,38,Male,Sweden,Stockholm,19-12-2025,Budget,Silver
576,Anna,Ferrari,40,Male,Portugal,Lisbon,13-12-2025,Premium,Gold
577,Elena,Jensen,22,Male,Finland,Tampere,27-06-2025,Premium,Gold
578,Katerina,Schmidt,39,Female,Netherlands,Amsterdam,13-09-2024,Premium,Platinum
579,Isabel,Nielsen,18,Male,Sweden,Stockholm,22-03-2023,Budget,Platinum
580,Noah,Kowalski,27,Male,Spain,Madrid,18-11-2023,Regular,Platinum
581,Sara,Schmidt,45,Male,Italy,Rome,27-04-2022,Regular,Platinum
582,Leon,Moreau,37,Female,Portugal,Lisbon,02-03-2023,Premium,Platinum
583,Carlos,Gruber,30,Male,Germany,Hamburg,07-02-2024,Regular,Platinum
584,Leon,Muller,38,Male,Italy,Rome,15-01-2024,Budget,Platinum
585,Anna,Nielsen,33,Female,Finland,Tampere,17-05-2022,Budget,Platinum
586,Ana,Gruber,34,Female,Belgium,Brussels,20-06-2026,Premium,Silver
587,Astrid,Virtanen,41,Male,France,Paris,03-04-2023,Regular,Platinum
588,Isabel,Rossi,25,Male,Spain,Madrid,17-05-2024,Budget,Gold
589,Sara,Sanchez,34,Female,France,Lyon,03-03-2024,Regular,Platinum
590,Dimitris,Wagner,30,Female,Germany,Munich,11-03-2024,Regular,Platinum
591,Hugo,Wagner,18,Female,Finland,Helsinki,10-12-2025,Premium,Gold
592,Thomas,Lopez,23,Male,Italy,Naples,25-06-2025,Budget,Silver
593,Piotr,Andersson,51,Other,Spain,Barcelona,18-01-2026,Budget,Bronze
594,Isabel,Muller,38,Female,Netherlands,Amsterdam,08-10-2023,Premium,Platinum
595,Eleni,Nilsson,19,Female,Germany,Cologne,28-03-2023,Regular,Platinum
596,Zofia,Virtanen,18,Female,France,Paris,30-12-2023,Budget,Platinum
597,Francesca,Jansen,32,Female,Poland,Warsaw,14-08-2024,Budget,Gold
598,Marie,Rossi,51,Male,Belgium,Brussels,29-07-2023,Budget,Platinum
599,Ana,Dubois,31,Male,Greece,Athens,23-02-2024,Budget,Platinum
600,Luis,Bianchi,48,Female,Belgium,Brussels,15-09-2022,Budget,Platinum
601,Lucas,Muller,37,Female,Italy,Naples,21-09-2024,Budget,Gold
602,Maja,Jensen,39,Female,Poland,Warsaw,01-05-2025,Regular,Gold
603,Eva,Sanchez,19,Male,Finland,Tampere,17-06-2024,Regular,Platinum
604,Sara,Janssens,44,Male,Poland,Wroclaw,27-01-2026,Premium,Silver
605,Katerina,Ricci,30,Male,Greece,Athens,24-08-2026,Regular,Bronze
606,Laura,Berg,43,Female,Czechia,Brno,24-03-2026,Regular,Silver
607,Liam,Nielsen,25,Male,Sweden,Gothenburg,08-06-2022,Premium,Platinum
608,Ines,Muller,35,Female,Germany,Frankfurt,09-02-2026,Premium,Silver
609,Ville,Nilsson,37,Male,Poland,Warsaw,23-07-2023,Regular,Platinum
610,Bruno,Muller,32,Male,Italy,Rome,09-02-2024,Budget,Platinum
611,Alessandro,Wagner,38,Male,Netherlands,Amsterdam,04-12-2023,Regular,Platinum
612,Henrik,Jansen,31,Male,Belgium,Brussels,30-04-2023,Regular,Platinum
613,Francesca,Sanchez,26,Female,Greece,Athens,03-02-2026,Regular,Silver
614,Alessandro,Moreau,51,Male,Greece,Athens,23-12-2024,Budget,Gold
615,Alicja,Hansen,45,Female,France,Paris,06-07-2026,Premium,Silver
616,Sophie,Berg,25,Female,Poland,Wroclaw,15-06-2026,Regular,Bronze
617,Oskar,Muller,40,Female,Poland,Warsaw,17-12-2023,Regular,Platinum
618,Peter,Dubois,25,Female,Spain,Madrid,23-05-2025,Budget,Silver
619,Carlos,Nikolaou,20,Female,Germany,Berlin,06-05-2024,Regular,Platinum
620,Kari,Kowalski,45,Female,Germany,Berlin,23-04-2024,Regular,Platinum
621,Sophie,Svoboda,18,Male,Poland,Warsaw,14-06-2025,Budget,Silver
622,Jan,Hansen,44,Female,Italy,Rome,19-03-2025,Regular,Gold
623,Clara,Janssens,31,Female,Greece,Athens,03-04-2026,Regular,Silver
624,Sara,Korhonen,31,Other,Italy,Rome,09-08-2025,Premium,Gold
625,Helena,Berg,38,Male,Greece,Athens,26-11-2024,Budget,Gold
626,Katerina,Costa,40,Female,Italy,Rome,16-04-2026,Premium,Silver
627,Alessandro,Hansen,24,Female,Czechia,Prague,24-06-2022,Budget,Platinum
628,Francesca,Rossi,41,Male,Germany,Berlin,24-07-2025,Budget,Silver
629,Alicja,Jansen,35,Male,Netherlands,Amsterdam,31-10-2023,Budget,Platinum
630,Zofia,Nikolaou,20,Female,Czechia,Prague,09-01-2024,Budget,Platinum
631,Laura,Moreau,32,Male,Finland,Helsinki,24-08-2025,Budget,Silver
632,Lucas,Dubois,49,Female,Sweden,Gothenburg,12-04-2023,Regular,Platinum
633,Olav,Virtanen,52,Female,Germany,Frankfurt,14-02-2026,Premium,Silver
634,Alessandro,Nilsson,41,Male,Spain,Seville,01-05-2024,Budget,Gold
635,Nina,Nielsen,20,Male,Germany,Munich,18-08-2023,Premium,Platinum
636,Eva,Nikolaou,39,Male,Germany,Munich,14-07-2023,Budget,Platinum
637,Elena,Dubois,43,Female,Austria,Vienna,19-12-2023,Regular,Platinum
638,Nina,Papadopoulos,41,Female,Poland,Krakow,26-05-2026,Premium,Silver
639,Elena,de Jong,42,Female,Poland,Krakow,24-06-2022,Premium,Platinum
640,Julia,Fernandez,37,Female,Sweden,Gothenburg,15-05-2024,Regular,Platinum
641,Ingrid,Kowalski,33,Female,Poland,Wroclaw,23-11-2025,Regular,Silver
642,Lars,Schmidt,27,Male,Czechia,Prague,15-03-2024,Budget,Gold
643,Francesca,Nielsen,18,Male,Germany,Hamburg,22-08-2024,Budget,Gold
644,Peter,Nilsson,37,Male,France,Marseille,17-08-2023,Regular,Platinum
645,Liam,Svoboda,36,Female,Belgium,Brussels,21-08-2022,Budget,Platinum
646,Matteo,Schmidt,40,Female,Sweden,Gothenburg,25-12-2024,Regular,Gold
647,Noah,Papadopoulos,19,Male,Germany,Berlin,17-04-2026,Budget,Bronze
648,Zofia,Schmidt,41,Female,Portugal,Porto,05-06-2024,Premium,Platinum
649,Francesca,Costa,56,Male,Austria,Graz,07-01-2024,Premium,Platinum
650,Kari,Wagner,34,Female,Germany,Berlin,08-08-2022,Premium,Platinum
651,Luis,Hansen,33,Male,Italy,Milan,29-05-2026,Regular,Bronze
652,Maja,Wagner,37,Male,Denmark,Copenhagen,21-01-2026,Budget,Bronze
653,Freja,Sanchez,56,Male,Austria,Graz,17-03-2026,Budget,Bronze
654,Astrid,Weber,22,Male,France,Marseille,04-09-2023,Regular,Platinum
655,Marco,Nikolaou,36,Male,Sweden,Stockholm,01-12-2024,Regular,Gold
656,Eva,Schmidt,25,Female,Spain,Valencia,08-01-2024,Budget,Platinum
657,Ingrid,Nikolaou,27,Male,Sweden,Stockholm,04-02-2023,Budget,Platinum
658,Emma,Ricci,33,Male,Spain,Madrid,17-12-2022,Regular,Platinum
659,Wojciech,Ferrari,48,Other,Netherlands,Amsterdam,17-10-2023,Budget,Platinum
660,Marco,Moreau,53,Female,Italy,Rome,31-07-2024,Regular,Gold
661,Giulia,Martin,38,Female,France,Paris,27-07-2022,Regular,Platinum
662,Mia,Martin,29,Male,Denmark,Copenhagen,11-04-2025,Regular,Gold
663,Julia,Hansen,61,Male,France,Paris,20-02-2024,Premium,Platinum
664,Francesca,Fernandez,29,Female,Germany,Berlin,10-02-2026,Regular,Silver
665,Erik,Lefevre,27,Female,Spain,Valencia,21-04-2023,Regular,Platinum
666,Freja,Andersson,18,Female,Poland,Warsaw,29-03-2022,Regular,Platinum
667,Karl,Nilsson,49,Female,Czechia,Brno,16-06-2023,Budget,Platinum
668,Henrik,Bianchi,44,Female,Greece,Athens,17-07-2026,Regular,Bronze
669,Lucas,Silva,60,Female,Spain,Madrid,03-07-2023,Regular,Platinum
670,Peter,Nilsson,18,Female,Italy,Milan,14-04-2025,Regular,Gold
671,Leon,Moreau,50,Male,Germany,Berlin,07-12-2025,Budget,Silver
672,Matteo,Muller,34,Female,Netherlands,Amsterdam,30-04-2023,Premium,Platinum
673,Katarina,Rossi,42,Female,Greece,Athens,30-12-2024,Premium,Platinum
674,Nina,Fernandez,18,Female,Poland,Warsaw,15-12-2022,Budget,Platinum
675,Oskar,Peeters,50,Female,Netherlands,Amsterdam,10-09-2023,Budget,Platinum
676,Henrik,Garcia,42,Other,Italy,Milan,20-05-2023,Budget,Platinum
677,Peter,Rossi,33,Male,Finland,Helsinki,19-02-2025,Premium,Gold
678,Thomas,Bianchi,41,Female,Italy,Naples,01-02-2026,Regular,Silver
679,Nikos,Nowak,25,Female,Germany,Berlin,07-03-2023,Budget,Platinum
680,Ines,Janssens,27,Female,Spain,Seville,12-05-2023,Regular,Platinum
681,Ana,Wagner,28,Female,Germany,Hamburg,30-10-2025,Regular,Silver
682,Felix,Lefevre,18,Female,France,Toulouse,28-02-2024,Budget,Platinum
683,Anna,Novak,43,Female,Germany,Cologne,24-05-2024,Regular,Platinum
684,Renata,Nowak,47,Female,Italy,Rome,17-04-2025,Regular,Gold
685,Francesca,Weber,26,Male,Belgium,Brussels,23-08-2022,Budget,Platinum
686,Katerina,Schmidt,37,Female,Spain,Madrid,25-01-2026,Budget,Bronze
687,Noah,Novak,31,Female,Italy,Naples,15-09-2023,Regular,Platinum
688,Liam,Papadopoulos,37,Male,Norway,Oslo,27-01-2025,Premium,Gold
689,Dimitris,Svoboda,27,Female,Poland,Warsaw,07-01-2024,Regular,Platinum
690,Francesca,Bianchi,24,Female,Netherlands,The Hague,07-07-2025,Premium,Gold
691,Nina,Ferrari,45,Female,France,Paris,08-11-2024,Regular,Gold
692,Olav,Peeters,33,Female,Denmark,Copenhagen,23-10-2022,Premium,Platinum
693,Maja,Sanchez,56,Female,France,Marseille,17-11-2022,Regular,Platinum
694,Anna,Costa,34,Male,Spain,Madrid,04-02-2026,Premium,Silver
695,Carlos,Costa,23,Male,Finland,Helsinki,04-06-2024,Budget,Gold
696,Marco,Moreau,47,Female,Portugal,Porto,15-04-2023,Budget,Platinum
697,Anna,Muller,40,Female,Poland,Warsaw,02-09-2022,Budget,Platinum
698,Mia,Janssens,41,Male,Netherlands,Amsterdam,07-08-2022,Budget,Platinum
699,Clara,Nielsen,47,Male,Belgium,Brussels,17-04-2026,Premium,Silver
700,Nikos,Wagner,26,Female,Spain,Barcelona,22-07-2026,Premium,Silver
701,Helena,Bianchi,32,Female,France,Paris,02-11-2023,Premium,Platinum
702,Laura,Costa,32,Female,Spain,Seville,10-12-2022,Budget,Platinum
703,Sophie,Nilsson,19,Male,Germany,Cologne,15-12-2023,Regular,Platinum
704,Julia,Garcia,31,Female,Denmark,Copenhagen,21-08-2022,Regular,Platinum
705,Ines,Silva,48,Female,France,Paris,25-07-2024,Regular,Gold
706,Jan,Rossi,36,Female,Netherlands,Rotterdam,02-12-2024,Regular,Gold
707,Ines,Papadopoulos,19,Female,Czechia,Brno,06-08-2026,Regular,Bronze
708,Bruno,Ricci,18,Female,Czechia,Prague,28-06-2023,Budget,Platinum
709,Felix,Korhonen,52,Male,Italy,Rome,04-12-2022,Regular,Platinum
710,Francesca,Janssens,33,Male,Italy,Rome,16-08-2022,Regular,Platinum
711,Freja,Nilsson,26,Female,Greece,Thessaloniki,05-10-2023,Budget,Platinum
712,Mia,Ferrari,30,Female,Austria,Vienna,21-10-2024,Regular,Gold
713,Thomas,Bianchi,18,Male,Czechia,Brno,24-04-2022,Regular,Platinum
714,Oskar,Muller,49,Female,Finland,Helsinki,17-07-2025,Regular,Silver
715,Katerina,Nikolaou,29,Female,Czechia,Brno,24-02-2024,Premium,Platinum
716,Anna,Lefevre,49,Female,France,Paris,13-09-2025,Premium,Gold
717,Francesca,Korhonen,34,Male,Netherlands,Amsterdam,29-02-2024,Regular,Platinum
718,Leon,Ricci,49,Male,Germany,Frankfurt,22-09-2022,Regular,Platinum
719,Ines,Korhonen,36,Male,Belgium,Antwerp,06-02-2022,Regular,Platinum
720,Giulia,Virtanen,43,Male,Norway,Oslo,06-08-2024,Regular,Gold
721,Wojciech,Korhonen,41,Female,Portugal,Lisbon,08-07-2024,Budget,Gold
722,Peter,Kowalski,40,Female,Italy,Rome,18-10-2025,Regular,Silver
723,Bruno,Svoboda,37,Female,Germany,Berlin,03-02-2026,Regular,Silver
724,Oskar,Virtanen,31,Male,Norway,Oslo,02-10-2022,Regular,Platinum
725,Mia,Nowak,55,Male,Germany,Cologne,21-06-2023,Premium,Platinum
726,Jan,Nikolaou,24,Female,Germany,Berlin,20-12-2022,Regular,Platinum
727,Karl,Hansen,34,Male,France,Lyon,01-07-2022,Regular,Platinum
728,Leon,Jansen,34,Female,Germany,Berlin,05-01-2022,Budget,Platinum
729,Jan,Nielsen,38,Female,Italy,Rome,21-05-2022,Budget,Platinum
730,Elena,Papadopoulos,29,Female,Portugal,Lisbon,12-06-2024,Regular,Platinum
731,Julia,Novak,37,Male,Spain,Madrid,16-09-2022,Regular,Platinum
732,Alessandro,Berg,32,Male,Germany,Munich,28-11-2022,Budget,Platinum
733,Eleni,Garcia,18,Male,Germany,Berlin,20-07-2022,Budget,Platinum
734,Lucas,Gruber,34,Male,Spain,Seville,19-05-2025,Budget,Silver
735,Maria,Hansen,21,Male,Germany,Hamburg,19-12-2024,Regular,Gold
736,Astrid,Meyer,18,Male,Austria,Graz,28-06-2026,Regular,Bronze
737,Alicja,Virtanen,35,Male,France,Paris,09-07-2022,Regular,Platinum
738,Ines,Korhonen,39,Female,Spain,Madrid,22-12-2022,Budget,Platinum
739,Paul,Janssens,39,Male,Italy,Rome,16-02-2024,Budget,Platinum
740,Felix,Hansen,40,Male,Italy,Milan,11-01-2025,Budget,Gold
741,Paul,Janssens,18,Male,Germany,Berlin,10-08-2022,Budget,Platinum
742,Renata,Schmidt,19,Female,Germany,Berlin,27-12-2022,Budget,Platinum
743,Helena,Costa,55,Male,Sweden,Stockholm,20-12-2023,Regular,Platinum
744,Karl,Nielsen,22,Male,Germany,Berlin,31-01-2022,Premium,Platinum
745,Renata,Lefevre,40,Female,Portugal,Lisbon,05-11-2023,Regular,Platinum
746,Peter,Novak,26,Other,Italy,Rome,16-07-2025,Regular,Silver
747,Liam,Bianchi,34,Female,Spain,Madrid,16-06-2024,Budget,Gold
748,Eleni,Nikolaou,27,Female,Italy,Milan,10-01-2024,Budget,Platinum
749,Alessandro,Nilsson,40,Female,Czechia,Prague,11-04-2024,Premium,Platinum
750,Alicja,Lopez,35,Male,Sweden,Stockholm,02-06-2026,Regular,Bronze
751,Katerina,Wagner,29,Male,France,Lyon,05-06-2024,Regular,Platinum
752,Eleni,Kowalski,22,Female,Spain,Valencia,29-06-2024,Premium,Platinum
753,Freja,Berg,36,Male,France,Paris,06-05-2026,Regular,Bronze
754,Clara,Virtanen,20,Female,Italy,Milan,26-09-2022,Budget,Platinum
755,Isabel,Andersson,38,Female,Austria,Graz,13-06-2022,Regular,Platinum
756,Thomas,Kowalski,62,Male,France,Lyon,06-02-2024,Budget,Platinum
757,Tomas,Moreau,48,Male,Spain,Seville,27-06-2023,Budget,Platinum
758,Emma,Dubois,41,Male,Norway,Bergen,12-12-2022,Budget,Platinum
759,Liam,Dubois,33,Male,Germany,Berlin,23-07-2022,Premium,Platinum
760,Lucas,Novak,18,Other,Italy,Rome,05-02-2026,Regular,Silver
761,Karl,Schmidt,19,Female,Poland,Krakow,12-11-2024,Budget,Gold
762,Giulia,Peeters,48,Female,Germany,Frankfurt,23-03-2025,Budget,Silver
763,Helena,Nilsson,25,Female,Germany,Munich,21-07-2022,Regular,Platinum
764,Katerina,Wagner,26,Male,Germany,Berlin,05-08-2023,Premium,Platinum
765,Marco,Ricci,32,Male,Finland,Helsinki,23-11-2024,Budget,Gold
766,Felix,de Jong,22,Male,Germany,Berlin,18-06-2024,Budget,Gold
767,Mia,Jensen,20,Female,France,Marseille,30-03-2025,Regular,Gold
768,Dimitris,Lefevre,33,Female,Germany,Munich,14-02-2025,Premium,Gold
769,Ingrid,Nikolaou,24,Male,Germany,Hamburg,06-12-2023,Premium,Platinum
770,Lucas,Andersson,25,Other,Belgium,Antwerp,26-08-2025,Budget,Silver
771,Ville,Fernandez,25,Female,France,Lyon,19-03-2023,Budget,Platinum
772,Laura,Costa,39,Female,Netherlands,Rotterdam,17-05-2022,Regular,Platinum
773,Erik,Kowalski,31,Female,Netherlands,Rotterdam,06-04-2026,Budget,Bronze
774,Mikko,Costa,32,Female,Sweden,Gothenburg,08-02-2022,Premium,Platinum
775,Ville,Hansen,40,Female,Germany,Cologne,29-04-2023,Budget,Platinum
776,Erik,Janssens,32,Female,Sweden,Stockholm,31-01-2023,Regular,Platinum
777,Freja,Sanchez,30,Male,Belgium,Brussels,05-11-2023,Premium,Platinum
778,Julia,de Jong,39,Female,France,Paris,09-08-2022,Premium,Platinum
779,Hugo,Novak,41,Female,Poland,Wroclaw,06-03-2024,Regular,Platinum
780,Felix,Berg,32,Female,Sweden,Stockholm,30-04-2026,Premium,Silver
781,Giulia,Ricci,34,Male,France,Paris,21-08-2022,Budget,Platinum
782,Matteo,Papadopoulos,25,Female,Finland,Helsinki,28-04-2026,Budget,Bronze
783,Ville,Jensen,24,Female,Italy,Rome,02-12-2023,Budget,Platinum
784,Leon,Virtanen,42,Female,Netherlands,Rotterdam,06-10-2024,Premium,Platinum
785,Peter,Nowak,38,Male,Greece,Athens,23-01-2024,Premium,Platinum
786,Piotr,Weber,39,Male,Spain,Madrid,24-06-2023,Budget,Platinum
787,Thomas,Nikolaou,37,Female,Czechia,Brno,05-07-2022,Budget,Platinum
788,Olav,Ricci,34,Female,Spain,Valencia,08-10-2024,Regular,Gold
789,Mia,Nilsson,41,Female,Czechia,Prague,11-04-2026,Budget,Bronze
790,Oskar,Meyer,44,Male,Netherlands,Amsterdam,06-06-2024,Premium,Platinum
791,Ville,de Jong,44,Male,France,Toulouse,17-10-2024,Budget,Gold
792,Ville,Andersson,32,Female,Italy,Milan,01-01-2025,Premium,Platinum
793,Nina,Papadopoulos,49,Female,Spain,Barcelona,25-10-2023,Regular,Platinum
794,Elena,de Jong,36,Male,Germany,Berlin,25-07-2022,Regular,Platinum
795,Marie,Svoboda,40,Male,Germany,Berlin,13-05-2024,Budget,Gold
796,Emma,Nilsson,37,Female,Spain,Madrid,20-01-2026,Premium,Silver
797,Henrik,Rossi,36,Female,Germany,Hamburg,20-06-2023,Regular,Platinum
798,Aino,Rossi,25,Female,France,Paris,24-01-2026,Budget,Bronze
799,Nikos,Nilsson,41,Male,Poland,Warsaw,26-12-2025,Regular,Silver
800,Luis,Rossi,65,Male,Poland,Krakow,22-02-2023,Premium,Platinum
801,Ines,Lefevre,29,Male,Poland,Wroclaw,06-09-2024,Premium,Platinum
802,Julia,Svoboda,34,Male,Spain,Valencia,27-06-2025,Premium,Gold
803,Anna,Hansen,29,Female,Denmark,Copenhagen,23-04-2024,Regular,Platinum
804,Erik,Wagner,28,Female,Netherlands,Amsterdam,06-04-2025,Premium,Gold
805,Lucas,Jansen,50,Female,Germany,Berlin,02-04-2026,Regular,Silver
806,Noah,Novak,26,Male,Germany,Berlin,04-12-2024,Regular,Gold
807,Aino,Berg,28,Male,Austria,Vienna,28-11-2025,Regular,Silver
808,Luis,Wagner,18,Female,France,Paris,26-09-2025,Regular,Silver
809,Eleni,de Jong,25,Female,Portugal,Lisbon,17-10-2025,Premium,Gold
810,Laura,Fernandez,18,Male,Greece,Thessaloniki,23-12-2025,Premium,Gold
811,Hugo,Andersson,40,Male,Germany,Frankfurt,20-01-2023,Regular,Platinum
812,Katerina,Korhonen,64,Male,Germany,Berlin,01-02-2022,Regular,Platinum
813,Sara,Andersson,29,Female,Greece,Athens,18-09-2022,Premium,Platinum
814,Carlos,Costa,18,Male,Netherlands,Amsterdam,02-03-2023,Premium,Platinum
815,Elena,Costa,43,Male,Germany,Berlin,21-03-2025,Premium,Gold
816,Laura,Gruber,26,Male,Denmark,Copenhagen,18-05-2024,Budget,Gold
817,Noah,Janssens,48,Male,Denmark,Copenhagen,09-03-2024,Regular,Platinum
818,Alicja,Ricci,30,Male,Portugal,Porto,16-01-2022,Premium,Platinum
819,Paul,Weber,27,Male,Belgium,Brussels,11-03-2025,Regular,Gold
820,Laura,Peeters,32,Male,France,Toulouse,13-09-2023,Regular,Platinum
821,Carlos,Costa,42,Female,Germany,Berlin,20-07-2025,Regular,Silver
822,Eleni,Nielsen,31,Female,Netherlands,Amsterdam,12-07-2022,Regular,Platinum
823,Jan,Lopez,28,Male,Spain,Madrid,19-05-2023,Regular,Platinum
824,Freja,Nowak,31,Male,Austria,Vienna,04-04-2022,Premium,Platinum
825,Karl,Korhonen,20,Female,Sweden,Stockholm,01-05-2023,Budget,Platinum
826,Karl,Martin,38,Female,Germany,Frankfurt,23-04-2026,Regular,Silver
827,Dimitris,Andersson,18,Male,Netherlands,Amsterdam,16-04-2024,Regular,Platinum
828,Hugo,Dubois,29,Male,France,Paris,20-01-2024,Premium,Platinum
829,Alicja,Fernandez,42,Male,Denmark,Copenhagen,12-04-2023,Regular,Platinum
830,Luis,Jensen,37,Female,France,Lyon,28-03-2023,Regular,Platinum
831,Mia,Ricci,40,Male,Belgium,Brussels,11-02-2025,Budget,Gold
832,Maria,Schmidt,33,Male,Netherlands,Amsterdam,06-08-2026,Budget,Bronze
833,Lucas,Rossi,46,Female,Italy,Naples,26-06-2025,Regular,Gold
834,Giulia,Nikolaou,44,Female,Austria,Vienna,09-06-2025,Budget,Silver
835,Lucas,Jensen,38,Other,Poland,Warsaw,15-03-2024,Premium,Platinum
836,Marco,Gruber,44,Female,Netherlands,Rotterdam,18-06-2022,Premium,Platinum
837,Sara,Lefevre,42,Male,Poland,Wroclaw,18-05-2025,Budget,Silver
838,Giulia,Gruber,29,Male,Greece,Athens,10-10-2025,Premium,Gold
839,Ingrid,Ferrari,19,Male,Italy,Milan,19-05-2024,Regular,Platinum
840,Dimitris,Janssens,38,Female,Portugal,Lisbon,05-06-2022,Regular,Platinum
841,Mia,Muller,40,Male,Germany,Berlin,29-04-2025,Premium,Gold
842,Maja,Garcia,45,Female,Czechia,Prague,19-04-2026,Regular,Silver
843,Aino,de Jong,23,Male,Portugal,Porto,19-01-2023,Budget,Platinum
844,Emma,Ricci,24,Female,Italy,Rome,29-09-2022,Budget,Platinum
845,Lars,Fernandez,39,Male,Germany,Hamburg,12-06-2025,Regular,Gold
846,Maja,Gruber,33,Male,Denmark,Copenhagen,20-07-2023,Premium,Platinum
847,Anna,Moreau,18,Female,Italy,Naples,03-05-2025,Regular,Gold
848,Freja,Ricci,38,Female,Austria,Graz,13-04-2025,Regular,Gold
849,Marie,Silva,18,Male,Germany,Berlin,31-03-2023,Budget,Platinum
850,Felix,Moreau,23,Female,Greece,Athens,14-03-2022,Premium,Platinum
851,Julia,Ricci,48,Female,France,Paris,05-08-2024,Regular,Gold
852,Isabel,Sanchez,54,Female,France,Marseille,26-11-2023,Premium,Platinum
853,Sophie,Nielsen,20,Male,Sweden,Stockholm,28-12-2025,Regular,Silver
854,Emma,Weber,30,Male,Finland,Helsinki,02-09-2023,Budget,Platinum
855,Ana,Nilsson,34,Female,France,Paris,02-03-2023,Budget,Platinum
856,Helena,Jensen,53,Other,Italy,Naples,05-01-2026,Regular,Silver
857,Lucas,Silva,28,Female,Poland,Warsaw,08-06-2025,Regular,Gold
858,Katerina,Nilsson,28,Female,Denmark,Copenhagen,19-11-2024,Regular,Gold
859,Mikko,Korhonen,51,Female,Spain,Seville,14-06-2026,Premium,Silver
860,Clara,Moreau,29,Female,Portugal,Lisbon,27-08-2025,Budget,Silver
861,Eleni,Martin,41,Female,Poland,Wroclaw,16-01-2026,Regular,Silver
862,Astrid,Fernandez,18,Male,Poland,Warsaw,23-09-2025,Budget,Silver
863,Ingrid,Muller,32,Female,Czechia,Prague,16-11-2023,Budget,Platinum
864,Clara,Lopez,18,Male,Netherlands,The Hague,17-04-2022,Regular,Platinum
865,Kari,Martin,22,Female,Germany,Hamburg,31-10-2024,Regular,Gold
866,Erik,Meyer,43,Female,Finland,Tampere,27-07-2025,Premium,Gold
867,Nikos,Janssens,33,Female,Sweden,Stockholm,17-08-2026,Budget,Bronze
868,Piotr,de Jong,30,Male,Czechia,Prague,07-03-2025,Regular,Gold
869,Renata,Moreau,25,Male,Germany,Berlin,26-08-2024,Budget,Gold
870,Eva,Berg,31,Female,France,Lyon,08-09-2024,Premium,Platinum
871,Helena,Andersson,37,Female,Poland,Warsaw,16-07-2022,Regular,Platinum
872,Erik,Ferrari,44,Female,Germany,Berlin,13-01-2022,Premium,Platinum
873,Sara,Papadopoulos,18,Male,Greece,Athens,19-03-2022,Budget,Platinum
874,Noah,Virtanen,24,Female,Spain,Madrid,22-03-2026,Budget,Bronze
875,Mia,Peeters,35,Male,Poland,Warsaw,08-09-2025,Premium,Gold
876,Zofia,Moreau,32,Female,Denmark,Copenhagen,20-03-2023,Regular,Platinum
877,Sara,Berg,38,Female,Italy,Naples,23-12-2023,Regular,Platinum
878,Noah,Weber,36,Male,Spain,Barcelona,04-04-2024,Regular,Platinum
879,Laura,Lefevre,30,Female,Netherlands,Amsterdam,25-02-2023,Premium,Platinum
880,Marie,Andersson,28,Female,Netherlands,Rotterdam,22-12-2023,Budget,Platinum
881,Ana,Janssens,31,Male,Italy,Naples,16-08-2023,Premium,Platinum
882,Isabel,Weber,46,Female,Netherlands,Amsterdam,29-03-2025,Regular,Gold
883,Felix,Moreau,25,Female,Norway,Oslo,14-07-2025,Budget,Silver
884,Olav,Garcia,33,Female,Italy,Rome,17-06-2022,Regular,Platinum
885,Dimitris,Virtanen,36,Male,France,Paris,03-03-2024,Budget,Platinum
886,Zofia,Jensen,51,Male,Spain,Valencia,17-08-2026,Premium,Silver
887,Kari,Papadopoulos,30,Female,Italy,Turin,19-01-2026,Premium,Silver
888,Liam,Moreau,44,Male,Germany,Berlin,14-09-2025,Premium,Gold
889,Paul,Costa,47,Male,France,Marseille,06-06-2025,Premium,Gold
890,Kari,Moreau,33,Male,Austria,Vienna,08-01-2022,Regular,Platinum
891,Carlos,Virtanen,31,Male,Spain,Barcelona,18-07-2026,Regular,Bronze
892,Kari,Martin,30,Male,Norway,Bergen,06-06-2025,Premium,Gold
893,Karl,Svoboda,31,Male,France,Paris,23-02-2026,Budget,Bronze
894,Lucas,Fernandez,43,Female,Germany,Berlin,29-03-2026,Premium,Silver
895,Aino,Lefevre,36,Female,Poland,Krakow,10-03-2023,Regular,Platinum
896,Aino,Nikolaou,36,Male,Denmark,Aarhus,24-01-2022,Regular,Platinum
897,Francesca,Meyer,21,Female,France,Paris,28-01-2025,Budget,Gold
898,Oskar,Jensen,23,Male,France,Paris,22-02-2024,Budget,Platinum
899,Anna,Wagner,57,Female,France,Paris,05-02-2022,Budget,Platinum
900,Ingrid,Kowalski,32,Male,Portugal,Lisbon,07-04-2023,Regular,Platinum
901,Alessandro,Weber,25,Female,Italy,Milan,16-08-2026,Budget,Bronze
902,Erik,Fernandez,49,Male,France,Marseille,12-09-2023,Budget,Platinum
903,Marco,Ferrari,37,Female,Germany,Hamburg,21-03-2023,Budget,Platinum
904,Ingrid,Kowalski,40,Female,Italy,Turin,20-01-2025,Regular,Gold
905,Ingrid,Jensen,32,Male,Norway,Bergen,06-02-2025,Regular,Gold
906,Peter,Korhonen,30,Male,Belgium,Brussels,20-07-2023,Premium,Platinum
907,Luis,Martin,32,Male,Italy,Milan,17-12-2025,Budget,Silver
908,Ingrid,Fernandez,18,Other,Germany,Berlin,15-09-2024,Regular,Gold
909,Oskar,Rossi,33,Female,France,Paris,01-10-2022,Budget,Platinum
910,Freja,Nikolaou,37,Male,Spain,Seville,08-07-2023,Regular,Platinum
911,Freja,Dubois,54,Female,Poland,Krakow,15-12-2025,Regular,Silver
912,Ville,Nielsen,34,Male,Denmark,Aarhus,02-06-2022,Regular,Platinum
913,Peter,Garcia,18,Female,Finland,Helsinki,21-01-2022,Budget,Platinum
914,Anna,Nikolaou,32,Female,Greece,Athens,23-01-2025,Regular,Gold
915,Ville,Moreau,64,Male,Greece,Athens,24-01-2024,Budget,Platinum
916,Aino,Wagner,43,Male,Norway,Oslo,07-03-2023,Regular,Platinum
917,Carlos,Silva,25,Female,Germany,Berlin,15-03-2024,Budget,Gold
918,Ana,Kowalski,40,Male,Germany,Munich,09-11-2022,Regular,Platinum
919,Ingrid,Hansen,25,Male,Spain,Madrid,30-09-2023,Budget,Platinum
920,Katerina,Berg,19,Female,Netherlands,The Hague,03-02-2023,Regular,Platinum
921,Oskar,Virtanen,30,Male,Germany,Berlin,26-09-2024,Regular,Gold
922,Mikko,Jensen,35,Female,Sweden,Stockholm,21-02-2025,Budget,Gold
923,Aino,Nielsen,18,Female,Belgium,Antwerp,08-04-2026,Budget,Bronze
924,Jan,Silva,21,Male,Netherlands,Amsterdam,26-04-2022,Budget,Platinum
925,Henrik,Ricci,34,Female,France,Toulouse,12-07-2023,Regular,Platinum
926,Ines,Weber,29,Female,France,Marseille,27-03-2023,Premium,Platinum
927,Hugo,Jensen,38,Male,France,Paris,14-09-2024,Premium,Platinum
928,Eva,Bianchi,20,Female,Sweden,Gothenburg,27-06-2024,Budget,Gold
929,Thomas,Nielsen,41,Male,Netherlands,Rotterdam,04-02-2026,Budget,Bronze
930,Jan,Nowak,20,Male,Poland,Krakow,16-04-2026,Regular,Silver
931,Paul,Nilsson,52,Female,Spain,Valencia,10-08-2025,Budget,Silver
932,Eleni,Hansen,18,Male,Spain,Barcelona,05-12-2022,Budget,Platinum
933,Elena,Ricci,21,Female,Italy,Milan,11-03-2022,Regular,Platinum
934,Elena,Nowak,38,Male,Poland,Warsaw,13-03-2026,Regular,Silver
935,Maja,Berg,52,Female,Poland,Krakow,26-05-2026,Budget,Bronze
936,Laura,Martin,37,Male,France,Toulouse,03-03-2023,Budget,Platinum
937,Julia,Dubois,40,Female,Norway,Oslo,21-03-2022,Regular,Platinum
938,Katarina,Rossi,34,Male,Germany,Hamburg,05-03-2025,Budget,Gold
939,Isabel,Jensen,22,Female,Denmark,Copenhagen,30-09-2024,Regular,Gold
940,Anna,Costa,28,Female,Germany,Hamburg,23-02-2026,Regular,Silver
941,Noah,Kowalski,20,Female,France,Toulouse,07-09-2024,Budget,Gold
942,Mikko,Fernandez,19,Male,Sweden,Stockholm,19-07-2025,Budget,Silver
943,Paul,Costa,38,Other,France,Paris,02-09-2025,Premium,Gold
944,Elena,Muller,21,Female,Italy,Milan,17-01-2022,Budget,Platinum
945,Alessandro,Lopez,37,Female,Italy,Milan,10-09-2022,Regular,Platinum
946,Astrid,Nowak,19,Female,France,Lyon,22-08-2025,Budget,Silver
947,Maja,Rossi,37,Female,Poland,Warsaw,02-11-2022,Budget,Platinum
948,Olav,Svoboda,28,Male,Sweden,Stockholm,18-12-2022,Regular,Platinum
949,Alicja,Weber,49,Male,Denmark,Copenhagen,05-07-2025,Regular,Gold
950,Noah,Sanchez,37,Male,Spain,Barcelona,15-12-2022,Regular,Platinum
951,Aino,Ferrari,47,Female,Portugal,Lisbon,12-09-2022,Premium,Platinum
952,Renata,Wagner,25,Female,France,Marseille,23-01-2022,Premium,Platinum
953,Helena,Janssens,34,Male,France,Lyon,10-03-2024,Premium,Platinum
954,Noah,Peeters,23,Female,France,Marseille,21-12-2024,Regular,Gold
955,Maria,Jansen,29,Male,Norway,Oslo,31-05-2025,Regular,Gold
956,Matteo,Meyer,31,Female,Denmark,Copenhagen,24-03-2026,Regular,Silver
957,Liam,Fernandez,26,Female,Poland,Krakow,14-01-2025,Budget,Gold
958,Zofia,Bianchi,20,Male,Portugal,Lisbon,12-07-2025,Regular,Silver
959,Noah,Meyer,18,Female,Italy,Rome,25-12-2022,Regular,Platinum
960,Paul,Bianchi,18,Other,Portugal,Lisbon,04-08-2023,Budget,Platinum
961,Bruno,Nielsen,22,Female,Portugal,Porto,02-06-2023,Premium,Platinum
962,Maria,Bianchi,40,Female,Italy,Milan,21-04-2022,Premium,Platinum
963,Erik,Schmidt,18,Female,Germany,Berlin,10-07-2026,Budget,Bronze
964,Eleni,Sanchez,18,Female,Germany,Munich,16-02-2023,Premium,Platinum
965,Kari,Svoboda,53,Male,Norway,Oslo,04-02-2024,Budget,Platinum
966,Liam,Lefevre,26,Female,Italy,Naples,17-03-2022,Budget,Platinum
967,Erik,Martin,37,Male,Norway,Bergen,20-03-2026,Regular,Silver
968,Sophie,Weber,41,Male,France,Lyon,10-01-2023,Regular,Platinum
969,Marco,Nilsson,41,Female,Netherlands,Rotterdam,21-06-2022,Regular,Platinum
970,Nikos,Martin,18,Female,France,Paris,07-08-2023,Premium,Platinum
971,Piotr,Svoboda,31,Female,France,Paris,02-09-2022,Budget,Platinum
972,Elena,Schmidt,18,Male,Germany,Cologne,31-08-2026,Budget,Bronze
973,Aino,Martin,60,Male,Germany,Hamburg,19-11-2022,Regular,Platinum
974,Leon,Andersson,18,Female,Finland,Helsinki,31-05-2023,Budget,Platinum
975,Peter,Sanchez,22,Male,Spain,Madrid,08-04-2023,Regular,Platinum
976,Anna,Garcia,22,Female,Netherlands,Amsterdam,14-02-2022,Budget,Platinum
977,Thomas,Costa,18,Female,Italy,Rome,22-01-2022,Premium,Platinum
978,Clara,Gruber,48,Female,Italy,Rome,24-05-2024,Regular,Platinum
979,Isabel,Andersson,60,Other,Portugal,Lisbon,01-02-2023,Budget,Platinum
980,Oskar,Muller,28,Female,France,Toulouse,23-05-2022,Budget,Platinum
981,Elena,Virtanen,19,Female,Greece,Athens,12-05-2023,Budget,Platinum
982,Luis,Novak,18,Female,Czechia,Prague,13-04-2023,Premium,Platinum
983,Zofia,Lefevre,31,Male,Poland,Warsaw,24-12-2023,Regular,Platinum
984,Hugo,Jansen,30,Female,Italy,Rome,19-08-2026,Regular,Bronze
985,Nina,Novak,26,Female,Germany,Cologne,07-06-2023,Budget,Platinum
986,Dimitris,Martin,36,Female,Finland,Helsinki,15-04-2025,Premium,Gold
987,Ingrid,Meyer,38,Male,Spain,Valencia,02-08-2025,Budget,Silver
988,Hugo,Sanchez,37,Female,Germany,Hamburg,28-03-2022,Regular,Platinum
989,Laura,Janssens,30,Male,Spain,Madrid,04-05-2024,Premium,Platinum
990,Thomas,Nowak,21,Female,Czechia,Prague,04-02-2024,Budget,Platinum
991,Giulia,Bianchi,41,Female,Belgium,Antwerp,15-05-2024,Regular,Platinum
992,Liam,Jansen,34,Male,Poland,Warsaw,20-10-2022,Budget,Platinum
993,Alessandro,Silva,43,Male,Czechia,Prague,03-03-2024,Regular,Platinum
994,Alicja,Costa,42,Female,France,Toulouse,29-07-2022,Premium,Platinum
995,Ines,Hansen,18,Male,Finland,Tampere,31-05-2026,Regular,Bronze
996,Peter,Silva,18,Male,Italy,Milan,27-09-2024,Regular,Gold
997,Henrik,Martin,25,Female,Belgium,Brussels,28-02-2022,Regular,Platinum
998,Mikko,Rossi,22,Male,Germany,Berlin,11-05-2024,Budget,Gold
999,Tomas,Moreau,42,Male,Greece,Thessaloniki,28-04-2026,Regular,Silver
1000,Thomas,Ferrari,37,Female,France,Lyon,19-06-2025,Regular,Gold
1001,Peter,Lefevre,46,Male,Germany,Berlin,11-04-2023,Budget,Platinum
1002,Marco,de Jong,38,Female,Italy,Milan,01-03-2026,Regular,Silver
1003,Ines,Kowalski,36,Female,Germany,Frankfurt,13-11-2022,Regular,Platinum
1004,Maria,Novak,47,Other,Germany,Cologne,25-02-2023,Regular,Platinum
1005,Olav,Svoboda,39,Male,Belgium,Brussels,22-09-2022,Budget,Platinum
1006,Luis,Schmidt,34,Male,Italy,Rome,22-04-2026,Premium,Silver
1007,Maria,Jensen,50,Male,Finland,Tampere,06-05-2025,Regular,Gold
1008,Felix,Schmidt,35,Male,Spain,Seville,01-06-2024,Budget,Gold
1009,Isabel,de Jong,30,Female,Poland,Warsaw,12-02-2025,Budget,Gold
1010,Dimitris,Jansen,24,Other,Italy,Milan,18-03-2023,Regular,Platinum
1011,Dimitris,Korhonen,41,Male,Belgium,Brussels,01-05-2022,Regular,Platinum
1012,Isabel,Meyer,47,Male,Netherlands,Amsterdam,12-12-2025,Regular,Silver
1013,Giulia,Hansen,33,Female,Italy,Rome,02-07-2026,Budget,Bronze
1014,Ines,Kowalski,48,Female,Norway,Oslo,02-03-2022,Regular,Platinum
1015,Hugo,Svoboda,18,Female,Spain,Madrid,30-03-2022,Regular,Platinum
1016,Clara,Svoboda,33,Female,France,Marseille,11-08-2024,Regular,Gold
1017,Oskar,Fernandez,33,Female,Austria,Vienna,15-03-2022,Premium,Platinum
1018,Elena,Lefevre,26,Male,Sweden,Stockholm,14-05-2025,Budget,Silver
1019,Marco,Meyer,60,Male,Germany,Munich,30-05-2026,Budget,Bronze
1020,Zofia,Costa,33,Female,Italy,Rome,23-04-2023,Regular,Platinum
1021,Paul,Garcia,29,Female,Denmark,Copenhagen,17-05-2023,Regular,Platinum
1022,Olav,Rossi,34,Male,Poland,Krakow,11-01-2026,Budget,Bronze
1023,Mia,Nielsen,18,Female,Greece,Athens,30-08-2023,Regular,Platinum
1024,Bruno,Schmidt,25,Male,Portugal,Lisbon,14-02-2023,Budget,Platinum
1025,Jan,Martin,44,Female,Belgium,Antwerp,24-05-2022,Regular,Platinum
1026,Maja,Virtanen,27,Female,Spain,Madrid,02-12-2025,Regular,Silver
1027,Ville,Fernandez,24,Female,Norway,Bergen,27-04-2026,Premium,Silver
1028,Jan,Dubois,48,Male,Spain,Seville,14-05-2022,Regular,Platinum
1029,Carlos,Muller,48,Female,Poland,Wroclaw,30-09-2025,Regular,Silver
1030,Aino,Hansen,39,Male,Italy,Milan,30-09-2022,Regular,Platinum
1031,Marie,Janssens,28,Female,Netherlands,Rotterdam,25-08-2022,Regular,Platinum
1032,Marie,de Jong,31,Female,Poland,Krakow,12-10-2023,Budget,Platinum
1033,Aino,Virtanen,25,Male,Portugal,Porto,15-01-2024,Premium,Platinum
1034,Nina,Rossi,23,Female,Finland,Helsinki,26-12-2025,Budget,Silver
1035,Katarina,Svoboda,22,Female,Italy,Turin,07-04-2025,Regular,Gold
1036,Renata,Novak,27,Male,Belgium,Brussels,04-09-2022,Budget,Platinum
1037,Eva,Korhonen,22,Male,Spain,Valencia,22-09-2024,Regular,Gold
1038,Helena,Nielsen,18,Female,Italy,Rome,31-01-2026,Budget,Bronze
1039,Henrik,Korhonen,36,Female,Italy,Rome,02-02-2025,Premium,Gold
1040,Maja,Silva,36,Other,Germany,Munich,27-01-2023,Regular,Platinum
1041,Helena,Fernandez,52,Male,Germany,Munich,08-08-2022,Budget,Platinum
1042,Karl,Andersson,26,Male,Austria,Vienna,11-02-2024,Regular,Platinum
1043,Isabel,Dubois,37,Male,Belgium,Brussels,15-03-2024,Regular,Platinum
1044,Anna,Nowak,37,Male,Austria,Vienna,25-08-2023,Regular,Platinum
1045,Zofia,Nielsen,31,Female,Germany,Munich,06-07-2022,Budget,Platinum
1046,Isabel,Sanchez,42,Female,Spain,Madrid,21-07-2022,Regular,Platinum
1047,Wojciech,Virtanen,42,Male,France,Toulouse,20-06-2024,Regular,Platinum
1048,Sara,Moreau,37,Male,Poland,Warsaw,29-05-2026,Regular,Bronze
1049,Leon,Nilsson,31,Male,Sweden,Stockholm,15-10-2024,Premium,Platinum
1050,Ana,Kowalski,30,Male,France,Paris,17-01-2024,Budget,Platinum
1051,Peter,Costa,18,Female,Austria,Vienna,06-05-2026,Budget,Bronze
1052,Carlos,Korhonen,25,Male,Germany,Munich,22-03-2025,Regular,Gold
1053,Aino,Lopez,27,Male,France,Lyon,08-05-2025,Budget,Silver
1054,Jan,Peeters,21,Female,Germany,Frankfurt,07-09-2024,Budget,Gold
1055,Ville,Dubois,38,Male,France,Paris,23-07-2025,Regular,Silver
1056,Ingrid,Muller,47,Male,Austria,Graz,04-05-2024,Budget,Gold
1057,Tomas,Virtanen,24,Female,Finland,Helsinki,26-11-2024,Budget,Gold
1058,Sophie,Korhonen,37,Male,France,Paris,16-11-2024,Regular,Gold
1059,Maja,Garcia,22,Male,Netherlands,Amsterdam,06-07-2025,Regular,Gold
1060,Emma,Muller,30,Male,Poland,Warsaw,11-03-2026,Premium,Silver
1061,Oskar,Virtanen,26,Female,Norway,Oslo,17-05-2023,Regular,Platinum
1062,Kari,Wagner,40,Male,Belgium,Antwerp,06-04-2025,Regular,Gold
1063,Francesca,Wagner,26,Female,France,Marseille,23-02-2022,Budget,Platinum
1064,Kari,Costa,45,Male,Belgium,Brussels,26-06-2024,Premium,Platinum
1065,Olav,Berg,31,Female,Spain,Barcelona,12-03-2026,Budget,Bronze
1066,Helena,Papadopoulos,26,Male,Greece,Athens,04-01-2025,Budget,Gold
1067,Eva,Schmidt,20,Male,Italy,Rome,02-04-2023,Regular,Platinum
1068,Isabel,Martin,36,Male,Austria,Vienna,30-10-2024,Regular,Gold
1069,Eva,Nilsson,43,Male,Germany,Munich,02-09-2023,Regular,Platinum
1070,Lucas,Jensen,37,Female,Italy,Turin,09-01-2024,Budget,Platinum
1071,Ingrid,Fernandez,58,Male,Denmark,Copenhagen,24-01-2023,Budget,Platinum
1072,Ana,Rossi,49,Female,Belgium,Brussels,30-11-2024,Regular,Gold
1073,Zofia,Korhonen,30,Male,Italy,Naples,04-12-2022,Regular,Platinum
1074,Nikos,Nowak,30,Female,Norway,Bergen,26-01-2024,Regular,Platinum
1075,Marco,Garcia,39,Male,Sweden,Stockholm,20-05-2026,Budget,Bronze
1076,Ingrid,Nielsen,24,Female,Spain,Barcelona,14-07-2025,Budget,Silver
1077,Zofia,Dubois,46,Male,Netherlands,Rotterdam,08-12-2023,Regular,Platinum
1078,Anna,Silva,37,Male,Italy,Naples,10-07-2026,Regular,Bronze
1079,Sophie,Berg,36,Female,Belgium,Brussels,24-01-2022,Budget,Platinum
1080,Alessandro,Silva,41,Female,Spain,Seville,24-06-2026,Budget,Bronze
1081,Maria,Dubois,52,Male,France,Paris,24-08-2023,Regular,Platinum
1082,Carlos,Lefevre,35,Male,Finland,Tampere,30-10-2025,Budget,Silver
1083,Emma,Silva,32,Female,Finland,Helsinki,03-06-2026,Regular,Bronze
1084,Luis,Svoboda,50,Female,Sweden,Stockholm,22-10-2024,Budget,Gold
1085,Luis,Sanchez,44,Female,Greece,Athens,06-11-2024,Regular,Gold
1086,Astrid,Moreau,30,Male,Poland,Warsaw,30-06-2025,Premium,Gold
1087,Maja,Lopez,34,Male,Poland,Warsaw,13-02-2023,Premium,Platinum
1088,Karl,Peeters,36,Female,Poland,Warsaw,31-10-2022,Premium,Platinum
1089,Liam,Bianchi,37,Male,Italy,Rome,09-08-2023,Budget,Platinum
1090,Luis,Muller,19,Male,Italy,Rome,27-03-2024,Budget,Gold
1091,Francesca,Peeters,18,Male,France,Marseille,19-06-2025,Budget,Silver
1092,Paul,Ricci,24,Female,Belgium,Antwerp,15-03-2023,Regular,Platinum
1093,Ingrid,Andersson,23,Female,France,Lyon,20-08-2024,Budget,Gold
1094,Wojciech,Ferrari,26,Female,France,Paris,06-01-2022,Budget,Platinum
1095,Marco,Nikolaou,40,Female,Netherlands,Amsterdam,22-02-2022,Budget,Platinum
1096,Luis,Moreau,32,Female,Italy,Turin,06-07-2026,Budget,Bronze
1097,Freja,Fernandez,36,Female,France,Paris,19-12-2025,Regular,Silver
1098,Marie,Papadopoulos,20,Female,Czechia,Prague,11-01-2026,Regular,Silver
1099,Marco,Berg,28,Male,Sweden,Gothenburg,15-07-2023,Regular,Platinum
1100,Maja,Nowak,40,Female,France,Toulouse,25-05-2024,Premium,Platinum
1101,Hugo,Martin,40,Male,Germany,Berlin,23-02-2025,Budget,Gold
1102,Sara,Martin,26,Female,Spain,Barcelona,10-03-2023,Budget,Platinum
1103,Hugo,Meyer,35,Male,Czechia,Prague,22-06-2025,Regular,Gold
1104,Tomas,Jansen,58,Female,Sweden,Gothenburg,26-03-2025,Premium,Gold
1105,Isabel,Virtanen,33,Male,Germany,Berlin,25-11-2023,Regular,Platinum
1106,Ines,Weber,26,Male,Poland,Warsaw,11-01-2024,Budget,Platinum
1107,Ville,Novak,32,Female,Germany,Munich,08-06-2023,Premium,Platinum
1108,Marie,Ricci,35,Male,Italy,Rome,30-09-2025,Regular,Silver
1109,Isabel,Novak,32,Female,Greece,Athens,09-08-2026,Regular,Bronze
1110,Freja,Silva,33,Male,France,Paris,31-08-2026,Regular,Bronze
1111,Mikko,Rossi,18,Female,Germany,Cologne,07-08-2025,Premium,Gold
1112,Laura,Lopez,23,Female,Italy,Naples,18-08-2023,Regular,Platinum
1113,Isabel,Janssens,32,Female,Belgium,Brussels,23-08-2025,Premium,Gold
1114,Ville,Hansen,32,Male,Norway,Bergen,21-02-2023,Budget,Platinum
1115,Aino,Berg,27,Female,Greece,Athens,08-03-2026,Regular,Silver
1116,Marco,Andersson,32,Male,Germany,Munich,01-04-2023,Premium,Platinum
1117,Bruno,Andersson,34,Female,Germany,Berlin,18-11-2023,Regular,Platinum
1118,Paul,Rossi,43,Female,Czechia,Brno,09-06-2022,Regular,Platinum
1119,Maja,Andersson,32,Female,France,Marseille,19-05-2022,Premium,Platinum
1120,Julia,Papadopoulos,38,Male,Denmark,Aarhus,03-11-2023,Budget,Platinum
1121,Hugo,Ricci,28,Male,Austria,Graz,26-07-2024,Regular,Gold
1122,Nina,Silva,40,Female,Germany,Frankfurt,30-01-2022,Premium,Platinum
1123,Hugo,Hansen,38,Male,Sweden,Stockholm,12-12-2025,Premium,Gold
1124,Ingrid,Moreau,43,Female,France,Toulouse,14-07-2022,Premium,Platinum
1125,Isabel,Gruber,41,Female,Italy,Milan,29-08-2026,Premium,Silver
1126,Maja,Sanchez,40,Male,Netherlands,Amsterdam,08-04-2023,Budget,Platinum
1127,Carlos,Rossi,32,Female,Portugal,Lisbon,08-10-2023,Premium,Platinum
1128,Giulia,Nilsson,36,Female,Austria,Vienna,30-09-2022,Regular,Platinum
1129,Julia,Weber,45,Male,Belgium,Brussels,05-11-2025,Regular,Silver
1130,Clara,Kowalski,26,Female,Greece,Athens,01-06-2025,Budget,Silver
1131,Eva,Svoboda,27,Male,Greece,Athens,14-05-2022,Regular,Platinum
1132,Anna,Fernandez,35,Male,Portugal,Lisbon,29-06-2022,Regular,Platinum
1133,Zofia,Andersson,38,Male,Germany,Cologne,03-11-2024,Premium,Platinum
1134,Zofia,Jensen,24,Male,Poland,Krakow,15-01-2026,Budget,Bronze
1135,Nina,Moreau,33,Male,Greece,Athens,07-07-2022,Budget,Platinum
1136,Ines,Ricci,32,Female,Spain,Madrid,12-01-2023,Regular,Platinum
1137,Jan,Janssens,18,Male,Italy,Rome,18-07-2024,Budget,Gold
1138,Maria,Virtanen,31,Male,Italy,Rome,05-07-2022,Regular,Platinum
1139,Jan,Weber,32,Male,Germany,Cologne,03-06-2023,Budget,Platinum
1140,Aino,Costa,32,Female,Austria,Vienna,18-01-2022,Regular,Platinum
1141,Maja,Hansen,49,Male,Spain,Barcelona,30-04-2024,Budget,Gold
1142,Bruno,Ferrari,20,Male,Czechia,Brno,03-05-2025,Budget,Silver
1143,Peter,Virtanen,24,Female,Sweden,Stockholm,04-12-2023,Regular,Platinum
1144,Oskar,Kowalski,18,Male,Sweden,Gothenburg,14-03-2023,Budget,Platinum
1145,Isabel,Silva,28,Female,Italy,Rome,25-12-2023,Budget,Platinum
1146,Marie,de Jong,29,Female,Spain,Seville,18-05-2024,Budget,Gold
1147,Liam,Schmidt,28,Male,Poland,Krakow,10-10-2022,Budget,Platinum
1148,Nikos,Fernandez,46,Female,Czechia,Brno,10-07-2022,Regular,Platinum
1149,Dimitris,Kowalski,43,Female,Italy,Milan,06-11-2022,Budget,Platinum
1150,Maja,Fernandez,34,Female,Denmark,Aarhus,06-08-2026,Regular,Bronze
1151,Emma,Muller,29,Female,Germany,Frankfurt,16-05-2025,Regular,Gold
1152,Astrid,Hansen,45,Male,Denmark,Copenhagen,02-08-2022,Regular,Platinum
1153,Oskar,Dubois,33,Male,Germany,Cologne,29-05-2023,Regular,Platinum
1154,Dimitris,Fernandez,24,Male,Germany,Hamburg,03-12-2023,Budget,Platinum
1155,Oskar,Jensen,18,Female,Portugal,Lisbon,05-11-2022,Premium,Platinum
1156,Eleni,Weber,29,Male,Germany,Frankfurt,22-12-2025,Regular,Silver
1157,Francesca,Berg,42,Male,Germany,Berlin,22-05-2026,Budget,Bronze
1158,Kari,Schmidt,59,Male,Germany,Munich,22-02-2023,Premium,Platinum
1159,Carlos,Rossi,34,Female,Italy,Rome,29-01-2022,Regular,Platinum
1160,Elena,Papadopoulos,25,Female,Poland,Warsaw,31-03-2023,Regular,Platinum
1161,Eva,Berg,20,Male,Germany,Cologne,19-09-2024,Regular,Gold
1162,Clara,Gruber,40,Male,Belgium,Brussels,09-10-2025,Budget,Silver
1163,Anna,Lefevre,18,Female,Sweden,Stockholm,02-08-2023,Regular,Platinum
1164,Lucas,Ferrari,40,Male,France,Paris,11-04-2023,Regular,Platinum
1165,Ville,Papadopoulos,42,Female,Germany,Munich,01-03-2023,Regular,Platinum
1166,Maja,Papadopoulos,38,Female,Sweden,Gothenburg,05-01-2022,Budget,Platinum
1167,Marie,Nikolaou,31,Male,Sweden,Gothenburg,24-01-2022,Budget,Platinum
1168,Mikko,Fernandez,40,Male,Portugal,Lisbon,31-12-2023,Premium,Platinum
1169,Leon,Hansen,35,Female,Czechia,Prague,18-11-2024,Budget,Gold
1170,Bruno,Weber,25,Male,Germany,Munich,22-01-2022,Budget,Platinum
1171,Eva,Silva,54,Male,Italy,Milan,08-12-2022,Premium,Platinum
1172,Lucas,Muller,30,Female,Poland,Warsaw,31-03-2026,Regular,Silver
1173,Freja,Janssens,42,Male,France,Paris,15-08-2026,Budget,Bronze
1174,Giulia,de Jong,18,Male,Poland,Warsaw,29-12-2024,Regular,Gold
1175,Marco,Lefevre,48,Male,Portugal,Lisbon,07-06-2024,Regular,Platinum
1176,Karl,Kowalski,50,Other,Poland,Warsaw,20-09-2024,Premium,Platinum
1177,Eleni,Korhonen,34,Male,Italy,Rome,24-09-2023,Budget,Platinum
1178,Hugo,Moreau,40,Female,Spain,Valencia,10-12-2022,Budget,Platinum
1179,Ingrid,Nikolaou,40,Female,France,Marseille,03-10-2023,Regular,Platinum
1180,Paul,Papadopoulos,26,Male,France,Paris,07-04-2025,Budget,Silver
1181,Wojciech,Lefevre,40,Other,Poland,Krakow,03-02-2025,Regular,Gold
1182,Mikko,Hansen,25,Female,Germany,Cologne,28-02-2025,Budget,Gold
1183,Francesca,Silva,27,Female,Germany,Berlin,03-11-2024,Regular,Gold
1184,Mia,Berg,46,Male,France,Lyon,14-04-2022,Premium,Platinum
1185,Marie,Peeters,44,Female,France,Paris,03-12-2024,Premium,Platinum
1186,Hugo,Peeters,26,Female,Sweden,Gothenburg,09-02-2026,Premium,Silver
1187,Eleni,Virtanen,25,Male,Italy,Rome,10-01-2025,Premium,Gold
1188,Ville,Jansen,26,Male,Greece,Thessaloniki,14-09-2024,Budget,Gold
1189,Elena,Muller,42,Male,Germany,Berlin,17-01-2023,Regular,Platinum
1190,Lars,Moreau,23,Male,Belgium,Brussels,12-09-2025,Regular,Silver
1191,Lucas,Nilsson,37,Female,Italy,Turin,09-02-2024,Premium,Platinum
1192,Nina,Korhonen,42,Male,Italy,Rome,14-04-2024,Premium,Platinum
1193,Isabel,Lopez,33,Female,Denmark,Aarhus,27-07-2022,Premium,Platinum
1194,Henrik,Virtanen,45,Female,Greece,Thessaloniki,28-04-2026,Budget,Bronze
1195,Ville,Nielsen,30,Male,Denmark,Aarhus,11-04-2025,Premium,Gold
1196,Ana,Lopez,31,Male,France,Paris,11-07-2023,Premium,Platinum
1197,Lucas,Jansen,23,Male,France,Marseille,14-09-2025,Regular,Silver
1198,Clara,Sanchez,45,Female,Belgium,Brussels,03-04-2022,Premium,Platinum
1199,Aino,Berg,25,Male,France,Paris,20-10-2023,Regular,Platinum
1200,Liam,Rossi,37,Male,Poland,Wroclaw,14-01-2025,Premium,Gold
1201,Lars,Fernandez,33,Male,Netherlands,Rotterdam,10-02-2022,Budget,Platinum
1202,Lars,Ferrari,22,Male,Netherlands,Amsterdam,22-04-2025,Regular,Gold
1203,Kari,Meyer,27,Female,Sweden,Stockholm,26-10-2025,Budget,Silver
1204,Laura,Moreau,49,Male,Poland,Krakow,09-10-2024,Regular,Gold
1205,Thomas,Martin,36,Male,Germany,Hamburg,18-12-2022,Budget,Platinum
1206,Julia,Meyer,22,Male,Germany,Munich,30-06-2025,Budget,Silver
1207,Maja,Bianchi,37,Male,Netherlands,The Hague,01-08-2023,Budget,Platinum
1208,Ana,Nikolaou,32,Male,Italy,Rome,07-06-2025,Premium,Gold
1209,Mia,Novak,71,Female,France,Paris,06-12-2024,Regular,Gold
1210,Luis,Svoboda,37,Female,Italy,Milan,09-06-2022,Premium,Platinum
1211,Thomas,Kowalski,29,Male,Poland,Wroclaw,20-06-2022,Budget,Platinum
1212,Maria,Schmidt,49,Other,Sweden,Stockholm,26-01-2022,Budget,Platinum
1213,Leon,Svoboda,18,Other,Netherlands,Amsterdam,03-05-2022,Regular,Platinum
1214,Zofia,Costa,35,Female,Spain,Madrid,26-05-2023,Regular,Platinum
1215,Ines,Ricci,55,Female,France,Marseille,13-02-2022,Regular,Platinum
1216,Eva,Dubois,32,Male,Portugal,Lisbon,19-05-2026,Premium,Silver
1217,Marco,Nowak,18,Male,Spain,Barcelona,11-04-2026,Regular,Silver
1218,Emma,Schmidt,29,Female,Netherlands,The Hague,15-06-2023,Regular,Platinum
1219,Julia,Bianchi,49,Male,Austria,Vienna,18-06-2025,Premium,Gold
1220,Alicja,Ferrari,38,Female,Germany,Munich,30-01-2025,Regular,Gold
1221,Katarina,Lopez,24,Male,Germany,Munich,18-09-2024,Regular,Gold
1222,Marco,Jansen,26,Female,France,Marseille,13-08-2026,Budget,Bronze
1223,Aino,Rossi,27,Female,Denmark,Copenhagen,09-12-2024,Budget,Gold
1224,Freja,Svoboda,37,Female,Belgium,Brussels,14-02-2025,Budget,Gold
1225,Karl,Korhonen,48,Male,France,Paris,05-05-2024,Premium,Platinum
1226,Karl,Muller,45,Male,Denmark,Aarhus,13-06-2024,Regular,Platinum
1227,Wojciech,Bianchi,39,Male,Italy,Naples,11-05-2023,Regular,Platinum
1228,Lars,Kowalski,19,Female,Italy,Rome,06-06-2024,Regular,Platinum
1229,Thomas,Sanchez,19,Female,Norway,Oslo,14-04-2026,Budget,Bronze
1230,Katarina,Dubois,39,Female,Germany,Cologne,05-10-2023,Budget,Platinum
1231,Oskar,Kowalski,19,Male,France,Paris,16-08-2022,Premium,Platinum
1232,Liam,Nowak,31,Female,Netherlands,Amsterdam,19-10-2024,Regular,Gold
1233,Mikko,Schmidt,37,Male,France,Lyon,30-08-2025,Budget,Silver
1234,Eva,Hansen,21,Male,Austria,Vienna,22-06-2026,Budget,Bronze
1235,Piotr,Weber,22,Male,France,Paris,12-07-2024,Budget,Gold
1236,Lars,Andersson,32,Female,Germany,Munich,04-09-2025,Regular,Silver
1237,Thomas,Wagner,39,Male,France,Paris,03-03-2023,Premium,Platinum
1238,Peter,Virtanen,45,Female,Italy,Milan,24-12-2023,Regular,Platinum
1239,Felix,Janssens,40,Female,France,Lyon,16-12-2023,Regular,Platinum
1240,Paul,Janssens,34,Male,Germany,Munich,21-07-2023,Regular,Platinum
1241,Nikos,Papadopoulos,25,Male,Sweden,Stockholm,05-05-2025,Regular,Gold
1242,Paul,Jensen,22,Male,Spain,Valencia,14-02-2026,Budget,Bronze
1243,Matteo,de Jong,28,Female,Spain,Madrid,11-07-2023,Budget,Platinum
1244,Olav,Wagner,38,Other,Germany,Hamburg,20-08-2022,Premium,Platinum
1245,Oskar,Sanchez,37,Other,Spain,Madrid,07-11-2025,Regular,Silver
1246,Aino,Andersson,18,Female,France,Marseille,18-12-2025,Budget,Silver
1247,Alicja,Dubois,25,Male,Belgium,Brussels,13-05-2026,Budget,Bronze
1248,Bruno,Bianchi,47,Female,France,Paris,11-03-2023,Premium,Platinum
1249,Nina,Papadopoulos,34,Male,Denmark,Copenhagen,10-05-2025,Budget,Silver
1250,Lars,de Jong,18,Male,Finland,Helsinki,04-05-2025,Budget,Silver
1251,Carlos,Lefevre,59,Male,Germany,Berlin,08-09-2025,Premium,Gold
1252,Wojciech,Lefevre,33,Male,Germany,Hamburg,05-10-2025,Regular,Silver
1253,Laura,Moreau,38,Female,Germany,Cologne,12-06-2026,Premium,Silver
1254,Julia,Gruber,38,Male,Belgium,Brussels,23-03-2024,Budget,Gold
1255,Eva,Weber,29,Male,Germany,Cologne,10-05-2022,Regular,Platinum
1256,Katarina,Lopez,25,Female,Sweden,Gothenburg,24-11-2022,Premium,Platinum
1257,Olav,Ferrari,57,Female,Poland,Wroclaw,19-02-2026,Regular,Silver
1258,Dimitris,Andersson,45,Male,Czechia,Brno,10-12-2025,Regular,Silver
1259,Oskar,de Jong,43,Male,Portugal,Porto,19-01-2022,Regular,Platinum
1260,Alessandro,Silva,40,Male,Greece,Athens,19-09-2023,Premium,Platinum
1261,Olav,Lefevre,22,Male,Germany,Munich,22-02-2023,Premium,Platinum
1262,Paul,Svoboda,48,Male,Italy,Turin,01-07-2023,Regular,Platinum
1263,Anna,Weber,24,Female,Spain,Madrid,24-12-2024,Premium,Platinum
1264,Liam,Nilsson,37,Female,Norway,Oslo,19-05-2024,Regular,Platinum
1265,Karl,Andersson,18,Male,Netherlands,Amsterdam,30-03-2024,Regular,Platinum
1266,Erik,Dubois,18,Male,Czechia,Brno,12-01-2024,Budget,Platinum
1267,Piotr,Wagner,37,Male,France,Paris,29-12-2024,Regular,Gold
1268,Matteo,Nilsson,25,Male,Greece,Thessaloniki,09-03-2025,Regular,Gold
1269,Dimitris,Garcia,18,Male,Italy,Naples,16-03-2022,Regular,Platinum
1270,Nina,Rossi,39,Male,Italy,Turin,22-08-2022,Budget,Platinum
1271,Olav,Jensen,57,Male,Greece,Athens,05-08-2023,Regular,Platinum
1272,Ingrid,Costa,49,Female,Spain,Valencia,13-01-2024,Premium,Platinum
1273,Zofia,Hansen,31,Male,Italy,Turin,25-08-2026,Premium,Silver
1274,Henrik,Nowak,34,Male,Netherlands,Amsterdam,28-02-2026,Budget,Bronze
1275,Felix,Wagner,43,Female,Germany,Hamburg,10-01-2025,Budget,Gold
1276,Lars,Garcia,46,Male,Spain,Madrid,03-03-2022,Regular,Platinum
1277,Sara,Wagner,30,Male,France,Lyon,21-06-2022,Budget,Platinum
1278,Eva,Andersson,34,Male,Germany,Munich,19-02-2024,Premium,Platinum
1279,Giulia,Nilsson,37,Male,Sweden,Stockholm,27-09-2024,Regular,Gold
1280,Astrid,de Jong,40,Female,Netherlands,Amsterdam,30-01-2025,Regular,Gold
1281,Paul,Schmidt,32,Female,Spain,Madrid,30-08-2022,Budget,Platinum
1282,Anna,Weber,32,Female,Italy,Rome,21-02-2026,Regular,Silver
1283,Hugo,Lefevre,49,Female,Italy,Milan,20-04-2024,Premium,Platinum
1284,Ana,Meyer,47,Male,Belgium,Brussels,08-10-2024,Regular,Gold
1285,Zofia,Jansen,39,Male,Finland,Helsinki,08-03-2022,Budget,Platinum
1286,Matteo,Jensen,52,Male,Norway,Bergen,05-11-2025,Budget,Silver
1287,Mikko,Fernandez,29,Female,Italy,Milan,14-07-2024,Premium,Platinum
1288,Dimitris,Meyer,51,Female,Spain,Barcelona,15-01-2023,Premium,Platinum
1289,Zofia,Muller,39,Female,Italy,Turin,28-06-2023,Budget,Platinum
1290,Wojciech,Nowak,69,Male,Netherlands,Amsterdam,25-08-2023,Regular,Platinum
1291,Laura,Bianchi,20,Female,Italy,Naples,16-02-2022,Budget,Platinum
1292,Peter,Berg,26,Male,Belgium,Brussels,25-05-2026,Regular,Bronze
1293,Marie,Bianchi,38,Male,Netherlands,Rotterdam,30-09-2025,Budget,Silver
1294,Isabel,Novak,38,Male,Spain,Seville,18-02-2026,Premium,Silver
1295,Piotr,Martin,55,Female,Spain,Valencia,26-08-2023,Premium,Platinum
1296,Leon,Muller,26,Female,Spain,Barcelona,08-08-2024,Budget,Gold
1297,Wojciech,Fernandez,43,Male,Germany,Munich,20-02-2024,Regular,Platinum
1298,Alessandro,Dubois,46,Male,France,Paris,21-03-2024,Budget,Gold
1299,Hugo,Nowak,41,Female,Poland,Krakow,30-09-2024,Regular,Gold
1300,Hugo,Schmidt,23,Male,Spain,Valencia,08-02-2024,Budget,Platinum
1301,Mia,Ricci,49,Male,France,Toulouse,10-08-2025,Budget,Silver
1302,Leon,Wagner,47,Female,Netherlands,Amsterdam,11-04-2022,Premium,Platinum
1303,Liam,Berg,40,Female,Poland,Warsaw,25-11-2022,Budget,Platinum
1304,Nina,Korhonen,36,Female,France,Lyon,01-03-2026,Premium,Silver
1305,Kari,Dubois,36,Female,Sweden,Stockholm,12-02-2026,Budget,Bronze
1306,Eva,Meyer,33,Female,Finland,Helsinki,26-10-2025,Regular,Silver
1307,Aino,Andersson,41,Male,Netherlands,Amsterdam,21-09-2023,Regular,Platinum
1308,Eleni,Janssens,34,Female,Austria,Graz,17-02-2024,Premium,Platinum
1309,Freja,Gruber,24,Male,Germany,Berlin,13-02-2022,Budget,Platinum
1310,Wojciech,Bianchi,22,Male,Norway,Oslo,22-04-2023,Budget,Platinum
1311,Sophie,Nowak,25,Female,Italy,Rome,22-05-2025,Regular,Gold
1312,Katarina,Costa,36,Female,Finland,Tampere,08-08-2023,Regular,Platinum
1313,Ingrid,Kowalski,33,Male,Netherlands,Rotterdam,29-03-2024,Regular,Platinum
1314,Maja,Dubois,36,Other,Germany,Berlin,29-07-2022,Budget,Platinum
1315,Piotr,Fernandez,39,Male,Germany,Berlin,25-04-2024,Budget,Gold
1316,Piotr,Jansen,27,Female,Austria,Vienna,14-05-2025,Regular,Gold
1317,Elena,Silva,50,Female,Netherlands,Amsterdam,01-09-2024,Regular,Gold
1318,Laura,Janssens,31,Female,Germany,Munich,06-08-2024,Regular,Gold
1319,Clara,Dubois,29,Male,Poland,Warsaw,08-04-2026,Budget,Bronze
1320,Anna,Nielsen,39,Male,Sweden,Gothenburg,03-02-2023,Budget,Platinum
1321,Nikos,Garcia,18,Male,Italy,Rome,26-05-2023,Premium,Platinum
1322,Dimitris,Silva,25,Male,Italy,Milan,27-11-2024,Regular,Gold
1323,Ines,Moreau,44,Female,Germany,Berlin,29-03-2024,Budget,Gold
1324,Marco,Muller,18,Male,Czechia,Brno,27-07-2026,Premium,Silver
1325,Bruno,de Jong,46,Female,Spain,Seville,12-04-2022,Regular,Platinum
1326,Erik,Svoboda,50,Male,Denmark,Aarhus,28-07-2022,Regular,Platinum
1327,Dimitris,Jansen,29,Male,Spain,Madrid,06-08-2023,Regular,Platinum
1328,Ingrid,Peeters,37,Male,Netherlands,Amsterdam,21-02-2024,Regular,Platinum
1329,Felix,Garcia,46,Female,France,Marseille,26-02-2026,Regular,Silver
1330,Jan,Kowalski,28,Male,France,Marseille,22-04-2024,Regular,Platinum
1331,Erik,Papadopoulos,43,Male,Poland,Warsaw,15-01-2024,Regular,Platinum
1332,Ville,Jensen,26,Female,Italy,Rome,12-10-2022,Budget,Platinum
1333,Alessandro,Weber,28,Female,Portugal,Lisbon,10-01-2024,Premium,Platinum
1334,Maria,Hansen,25,Male,Greece,Thessaloniki,24-06-2024,Budget,Gold
1335,Anna,Lopez,37,Female,Greece,Thessaloniki,21-09-2024,Regular,Gold
1336,Francesca,Kowalski,46,Female,Sweden,Stockholm,29-10-2024,Regular,Gold
1337,Matteo,Nielsen,31,Female,France,Lyon,03-01-2024,Regular,Platinum
1338,Oskar,Nilsson,20,Female,Netherlands,Amsterdam,26-09-2022,Budget,Platinum
1339,Thomas,Lopez,22,Female,Denmark,Copenhagen,18-09-2022,Regular,Platinum
1340,Bruno,Svoboda,38,Male,Spain,Madrid,21-09-2022,Premium,Platinum
1341,Felix,Wagner,54,Female,Germany,Hamburg,20-11-2024,Premium,Platinum
1342,Paul,Dubois,38,Male,Czechia,Prague,30-12-2025,Premium,Gold
1343,Lars,Bianchi,29,Female,Italy,Rome,13-02-2026,Budget,Bronze
1344,Dimitris,Kowalski,42,Female,Netherlands,Amsterdam,15-06-2023,Regular,Platinum
1345,Maria,Lopez,31,Female,Greece,Athens,16-05-2022,Regular,Platinum
1346,Francesca,Korhonen,29,Male,Netherlands,Rotterdam,10-12-2024,Budget,Gold
1347,Felix,Muller,23,Male,Italy,Rome,07-03-2022,Regular,Platinum
1348,Elena,Virtanen,49,Male,Spain,Madrid,04-12-2024,Regular,Gold
1349,Marco,Novak,18,Female,Italy,Naples,15-10-2023,Budget,Platinum
1350,Wojciech,Costa,42,Female,Germany,Berlin,30-11-2025,Budget,Silver
1351,Nikos,de Jong,28,Female,Czechia,Prague,01-12-2024,Budget,Gold
1352,Alicja,Virtanen,29,Male,Sweden,Stockholm,14-06-2025,Regular,Gold
1353,Ines,Martin,52,Female,France,Marseille,23-11-2023,Regular,Platinum
1354,Ingrid,Nielsen,26,Other,Spain,Madrid,03-12-2025,Regular,Silver
1355,Katarina,Bianchi,26,Male,Denmark,Aarhus,13-06-2024,Budget,Gold
1356,Ville,Martin,32,Male,Germany,Frankfurt,01-12-2024,Budget,Gold
1357,Carlos,Muller,38,Male,Portugal,Lisbon,07-09-2023,Premium,Platinum
1358,Dimitris,Dubois,29,Female,Italy,Rome,05-02-2024,Budget,Platinum
1359,Peter,Berg,18,Male,Austria,Graz,02-12-2025,Regular,Silver
1360,Peter,Bianchi,24,Female,France,Paris,02-11-2023,Regular,Platinum
1361,Maja,Moreau,48,Male,Austria,Vienna,06-02-2022,Regular,Platinum
1362,Zofia,Schmidt,34,Male,Spain,Barcelona,08-10-2023,Premium,Platinum
1363,Henrik,Novak,38,Female,Belgium,Brussels,30-10-2023,Regular,Platinum
1364,Astrid,Schmidt,31,Male,Germany,Berlin,14-12-2023,Premium,Platinum
1365,Sophie,Gruber,26,Female,Italy,Rome,01-05-2022,Regular,Platinum
1366,Mia,Jansen,52,Female,Portugal,Lisbon,09-08-2022,Budget,Platinum
1367,Clara,Nielsen,31,Male,France,Paris,07-07-2023,Budget,Platinum
1368,Kari,Meyer,29,Female,Germany,Munich,24-12-2023,Regular,Platinum
1369,Liam,Lopez,46,Male,France,Toulouse,19-02-2022,Regular,Platinum
1370,Liam,Dubois,26,Male,Spain,Madrid,26-10-2023,Regular,Platinum
1371,Marie,Costa,27,Male,Germany,Munich,30-06-2023,Budget,Platinum
1372,Julia,de Jong,34,Female,Norway,Oslo,28-02-2022,Budget,Platinum
1373,Renata,Costa,34,Female,Italy,Rome,03-03-2023,Regular,Platinum
1374,Ingrid,Janssens,36,Other,Czechia,Prague,14-04-2023,Regular,Platinum
1375,Ingrid,Nielsen,57,Female,Greece,Athens,02-09-2022,Premium,Platinum
1376,Clara,Papadopoulos,37,Male,Germany,Berlin,05-07-2025,Premium,Gold
1377,Matteo,Weber,18,Female,Belgium,Brussels,11-09-2024,Budget,Gold
1378,Ville,Hansen,37,Female,Denmark,Copenhagen,07-02-2025,Regular,Gold
1379,Ana,Jansen,34,Male,Belgium,Brussels,05-10-2025,Premium,Gold
1380,Peter,Rossi,34,Male,Italy,Rome,18-07-2024,Regular,Gold
1381,Luis,Gruber,36,Male,Italy,Rome,13-07-2024,Regular,Gold
1382,Ines,Lopez,33,Male,Germany,Berlin,20-07-2025,Regular,Silver
1383,Francesca,Moreau,33,Female,Portugal,Lisbon,26-12-2025,Budget,Silver
1384,Wojciech,Gruber,40,Female,Greece,Athens,26-12-2022,Premium,Platinum
1385,Henrik,Rossi,28,Female,Norway,Oslo,18-09-2025,Regular,Silver
1386,Eleni,Muller,23,Male,Germany,Berlin,27-02-2024,Regular,Platinum
1387,Isabel,Dubois,67,Female,Poland,Warsaw,17-06-2022,Regular,Platinum
1388,Bruno,Virtanen,26,Male,Spain,Seville,09-11-2024,Budget,Gold
1389,Olav,Jensen,35,Female,Finland,Helsinki,23-07-2026,Budget,Bronze
1390,Nikos,Virtanen,18,Male,Germany,Berlin,28-08-2022,Regular,Platinum
1391,Paul,Muller,35,Male,Norway,Oslo,26-01-2022,Regular,Platinum
1392,Katarina,Kowalski,23,Male,Sweden,Gothenburg,11-04-2026,Budget,Bronze
1393,Bruno,Rossi,29,Female,Germany,Munich,14-10-2024,Regular,Gold
1394,Liam,Peeters,45,Other,Germany,Munich,09-01-2023,Premium,Platinum
1395,Marie,Nielsen,39,Female,Sweden,Gothenburg,12-09-2025,Regular,Silver
1396,Noah,de Jong,40,Female,Germany,Berlin,02-11-2023,Regular,Platinum
1397,Maja,Korhonen,18,Female,Portugal,Porto,20-07-2023,Regular,Platinum
1398,Elena,de Jong,54,Female,Finland,Helsinki,09-05-2023,Premium,Platinum
1399,Eva,Svoboda,20,Male,Netherlands,Rotterdam,16-10-2024,Regular,Gold
1400,Katarina,Nowak,50,Female,Italy,Rome,18-08-2022,Premium,Platinum
1401,Marco,Gruber,45,Female,Italy,Rome,10-09-2023,Budget,Platinum
1402,Henrik,Garcia,40,Male,Germany,Frankfurt,04-06-2023,Premium,Platinum
1403,Hugo,Nilsson,24,Male,Greece,Athens,14-04-2022,Premium,Platinum
1404,Aino,Moreau,35,Male,Spain,Seville,24-07-2025,Regular,Silver
1405,Sara,Virtanen,28,Male,France,Paris,15-01-2022,Regular,Platinum
1406,Lucas,Papadopoulos,34,Female,France,Lyon,24-06-2026,Budget,Bronze
1407,Alicja,Lopez,31,Male,Greece,Thessaloniki,11-06-2022,Regular,Platinum
1408,Henrik,Schmidt,18,Female,Germany,Berlin,03-09-2023,Budget,Platinum
1409,Wojciech,Lopez,46,Female,Sweden,Gothenburg,17-06-2022,Budget,Platinum
1410,Mia,Costa,33,Female,Poland,Krakow,18-09-2023,Premium,Platinum
1411,Astrid,Korhonen,28,Male,Sweden,Gothenburg,06-11-2024,Budget,Gold
1412,Clara,Moreau,27,Female,Greece,Athens,30-05-2022,Regular,Platinum
1413,Katerina,Ferrari,37,Male,Sweden,Stockholm,15-06-2024,Regular,Platinum
1414,Noah,Wagner,24,Female,Norway,Bergen,08-08-2025,Budget,Silver
1415,Bruno,Sanchez,18,Female,Germany,Munich,16-02-2024,Budget,Platinum
1416,Aino,Nielsen,38,Female,Czechia,Prague,11-07-2022,Regular,Platinum
1417,Francesca,Fernandez,39,Female,Netherlands,Amsterdam,25-03-2025,Regular,Gold
1418,Ingrid,Costa,31,Female,Netherlands,The Hague,14-11-2022,Premium,Platinum
1419,Eva,Lefevre,21,Male,Denmark,Copenhagen,29-01-2022,Budget,Platinum
1420,Hugo,Meyer,34,Male,Greece,Thessaloniki,15-01-2024,Premium,Platinum
1421,Thomas,Ferrari,18,Female,Poland,Wroclaw,07-04-2023,Regular,Platinum
1422,Lucas,Gruber,22,Male,Italy,Rome,18-02-2022,Regular,Platinum
1423,Eleni,Peeters,25,Female,Italy,Rome,17-08-2025,Budget,Silver
1424,Eleni,Lopez,43,Female,Spain,Barcelona,18-10-2024,Budget,Gold
1425,Marie,Muller,30,Female,Spain,Madrid,31-03-2026,Premium,Silver
1426,Alessandro,Meyer,29,Male,Italy,Milan,29-03-2024,Regular,Platinum
1427,Anna,Jensen,55,Female,Germany,Hamburg,17-01-2024,Regular,Platinum
1428,Aino,Virtanen,37,Male,Germany,Munich,06-12-2025,Premium,Gold
1429,Lars,Kowalski,37,Female,Poland,Warsaw,19-05-2022,Regular,Platinum
1430,Mikko,Moreau,29,Male,Italy,Milan,09-09-2023,Premium,Platinum
1431,Mia,Papadopoulos,27,Female,Norway,Oslo,23-09-2025,Budget,Silver
1432,Eva,Dubois,18,Male,Belgium,Brussels,14-05-2023,Premium,Platinum
1433,Carlos,Svoboda,44,Male,Germany,Munich,17-02-2026,Budget,Bronze
1434,Peter,Bianchi,38,Female,Germany,Cologne,29-04-2023,Budget,Platinum
1435,Freja,Dubois,32,Female,France,Lyon,06-12-2023,Regular,Platinum
1436,Alessandro,Papadopoulos,32,Male,Greece,Athens,10-03-2026,Budget,Bronze
1437,Marie,Costa,42,Other,France,Paris,19-02-2023,Premium,Platinum
1438,Freja,Svoboda,18,Other,Portugal,Lisbon,08-07-2026,Regular,Bronze
1439,Piotr,Ferrari,27,Female,Norway,Oslo,16-03-2022,Budget,Platinum
1440,Astrid,Novak,21,Male,Greece,Athens,29-03-2023,Budget,Platinum
1441,Freja,Schmidt,53,Female,France,Toulouse,04-10-2024,Premium,Platinum
1442,Liam,Muller,43,Female,Germany,Berlin,09-10-2024,Regular,Gold
1443,Tomas,Berg,18,Male,Germany,Cologne,31-03-2026,Regular,Silver
1444,Sophie,Weber,18,Male,Germany,Berlin,24-06-2026,Budget,Bronze
1445,Clara,Jansen,32,Male,France,Paris,01-03-2025,Premium,Gold
1446,Laura,Weber,28,Male,Netherlands,Amsterdam,29-01-2025,Regular,Gold
1447,Bruno,Nowak,19,Female,Finland,Helsinki,25-06-2023,Regular,Platinum
1448,Elena,Dubois,55,Male,Portugal,Porto,04-10-2025,Regular,Silver
1449,Astrid,Andersson,37,Female,Belgium,Antwerp,31-12-2024,Budget,Gold
1450,Laura,Moreau,39,Female,France,Marseille,11-02-2022,Premium,Platinum
1451,Alessandro,Costa,26,Female,Czechia,Prague,18-11-2025,Premium,Gold
1452,Emma,Lefevre,41,Male,Belgium,Antwerp,05-09-2023,Regular,Platinum
1453,Maja,Virtanen,29,Male,Sweden,Stockholm,21-03-2024,Premium,Platinum
1454,Matteo,Wagner,30,Female,Norway,Bergen,08-04-2024,Budget,Gold
1455,Lars,Hansen,40,Male,Spain,Barcelona,28-10-2025,Budget,Silver
1456,Eva,Wagner,18,Other,Germany,Berlin,02-04-2023,Budget,Platinum
1457,Mikko,Martin,51,Male,France,Paris,30-10-2023,Regular,Platinum
1458,Ana,Ferrari,36,Male,Italy,Rome,08-03-2022,Budget,Platinum
1459,Leon,Gruber,48,Female,Norway,Oslo,17-08-2023,Regular,Platinum
1460,Nina,Nilsson,22,Male,Spain,Seville,31-05-2022,Budget,Platinum
1461,Helena,Papadopoulos,23,Male,Poland,Krakow,20-09-2024,Regular,Gold
1462,Giulia,Martin,21,Male,Netherlands,The Hague,03-03-2026,Regular,Silver
1463,Katarina,Berg,36,Male,France,Paris,02-03-2024,Regular,Platinum
1464,Piotr,Janssens,34,Female,Spain,Barcelona,04-04-2026,Budget,Bronze
1465,Eleni,Andersson,28,Female,Belgium,Brussels,23-07-2026,Premium,Silver
1466,Henrik,Nowak,22,Male,Austria,Vienna,02-04-2022,Budget,Platinum
1467,Ingrid,Nikolaou,20,Female,Italy,Rome,29-05-2024,Regular,Platinum
1468,Jan,Ricci,33,Female,France,Paris,19-06-2024,Regular,Platinum
1469,Ana,Garcia,28,Male,Poland,Krakow,19-10-2023,Regular,Platinum
1470,Jan,Wagner,26,Male,France,Paris,16-11-2025,Budget,Silver
1471,Kari,Garcia,51,Male,Norway,Oslo,04-11-2023,Premium,Platinum
1472,Marie,Costa,33,Male,France,Lyon,05-04-2022,Premium,Platinum
1473,Henrik,Virtanen,47,Male,Germany,Berlin,22-07-2024,Regular,Gold
1474,Renata,Sanchez,28,Male,Italy,Turin,11-12-2022,Premium,Platinum
1475,Marie,Hansen,36,Male,Portugal,Lisbon,28-08-2023,Premium,Platinum
1476,Matteo,Peeters,33,Female,Portugal,Porto,05-05-2024,Budget,Gold
1477,Liam,Lopez,18,Male,Italy,Milan,16-05-2025,Regular,Gold
1478,Sara,Wagner,49,Female,Greece,Thessaloniki,19-04-2023,Regular,Platinum
1479,Karl,Rossi,32,Female,Italy,Milan,11-10-2023,Regular,Platinum
1480,Ana,Papadopoulos,42,Female,Italy,Naples,26-04-2022,Budget,Platinum
1481,Renata,Svoboda,25,Male,Italy,Milan,17-10-2023,Premium,Platinum
1482,Katerina,Gruber,32,Male,Germany,Berlin,15-09-2024,Regular,Gold
1483,Maja,Korhonen,24,Male,Netherlands,Amsterdam,17-11-2024,Budget,Gold
1484,Emma,Berg,47,Other,France,Lyon,15-05-2023,Regular,Platinum
1485,Tomas,Silva,37,Male,Belgium,Brussels,14-04-2022,Regular,Platinum
1486,Leon,Garcia,38,Female,Germany,Berlin,10-09-2024,Regular,Gold
1487,Katerina,Svoboda,48,Male,Greece,Athens,21-01-2025,Premium,Gold
1488,Emma,Schmidt,46,Male,Italy,Milan,26-05-2022,Regular,Platinum
1489,Clara,Virtanen,42,Male,Denmark,Copenhagen,10-05-2024,Regular,Platinum
1490,Maria,Kowalski,18,Female,Italy,Milan,12-06-2022,Regular,Platinum
1491,Katarina,Silva,26,Female,Germany,Hamburg,11-02-2024,Budget,Platinum
1492,Ines,Jensen,22,Male,Sweden,Gothenburg,27-12-2024,Regular,Gold
1493,Maria,Gruber,42,Female,Belgium,Brussels,10-05-2025,Budget,Silver
1494,Eva,Gruber,35,Female,Czechia,Prague,01-05-2025,Budget,Silver
1495,Sara,Silva,18,Female,Italy,Milan,16-07-2025,Budget,Silver
1496,Clara,Korhonen,31,Female,Belgium,Brussels,16-02-2023,Premium,Platinum
1497,Lucas,Meyer,18,Female,Sweden,Stockholm,13-12-2025,Budget,Silver
1498,Katarina,Nielsen,33,Other,Belgium,Brussels,19-08-2023,Budget,Platinum
1499,Noah,Silva,18,Male,Spain,Seville,01-10-2023,Regular,Platinum
1500,Jan,Sanchez,39,Male,Austria,Vienna,04-09-2025,Premium,Gold
