order_id,customer_id,restaurant_id,order_datetime,number_of_items,subtotal_eur,delivery_fee_eur,discount_eur,total_amount_eur,payment_method,order_status
1,217,2,2026-03-23 18:25:00,1,7.0,2.91,0.0,9.91,Apple Pay,Refunded
2,554,105,2026-08-10 19:57:00,2,4.87,2.67,0.0,7.54,Debit Card,Delivered
3,1294,17,2026-03-08 20:00:00,1,3.05,2.81,0.0,5.86,Debit Card,Delivered
4,1060,29,2026-06-03 13:39:00,2,10.12,1.92,0.0,12.04,Credit Card,Delivered
5,386,103,2026-07-29 22:00:00,1,8.92,2.77,0.0,11.69,Google Pay,Delivered
6,488,102,2026-01-15 22:17:00,1,3.66,3.43,0.0,7.09,Credit Card,Delivered
7,918,83,2026-08-26 21:31:00,1,4.37,2.43,0.0,6.8,Credit Card,Delivered
8,896,68,2025-12-17 21:48:00,3,19.38,3.5,0.0,22.88,Debit Card,Delivered
9,696,4,2026-07-29 19:39:00,1,3.85,2.45,0.0,6.3,Apple Pay,Delivered
10,632,42,2025-09-07 23:48:00,3,13.83,2.65,1.67,14.81,PayPal,Delivered
11,1402,69,2025-12-19 14:16:00,2,9.2,2.71,0.0,11.91,Credit Card,Cancelled
12,756,22,2025-12-21 16:30:00,1,5.09,2.84,0.76,7.17,Credit Card,Cancelled
13,1174,86,2026-01-05 22:48:00,1,1.98,2.15,0.0,4.13,Credit Card,Delivered
14,1440,103,2026-02-07 22:13:00,2,17.92,2.97,0.0,20.89,PayPal,Delivered
15,503,105,2026-06-03 17:26:00,1,4.4,2.77,0.0,7.17,Cash,Cancelled
16,1169,8,2026-02-04 22:31:00,2,8.54,2.47,0.0,11.01,Google Pay,Delivered
17,1221,88,2026-04-07 20:48:00,1,11.88,3.64,0.0,15.52,PayPal,Delivered
18,329,21,2025-10-12 15:45:00,1,8.39,2.72,0.0,11.11,Debit Card,Delivered
19,339,30,2025-09-05 22:25:00,2,23.72,2.6,0.0,26.32,Debit Card,Delivered
20,243,20,2026-01-22 18:57:00,1,3.87,2.68,0.0,6.55,Apple Pay,Delivered
21,924,108,2025-10-22 22:36:00,1,11.16,3.3,0.0,14.46,PayPal,Delivered
22,1143,81,2025-10-10 21:37:00,4,67.64,1.87,0.0,69.51,Credit Card,Delivered
23,1128,7,2025-10-02 11:06:00,1,4.7,2.89,0.0,7.59,Credit Card,Delivered
24,582,45,2025-12-09 22:13:00,1,3.19,2.18,0.0,5.37,Debit Card,Delivered
25,1055,72,2025-11-06 12:05:00,2,8.1,2.7,0.0,10.8,PayPal,Delivered
26,45,42,2025-10-24 21:00:00,1,4.04,3.29,0.0,7.33,Cash,Delivered
27,986,16,2025-12-21 21:57:00,1,5.62,2.29,0.0,7.91,Credit Card,Delivered
28,712,95,2025-12-02 21:16:00,1,13.15,2.08,0.0,15.23,Apple Pay,Delivered
29,1245,65,2026-08-20 22:43:00,1,2.96,2.4,0.0,5.36,Google Pay,Delivered
30,1452,21,2026-04-22 20:31:00,3,14.31,2.62,0.0,16.93,Debit Card,Delivered
31,835,119,2026-05-05 14:10:00,1,2.79,2.2,0.0,4.99,Credit Card,Delivered
32,933,76,2026-05-09 20:48:00,1,15.33,2.6,0.77,17.16,Credit Card,Delivered
33,1393,88,2025-09-20 21:35:00,1,12.13,2.79,0.0,14.92,PayPal,Delivered
34,516,20,2026-02-28 14:45:00,2,25.38,2.65,0.0,28.03,Credit Card,Delivered
35,218,99,2026-04-10 13:46:00,1,5.39,3.33,0.0,8.72,Google Pay,Delivered
36,760,85,2026-08-10 18:49:00,3,8.91,3.03,0.0,11.94,Apple Pay,Delivered
37,534,19,2026-02-07 22:35:00,1,6.38,2.73,0.0,9.11,Apple Pay,Delivered
38,953,33,2025-12-09 20:09:00,1,4.23,3.18,0.62,6.79,Apple Pay,Delivered
39,1175,93,2026-06-03 22:26:00,2,14.42,1.42,0.0,15.84,Credit Card,Delivered
40,757,17,2025-11-07 17:44:00,1,8.8,2.74,0.0,11.54,Apple Pay,Delivered
41,463,64,2026-07-20 23:50:00,1,5.54,3.42,0.0,8.96,PayPal,Delivered
42,848,7,2026-01-09 21:31:00,1,10.81,2.56,1.51,11.86,Credit Card,Delivered
43,665,114,2025-09-24 14:03:00,1,4.46,2.81,0.0,7.27,Debit Card,Delivered
44,279,77,2026-01-07 17:59:00,2,9.02,2.71,0.0,11.73,Debit Card,Delivered
45,1160,57,2026-08-25 23:38:00,1,2.87,2.44,0.0,5.31,PayPal,Delivered
46,499,14,2026-02-07 23:33:00,1,5.8,2.08,0.0,7.88,Credit Card,Refunded
47,808,117,2026-06-02 15:00:00,1,5.82,3.18,0.0,9.0,PayPal,Delivered
48,1363,3,2026-01-16 22:25:00,3,34.14,1.78,0.0,35.92,Cash,Delivered
49,282,115,2026-08-16 22:00:00,1,2.92,2.91,0.0,5.83,Debit Card,Delivered
50,641,86,2026-07-18 13:00:00,1,6.16,2.27,0.0,8.43,Credit Card,Delivered
51,263,65,2026-07-29 18:17:00,2,10.13,3.04,0.0,13.17,Debit Card,Delivered
52,656,14,2026-06-04 21:23:00,1,5.77,2.7,0.0,8.47,Debit Card,Delivered
53,452,51,2026-06-02 11:09:00,1,5.61,3.34,0.0,8.95,Google Pay,Delivered
54,1374,8,2026-06-02 21:18:00,2,18.3,2.12,0.0,20.42,Debit Card,Delivered
55,455,13,2025-10-26 13:58:00,3,10.29,3.01,0.0,13.3,Credit Card,Delivered
56,922,46,2026-06-20 18:15:00,1,6.13,3.53,0.0,9.66,Credit Card,Delivered
57,206,91,2025-11-15 15:51:00,3,45.63,2.46,3.72,44.37,Credit Card,Delivered
58,685,44,2025-10-27 21:26:00,1,4.38,1.76,0.0,6.14,Apple Pay,Delivered
59,1252,25,2026-04-06 13:00:00,2,7.1,2.85,0.0,9.95,Credit Card,Delivered
60,1009,86,2025-10-23 17:34:00,3,22.33,1.71,1.71,22.33,Apple Pay,Delivered
61,424,78,2025-10-18 13:46:00,2,30.06,1.63,0.0,31.69,PayPal,Delivered
62,1458,52,2026-07-20 11:23:00,1,4.7,2.48,0.0,7.18,Apple Pay,Delivered
63,1204,34,2025-09-23 22:03:00,1,3.23,2.54,0.0,5.77,Credit Card,Delivered
64,604,47,2026-04-25 13:21:00,3,4.89,2.24,0.0,7.13,Credit Card,Delivered
65,1461,34,2025-09-20 13:37:00,2,12.02,2.0,0.92,13.1,Debit Card,Delivered
66,282,115,2026-08-17 11:14:00,1,2.23,3.03,0.0,5.26,Debit Card,Delivered
67,498,55,2026-07-23 18:00:00,2,12.08,2.36,0.0,14.44,PayPal,Delivered
68,1396,109,2026-03-07 13:02:00,3,17.59,2.47,3.03,17.03,Apple Pay,Delivered
69,1456,69,2025-09-29 19:20:00,1,5.59,2.63,0.0,8.22,Google Pay,Delivered
70,1235,20,2026-07-14 21:05:00,1,3.65,2.74,0.0,6.39,PayPal,Delivered
71,287,99,2026-02-03 11:14:00,2,29.96,2.85,0.0,32.81,Credit Card,Delivered
72,328,9,2025-10-22 13:23:00,1,2.21,2.53,0.0,4.74,Debit Card,Delivered
73,972,62,2026-08-31 15:00:00,1,3.34,2.53,0.0,5.87,Google Pay,Delivered
74,84,71,2026-08-11 22:04:00,2,23.1,2.91,0.0,26.01,Credit Card,Delivered
75,1487,80,2025-09-06 12:08:00,1,3.13,2.53,0.0,5.66,Credit Card,Delivered
76,1413,46,2025-11-13 21:39:00,1,5.7,2.9,0.0,8.6,Google Pay,Delivered
77,1213,96,2026-04-22 23:07:00,1,5.83,2.22,0.0,8.05,Credit Card,Delivered
78,1453,42,2025-09-23 11:02:00,1,4.83,3.08,0.0,7.91,Apple Pay,Delivered
79,345,106,2026-06-05 14:42:00,1,3.12,2.56,0.19,5.49,Credit Card,Delivered
80,1322,60,2026-04-11 21:27:00,1,2.91,2.99,0.0,5.9,PayPal,Delivered
81,386,103,2026-06-28 23:00:00,1,4.27,2.55,0.0,6.82,Credit Card,Delivered
82,182,68,2026-08-13 13:00:00,3,17.73,3.37,3.32,17.78,Google Pay,Delivered
83,394,95,2026-02-21 20:22:00,1,4.66,2.96,0.0,7.62,Credit Card,Delivered
84,1163,42,2025-10-01 21:02:00,1,6.59,2.72,0.0,9.31,Debit Card,Refunded
85,1415,112,2026-05-26 15:06:00,2,16.3,2.74,0.0,19.04,Apple Pay,Delivered
86,918,112,2026-04-13 20:50:00,1,4.68,2.54,0.0,7.22,PayPal,Delivered
87,369,31,2026-03-13 19:13:00,1,2.52,2.19,0.0,4.71,Debit Card,Delivered
88,902,5,2026-06-13 23:04:00,2,8.72,3.08,0.0,11.8,Debit Card,Delivered
89,765,16,2026-03-07 19:44:00,1,4.18,2.75,0.0,6.93,PayPal,Delivered
90,777,49,2026-01-26 18:59:00,2,19.78,3.04,0.0,22.82,Cash,Delivered
91,525,88,2026-06-20 20:20:00,1,4.15,3.51,0.0,7.66,PayPal,Delivered
92,209,13,2026-08-08 12:23:00,2,10.0,3.18,1.8,11.38,Debit Card,Delivered
93,542,74,2026-07-03 19:39:00,1,15.23,2.44,0.0,17.67,Debit Card,Delivered
94,1336,11,2026-03-06 11:06:00,1,8.7,2.66,0.0,11.36,PayPal,Delivered
95,613,103,2026-03-17 20:00:00,3,27.33,2.72,0.0,30.05,Google Pay,Delivered
96,32,103,2026-01-12 19:00:00,2,8.07,2.66,0.0,10.73,Credit Card,Delivered
97,518,29,2026-01-30 22:45:00,1,2.69,2.81,0.0,5.5,Debit Card,Delivered
98,692,107,2026-07-01 21:08:00,2,11.06,2.8,0.0,13.86,Credit Card,Delivered
99,900,45,2026-06-20 16:39:00,1,3.4,1.93,0.0,5.33,PayPal,Delivered
100,963,69,2026-08-01 20:00:00,1,5.85,2.39,0.0,8.24,Apple Pay,Refunded
101,639,34,2026-03-18 14:13:00,1,8.42,2.76,0.0,11.18,PayPal,Delivered
102,215,1,2026-05-05 15:12:00,1,3.23,2.35,0.0,5.58,Apple Pay,Delivered
103,662,77,2026-05-09 11:55:00,2,8.72,3.28,0.0,12.0,Apple Pay,Delivered
104,5,88,2026-07-17 12:57:00,3,29.25,2.63,0.0,31.88,Cash,Delivered
105,759,69,2025-09-28 22:31:00,2,23.88,2.47,0.0,26.35,Debit Card,Delivered
106,668,75,2026-08-28 23:00:00,1,3.21,2.75,0.0,5.96,Credit Card,Delivered
107,535,43,2025-10-05 18:13:00,1,3.93,2.23,0.27,5.89,PayPal,Delivered
108,993,98,2026-05-23 12:03:00,1,6.74,2.52,0.0,9.26,Apple Pay,Delivered
109,1132,50,2026-03-14 11:34:00,1,10.58,3.09,0.0,13.67,Debit Card,Delivered
110,396,52,2026-02-05 11:09:00,3,27.8,1.78,0.0,29.58,Debit Card,Delivered
111,756,116,2026-06-27 22:24:00,3,47.88,1.42,0.0,49.3,Apple Pay,Delivered
112,765,101,2026-07-06 16:56:00,2,7.72,2.84,0.0,10.56,Credit Card,Delivered
113,764,109,2025-12-25 22:55:00,3,12.39,2.58,0.0,14.97,PayPal,Delivered
114,605,103,2026-08-26 14:00:00,1,8.86,2.44,0.0,11.3,Apple Pay,Delivered
115,315,82,2026-08-18 20:18:00,1,6.23,3.47,0.0,9.7,Cash,Delivered
116,258,100,2025-09-19 20:58:00,2,11.94,2.5,0.0,14.44,Apple Pay,Delivered
117,47,104,2026-06-05 11:53:00,1,9.43,2.5,0.0,11.93,Credit Card,Delivered
118,79,74,2025-10-14 20:36:00,1,6.34,2.43,0.0,8.77,Debit Card,Delivered
119,1214,65,2026-06-13 21:44:00,1,4.25,2.02,0.0,6.27,Debit Card,Delivered
120,105,57,2026-05-09 10:26:00,2,6.8,2.46,0.0,9.26,Debit Card,Delivered
121,1284,49,2026-07-02 11:40:00,1,9.43,2.11,0.0,11.54,Apple Pay,Delivered
122,1345,103,2026-03-29 19:33:00,1,2.52,1.96,0.47,4.01,PayPal,Delivered
123,362,100,2025-12-02 23:11:00,3,15.19,2.78,0.0,17.97,Apple Pay,Delivered
124,665,32,2026-05-12 23:04:00,2,8.32,2.82,0.66,10.48,Apple Pay,Refunded
125,541,75,2025-12-30 12:05:00,1,8.65,2.14,0.0,10.79,PayPal,Delivered
126,591,101,2026-05-08 21:00:00,2,11.36,2.55,0.71,13.2,Apple Pay,Delivered
127,538,120,2026-04-16 21:00:00,1,5.65,2.14,0.0,7.79,Credit Card,Delivered
128,514,72,2026-07-15 22:30:00,1,6.71,3.0,0.0,9.71,Credit Card,Delivered
129,1027,26,2026-08-01 11:00:00,3,16.6,3.07,0.0,19.67,Credit Card,Delivered
130,620,109,2025-10-23 23:55:00,1,4.15,2.76,0.0,6.91,Apple Pay,Delivered
131,281,38,2025-09-14 22:57:00,1,3.99,2.24,0.53,5.7,Cash,Delivered
132,569,31,2025-09-17 20:42:00,1,8.3,2.9,0.87,10.33,Google Pay,Delivered
133,1469,34,2026-06-02 11:30:00,1,6.46,2.08,0.0,8.54,Credit Card,Delivered
134,1482,109,2025-10-18 13:26:00,3,22.44,3.12,0.0,25.56,Cash,Delivered
135,93,40,2026-06-20 14:35:00,1,3.21,2.41,0.0,5.62,Google Pay,Delivered
136,864,74,2026-03-24 22:44:00,1,13.24,2.95,0.0,16.19,Credit Card,Delivered
137,1461,34,2025-11-17 21:59:00,1,8.43,1.98,0.0,10.41,PayPal,Delivered
138,291,11,2026-07-26 23:39:00,1,18.63,3.26,3.46,18.43,Cash,Delivered
139,104,80,2026-02-26 16:42:00,4,17.76,2.0,0.0,19.76,Debit Card,Cancelled
140,318,95,2026-01-23 22:01:00,4,38.74,1.88,7.57,33.05,Cash,Delivered
141,477,12,2026-05-04 22:21:00,1,2.76,2.19,0.0,4.95,PayPal,Delivered
142,1403,75,2026-04-29 09:16:00,1,2.99,2.31,0.0,5.3,Debit Card,Delivered
143,377,63,2026-05-30 13:49:00,1,17.05,3.32,0.0,20.37,Credit Card,Delivered
144,498,19,2026-08-22 21:00:00,1,4.56,2.3,0.0,6.86,Credit Card,Delivered
145,390,81,2026-08-20 20:17:00,2,14.18,3.07,0.0,17.25,Apple Pay,Delivered
146,588,67,2026-01-30 13:39:00,1,2.11,2.88,0.0,4.99,Debit Card,Delivered
147,1493,49,2025-11-13 21:31:00,2,21.48,1.96,0.0,23.44,Debit Card,Cancelled
148,126,85,2025-10-17 14:24:00,3,11.16,2.87,0.0,14.03,Google Pay,Delivered
149,688,63,2025-12-02 20:14:00,3,17.73,3.51,0.0,21.24,Credit Card,Delivered
150,921,2,2026-06-10 23:53:00,1,4.33,2.46,0.0,6.79,Debit Card,Delivered
151,180,48,2026-08-05 13:00:00,1,10.32,1.94,0.0,12.26,Google Pay,Delivered
152,67,6,2025-12-16 11:03:00,1,13.47,2.17,0.0,15.64,Google Pay,Delivered
153,1474,53,2025-10-06 20:56:00,1,4.2,2.29,0.31,6.18,Apple Pay,Refunded
154,404,99,2026-07-29 21:00:00,1,4.14,3.17,0.0,7.31,Debit Card,Delivered
155,364,88,2026-06-14 14:52:00,4,46.91,1.59,3.93,44.57,Credit Card,Delivered
156,523,35,2026-02-25 17:00:00,1,3.86,2.96,0.0,6.82,Apple Pay,Delivered
157,109,69,2025-10-19 18:24:00,1,5.36,2.51,0.0,7.87,Google Pay,Delivered
158,221,32,2026-01-01 22:36:00,2,5.68,2.54,0.0,8.22,Apple Pay,Delivered
159,37,70,2026-02-17 21:43:00,1,11.67,3.26,0.0,14.93,Debit Card,Delivered
160,803,107,2025-10-11 13:56:00,1,7.01,3.48,0.0,10.49,PayPal,Delivered
161,695,101,2026-04-05 13:15:00,3,38.18,1.91,0.0,40.09,Apple Pay,Delivered
162,412,44,2026-03-01 14:57:00,1,17.63,2.68,0.0,20.31,Google Pay,Delivered
163,1378,77,2026-06-08 12:23:00,3,22.08,2.62,0.0,24.7,Credit Card,Delivered
164,458,61,2026-08-14 12:39:00,3,36.96,2.0,4.46,34.5,Credit Card,Delivered
165,26,120,2025-10-12 22:48:00,1,2.79,2.75,0.0,5.54,Debit Card,Delivered
166,150,35,2026-02-13 22:39:00,3,45.09,2.28,0.0,47.37,Apple Pay,Delivered
167,1088,119,2026-06-28 13:03:00,1,2.1,1.61,0.0,3.71,Google Pay,Delivered
168,800,34,2025-09-04 22:52:00,1,3.16,2.11,0.0,5.27,Credit Card,Delivered
169,391,55,2026-07-10 19:02:00,1,3.26,2.7,0.0,5.96,PayPal,Delivered
170,372,72,2026-01-23 21:32:00,1,6.37,3.0,0.4,8.97,PayPal,Delivered
171,329,21,2026-06-17 22:39:00,1,4.82,2.24,0.81,6.25,Credit Card,Delivered
172,633,100,2026-04-08 14:15:00,1,3.29,2.71,0.0,6.0,Apple Pay,Delivered
173,1056,73,2026-08-09 20:46:00,1,4.86,3.15,0.0,8.01,Debit Card,Delivered
174,958,93,2025-10-25 14:35:00,3,21.54,2.56,0.0,24.1,Google Pay,Delivered
175,1122,100,2026-07-16 22:23:00,1,5.84,2.89,0.0,8.73,PayPal,Delivered
176,62,76,2026-03-26 14:09:00,2,9.28,2.35,1.81,9.82,Google Pay,Refunded
177,839,59,2026-06-08 20:40:00,2,16.92,2.59,0.0,19.51,Credit Card,Delivered
178,1147,34,2026-06-10 13:06:00,3,9.03,1.87,1.07,9.83,Debit Card,Delivered
179,304,4,2026-03-31 15:54:00,1,3.54,2.84,0.0,6.38,Debit Card,Delivered
180,875,57,2026-02-13 14:06:00,1,2.72,2.45,0.41,4.76,Credit Card,Delivered
181,10,59,2026-06-23 21:05:00,1,6.09,2.73,1.0,7.82,PayPal,Refunded
182,1365,61,2026-03-04 13:12:00,1,2.67,2.75,0.0,5.42,Apple Pay,Delivered
183,1106,57,2026-08-22 14:49:00,1,1.61,2.77,0.0,4.38,Debit Card,Delivered
184,935,34,2026-08-03 08:00:00,1,3.83,3.09,0.0,6.92,Google Pay,Delivered
185,900,45,2026-04-21 14:34:00,1,3.31,2.47,0.0,5.78,Debit Card,Cancelled
186,1005,3,2026-04-01 13:47:00,3,15.03,2.79,0.0,17.82,Debit Card,Delivered
187,634,17,2025-11-28 19:25:00,3,29.25,2.74,0.0,31.99,Credit Card,Delivered
188,1451,106,2026-06-01 15:59:00,1,3.92,2.9,0.0,6.82,Apple Pay,Delivered
189,321,105,2026-08-21 23:00:00,1,4.02,3.15,0.0,7.17,Credit Card,Delivered
190,1216,50,2026-06-15 19:00:00,2,21.18,2.6,3.51,20.27,Credit Card,Delivered
191,1143,11,2026-06-18 11:23:00,1,13.96,3.19,0.0,17.15,Credit Card,Delivered
192,1257,47,2026-04-23 21:00:00,1,8.03,2.45,0.0,10.48,Debit Card,Delivered
193,107,76,2026-08-28 11:47:00,1,10.43,2.12,0.0,12.55,Debit Card,Delivered
194,668,103,2026-08-19 22:00:00,2,4.76,2.91,0.0,7.67,Debit Card,Delivered
195,965,64,2025-11-16 15:32:00,2,33.29,1.74,0.0,35.03,Apple Pay,Refunded
196,929,96,2026-06-09 11:00:00,3,17.91,2.79,0.0,20.7,Debit Card,Delivered
197,1033,4,2026-08-21 23:10:00,2,6.64,2.13,0.0,8.77,Credit Card,Delivered
198,952,115,2026-03-14 18:04:00,1,3.34,2.69,0.0,6.03,PayPal,Delivered
199,335,109,2026-06-21 22:00:00,3,21.51,2.86,0.0,24.37,Credit Card,Delivered
200,1242,67,2026-08-19 16:05:00,1,2.74,3.12,0.36,5.5,Credit Card,Cancelled
201,725,62,2026-01-31 17:50:00,1,4.52,2.59,0.27,6.84,Apple Pay,Delivered
202,1457,72,2025-12-08 14:30:00,1,15.22,3.38,0.0,18.6,Credit Card,Delivered
203,781,117,2026-07-29 14:25:00,3,31.71,1.16,0.0,32.87,Apple Pay,Delivered
204,807,89,2025-11-28 21:00:00,1,3.35,2.27,0.0,5.62,PayPal,Delivered
205,887,53,2026-08-19 10:05:00,1,3.13,2.34,0.0,5.47,Google Pay,Delivered
206,1307,87,2025-09-17 18:38:00,1,17.63,3.13,0.0,20.76,Debit Card,Delivered
207,1352,54,2026-03-26 13:58:00,3,20.43,2.51,0.0,22.94,PayPal,Delivered
208,878,104,2026-04-01 19:08:00,2,7.16,2.08,1.43,7.81,PayPal,Delivered
209,820,72,2026-08-13 13:15:00,1,11.59,3.51,0.0,15.1,Apple Pay,Delivered
210,82,61,2026-08-06 14:46:00,3,30.84,1.62,0.0,32.46,Debit Card,Delivered
211,101,105,2026-07-05 19:47:00,1,4.85,3.44,0.0,8.29,PayPal,Cancelled
212,1105,109,2026-08-01 21:16:00,1,7.47,3.17,0.0,10.64,PayPal,Delivered
213,518,86,2026-07-14 23:00:00,1,3.98,2.6,0.0,6.58,Credit Card,Delivered
214,656,114,2026-03-07 13:43:00,3,32.13,2.08,0.0,34.21,Credit Card,Delivered
215,943,41,2026-07-14 18:15:00,2,9.94,2.69,0.0,12.63,Google Pay,Delivered
216,333,28,2026-06-09 14:48:00,1,11.73,2.3,0.87,13.16,PayPal,Delivered
217,500,45,2026-01-19 20:20:00,1,3.64,2.64,0.41,5.87,PayPal,Delivered
218,65,21,2026-07-19 14:58:00,1,12.2,2.62,0.0,14.82,Apple Pay,Delivered
219,1152,77,2025-09-12 11:51:00,1,4.35,3.18,0.0,7.53,Credit Card,Delivered
220,763,88,2025-10-08 20:04:00,1,10.45,3.12,0.0,13.57,Credit Card,Delivered
221,285,6,2025-10-31 10:44:00,3,14.01,2.5,0.0,16.51,PayPal,Delivered
222,895,34,2026-03-15 10:43:00,3,8.64,2.04,0.0,10.68,Apple Pay,Delivered
223,215,119,2025-09-29 22:18:00,1,3.78,2.24,0.0,6.02,PayPal,Delivered
224,1172,48,2026-08-14 22:00:00,1,1.85,2.79,0.0,4.64,Debit Card,Delivered
225,347,64,2025-11-28 19:47:00,3,18.03,2.75,0.0,20.78,PayPal,Delivered
226,406,77,2025-11-28 09:15:00,3,20.76,3.67,0.0,24.43,PayPal,Delivered
227,1315,38,2025-09-21 14:48:00,3,51.51,1.1,6.49,46.12,Debit Card,Delivered
228,1115,75,2026-08-03 14:00:00,2,5.88,3.13,0.0,9.01,PayPal,Delivered
229,1022,34,2026-08-06 21:00:00,2,6.12,2.38,0.0,8.5,Credit Card,Delivered
230,903,30,2026-06-06 21:53:00,4,51.8,1.97,7.02,46.75,Credit Card,Cancelled
231,781,120,2026-04-03 14:30:00,2,28.0,3.03,2.16,28.87,Apple Pay,Delivered
232,289,4,2025-12-24 16:16:00,1,3.38,1.51,0.0,4.89,Debit Card,Delivered
233,451,62,2025-10-22 13:30:00,2,6.3,2.65,0.0,8.95,Apple Pay,Delivered
234,1445,117,2026-03-07 21:29:00,1,5.53,2.74,0.0,8.27,PayPal,Delivered
235,1378,51,2025-12-25 14:10:00,1,5.47,3.42,0.0,8.89,Debit Card,Delivered
236,1090,94,2026-05-13 21:34:00,6,38.54,1.64,0.0,40.18,Apple Pay,Delivered
237,1334,103,2025-11-21 21:48:00,3,13.05,3.05,0.0,16.1,Credit Card,Delivered
238,1207,74,2026-08-30 12:52:00,1,4.55,3.55,0.0,8.1,Credit Card,Delivered
239,600,19,2025-10-05 22:42:00,2,12.92,2.99,0.0,15.91,Debit Card,Delivered
240,1074,26,2026-07-04 22:29:00,1,2.61,3.14,0.0,5.75,PayPal,Delivered
241,1130,75,2026-05-05 19:50:00,4,13.21,2.08,0.83,14.46,Debit Card,Delivered
242,208,89,2026-05-06 11:55:00,2,7.92,3.02,0.0,10.94,Debit Card,Delivered
243,1371,83,2026-07-23 12:48:00,1,2.71,2.64,0.18,5.17,Google Pay,Delivered
244,740,12,2026-02-12 11:47:00,1,13.42,3.24,0.0,16.66,Google Pay,Delivered
245,471,52,2026-05-20 17:47:00,1,5.89,2.1,0.0,7.99,Google Pay,Delivered
246,712,28,2026-03-12 13:29:00,2,12.6,2.5,0.0,15.1,Credit Card,Delivered
247,494,65,2026-05-08 22:46:00,1,2.87,2.96,0.0,5.83,Apple Pay,Delivered
248,499,14,2026-03-21 16:22:00,3,31.92,2.28,0.0,34.2,Apple Pay,Delivered
249,819,44,2026-08-25 17:56:00,1,4.4,3.06,0.0,7.46,Credit Card,Delivered
250,1497,54,2025-12-28 22:53:00,1,13.31,3.4,0.0,16.71,Credit Card,Delivered
251,613,103,2026-05-25 19:36:00,2,8.82,2.57,0.0,11.39,Credit Card,Delivered
252,323,97,2026-07-12 15:00:00,3,9.35,3.27,0.0,12.62,Apple Pay,Delivered
253,1143,10,2025-09-18 23:49:00,1,5.02,2.99,0.0,8.01,PayPal,Delivered
254,443,48,2026-05-15 17:34:00,1,4.44,2.5,0.0,6.94,Credit Card,Cancelled
255,806,99,2025-11-19 19:48:00,1,3.82,2.86,0.0,6.68,Credit Card,Delivered
256,381,58,2025-09-06 15:44:00,1,16.84,2.74,0.0,19.58,Google Pay,Delivered
257,318,95,2026-04-21 20:16:00,2,12.49,2.95,1.83,13.61,PayPal,Delivered
258,378,12,2026-04-12 21:09:00,1,9.84,2.8,0.0,12.64,Google Pay,Delivered
259,535,109,2026-04-23 20:33:00,2,7.54,2.96,0.0,10.5,Credit Card,Delivered
260,1434,62,2026-02-13 13:00:00,1,2.97,1.89,0.35,4.51,Cash,Delivered
261,1007,105,2026-07-03 23:43:00,1,4.33,2.52,0.0,6.85,Credit Card,Cancelled
262,1044,89,2025-09-05 18:41:00,2,7.38,2.57,0.0,9.95,Debit Card,Cancelled
263,81,7,2025-10-28 22:06:00,1,13.74,2.19,0.0,15.93,Google Pay,Delivered
264,17,92,2026-01-16 08:18:00,1,6.57,2.47,0.0,9.04,Debit Card,Delivered
265,514,20,2026-08-25 18:31:00,2,7.06,3.1,0.0,10.16,PayPal,Delivered
266,1332,94,2026-05-22 23:43:00,1,3.76,2.82,0.0,6.58,Debit Card,Cancelled
267,25,34,2026-03-08 21:00:00,1,2.93,2.69,0.0,5.62,Apple Pay,Delivered
268,1150,68,2026-08-15 12:33:00,1,12.81,3.33,0.0,16.14,Debit Card,Delivered
269,1232,87,2026-08-02 21:14:00,3,13.5,3.24,0.0,16.74,Debit Card,Delivered
270,417,25,2026-07-16 09:00:00,1,10.24,2.8,0.0,13.04,Credit Card,Delivered
271,176,100,2026-03-13 14:29:00,1,3.03,3.32,0.0,6.35,Google Pay,Delivered
272,231,100,2026-08-14 13:11:00,1,3.27,2.55,0.0,5.82,Google Pay,Delivered
273,116,46,2026-08-13 13:00:00,1,8.17,3.42,0.0,11.59,Apple Pay,Delivered
274,1266,84,2025-10-28 10:24:00,1,3.34,2.69,0.0,6.03,Google Pay,Delivered
275,1180,120,2026-01-07 20:46:00,1,3.7,3.08,0.0,6.78,PayPal,Delivered
276,1010,76,2026-08-20 21:17:00,1,15.25,2.69,0.0,17.94,Credit Card,Delivered
277,135,74,2025-11-20 13:38:00,2,26.42,2.57,0.0,28.99,Credit Card,Delivered
278,1426,76,2026-04-21 19:21:00,2,7.7,2.69,0.0,10.39,Apple Pay,Delivered
279,1027,26,2026-06-02 18:00:00,1,4.83,2.47,0.0,7.3,PayPal,Delivered
280,1242,17,2026-05-27 23:06:00,1,9.74,3.01,0.96,11.79,Credit Card,Refunded
281,570,9,2026-07-22 21:01:00,1,4.72,2.26,0.0,6.98,Credit Card,Delivered
282,297,103,2025-09-15 23:20:00,1,2.12,2.33,0.0,4.45,Cash,Delivered
283,1233,116,2026-01-16 22:15:00,1,5.86,2.08,0.9,7.04,Credit Card,Delivered
284,78,95,2026-03-31 20:45:00,1,5.58,2.36,0.91,7.03,Debit Card,Delivered
285,275,7,2025-11-06 11:31:00,1,4.33,3.82,0.0,8.15,PayPal,Delivered
286,231,100,2026-04-20 22:03:00,1,5.9,2.52,0.0,8.42,PayPal,Delivered
287,127,65,2026-01-12 21:45:00,1,4.42,3.0,0.0,7.42,Credit Card,Delivered
288,827,58,2025-09-13 13:23:00,1,14.22,2.32,0.0,16.54,PayPal,Delivered
289,343,106,2026-04-14 13:36:00,3,21.66,1.79,0.0,23.45,Debit Card,Delivered
290,1450,115,2025-09-14 19:07:00,1,2.5,2.79,0.0,5.29,Credit Card,Delivered
291,1399,74,2025-11-13 13:03:00,6,74.96,1.85,0.0,76.81,PayPal,Delivered
292,253,39,2025-10-30 23:06:00,1,9.68,2.44,0.0,12.12,Google Pay,Delivered
293,1244,88,2025-09-19 13:27:00,1,5.59,2.76,0.0,8.35,Apple Pay,Delivered
294,59,83,2026-01-29 12:53:00,1,15.32,2.45,0.0,17.77,Credit Card,Delivered
295,429,78,2026-07-16 11:57:00,1,3.16,3.25,0.0,6.41,Credit Card,Cancelled
296,990,106,2025-12-21 19:48:00,3,18.84,3.12,0.0,21.96,Debit Card,Delivered
297,310,69,2025-11-27 21:54:00,1,11.94,3.18,1.86,13.26,Credit Card,Delivered
298,118,34,2026-06-22 19:46:00,1,6.85,1.74,0.0,8.59,Credit Card,Delivered
299,236,98,2026-08-08 13:44:00,1,6.75,2.5,0.0,9.25,Credit Card,Delivered
300,988,70,2025-12-19 22:25:00,1,3.98,2.53,0.0,6.51,Credit Card,Delivered
301,332,91,2025-09-19 15:17:00,3,47.22,1.57,0.0,48.79,PayPal,Delivered
302,369,104,2026-06-05 12:37:00,1,9.41,2.87,0.55,11.73,Credit Card,Delivered
303,308,3,2026-04-26 13:01:00,1,14.87,2.81,1.32,16.36,Credit Card,Cancelled
304,1323,90,2026-08-31 16:10:00,1,6.77,2.81,0.0,9.58,Credit Card,Delivered
305,1333,45,2026-05-01 19:27:00,2,7.24,2.46,0.0,9.7,PayPal,Delivered
306,1208,52,2026-08-07 20:37:00,1,3.25,2.32,0.25,5.32,Debit Card,Delivered
307,30,89,2025-10-27 11:22:00,1,7.77,2.35,0.0,10.12,Credit Card,Delivered
308,376,70,2026-07-26 22:00:00,1,3.64,2.65,0.0,6.29,Debit Card,Delivered
309,1321,12,2026-05-01 14:40:00,1,3.58,2.6,0.0,6.18,Credit Card,Delivered
310,831,55,2026-05-31 13:15:00,1,11.55,2.93,0.0,14.48,Apple Pay,Cancelled
311,63,6,2026-01-20 21:04:00,2,26.84,3.18,0.0,30.02,Debit Card,Delivered
312,374,17,2026-02-05 20:16:00,1,3.77,2.51,0.59,5.69,PayPal,Delivered
313,1241,42,2026-01-18 23:55:00,1,5.8,2.95,1.06,7.69,Apple Pay,Delivered
314,1319,119,2026-04-16 15:00:00,2,4.96,2.65,0.0,7.61,PayPal,Delivered
315,639,34,2026-07-18 12:44:00,1,3.2,2.18,0.53,4.85,PayPal,Delivered
316,228,74,2026-07-30 23:41:00,1,3.96,2.99,0.0,6.95,Debit Card,Delivered
317,116,42,2026-08-14 18:58:00,1,4.07,2.97,0.0,7.04,Debit Card,Delivered
318,339,25,2026-03-04 20:55:00,1,12.73,2.63,0.0,15.36,Debit Card,Delivered
319,1199,72,2025-11-03 10:51:00,4,20.68,2.29,0.0,22.97,Credit Card,Delivered
320,1240,88,2026-01-27 14:18:00,1,5.53,2.38,0.0,7.91,Debit Card,Delivered
321,385,65,2026-05-08 23:25:00,1,3.31,3.0,0.0,6.31,Debit Card,Delivered
322,1466,95,2025-11-03 23:29:00,2,26.16,2.11,3.68,24.59,Credit Card,Delivered
323,1318,83,2025-10-27 23:39:00,3,15.9,3.47,1.63,17.74,Google Pay,Refunded
324,1482,36,2026-08-29 22:08:00,2,14.48,2.49,0.0,16.97,Credit Card,Delivered
325,1129,44,2026-05-28 18:00:00,1,15.14,2.05,0.0,17.19,Credit Card,Delivered
326,860,93,2026-04-07 19:38:00,3,10.77,2.22,0.0,12.99,PayPal,Delivered
327,1473,2,2025-10-25 11:12:00,3,43.14,0.99,0.0,44.13,Apple Pay,Delivered
328,1034,101,2026-05-17 21:00:00,3,29.46,2.16,4.63,26.99,Debit Card,Delivered
329,1248,117,2026-04-20 21:00:00,1,5.64,2.84,0.0,8.48,PayPal,Delivered
330,605,75,2026-08-27 21:00:00,1,8.75,1.86,0.0,10.61,Credit Card,Delivered
331,362,69,2026-05-25 15:18:00,1,10.56,2.15,1.8,10.91,Cash,Delivered
332,861,27,2026-06-28 13:09:00,2,5.6,2.3,0.0,7.9,PayPal,Cancelled
333,614,103,2026-03-05 21:26:00,2,19.78,2.51,0.0,22.29,Credit Card,Delivered
334,527,26,2026-07-01 23:00:00,1,15.46,3.26,0.0,18.72,Apple Pay,Delivered
335,1045,83,2026-08-14 16:37:00,1,4.35,2.85,0.0,7.2,Credit Card,Refunded
336,917,38,2026-01-14 11:26:00,1,13.39,2.74,0.0,16.13,Debit Card,Delivered
337,475,120,2026-06-06 22:15:00,2,32.46,2.02,3.27,31.21,Debit Card,Delivered
338,363,100,2025-11-12 21:27:00,2,25.11,3.12,0.0,28.23,Apple Pay,Delivered
339,820,91,2025-10-29 20:26:00,2,10.72,2.82,1.91,11.63,Cash,Delivered
340,491,29,2026-08-29 23:00:00,1,1.57,2.48,0.0,4.05,Debit Card,Delivered
341,357,1,2025-11-15 20:38:00,1,7.75,1.23,0.0,8.98,PayPal,Delivered
342,334,11,2026-03-14 20:14:00,1,14.09,2.7,0.0,16.79,PayPal,Delivered
343,995,105,2026-06-06 21:00:00,2,8.62,3.42,0.0,12.04,Credit Card,Delivered
344,623,79,2026-06-08 18:00:00,1,3.34,2.26,0.0,5.6,PayPal,Delivered
345,514,116,2025-12-31 13:13:00,1,13.68,3.0,0.0,16.68,Google Pay,Delivered
346,173,72,2025-11-10 13:43:00,1,4.35,2.89,0.0,7.24,PayPal,Refunded
347,83,8,2026-08-19 21:00:00,1,2.75,2.06,0.34,4.47,Debit Card,Refunded
348,1043,3,2026-08-13 13:00:00,1,5.17,2.94,0.63,7.48,PayPal,Delivered
349,1452,21,2025-09-11 23:56:00,1,8.5,2.58,0.0,11.08,Apple Pay,Delivered
350,488,22,2026-06-30 15:37:00,3,32.22,1.6,0.0,33.82,Credit Card,Delivered
351,1266,84,2026-01-27 20:24:00,1,8.37,2.11,0.7,9.78,Credit Card,Delivered
352,903,25,2025-12-11 10:45:00,2,25.5,2.41,0.0,27.91,PayPal,Cancelled
353,456,5,2026-03-13 17:33:00,1,13.87,2.39,0.0,16.26,Credit Card,Delivered
354,851,41,2026-08-01 15:57:00,1,3.66,2.6,0.0,6.26,Apple Pay,Delivered
355,195,70,2026-04-29 21:00:00,1,12.05,2.79,0.0,14.84,Debit Card,Delivered
356,507,32,2026-01-07 11:00:00,2,8.46,2.43,0.0,10.89,Credit Card,Delivered
357,1103,8,2026-06-06 15:42:00,1,2.78,2.14,0.0,4.92,Apple Pay,Delivered
358,1277,22,2026-06-06 22:02:00,1,10.72,3.82,0.76,13.78,Credit Card,Delivered
359,332,91,2026-08-20 20:52:00,1,12.84,3.08,0.0,15.92,Debit Card,Delivered
360,1367,91,2025-11-14 21:20:00,3,41.22,1.13,0.0,42.35,Debit Card,Delivered
361,909,117,2026-07-04 21:01:00,1,10.58,2.9,0.0,13.48,Apple Pay,Delivered
362,344,74,2026-01-16 20:23:00,3,18.96,2.94,0.0,21.9,Credit Card,Delivered
363,1169,8,2026-01-08 15:50:00,1,2.85,3.72,0.5,6.07,PayPal,Delivered
364,1322,76,2026-04-20 15:57:00,2,6.56,2.81,0.0,9.37,Cash,Delivered
365,409,35,2026-03-15 11:08:00,2,7.26,3.6,1.14,9.72,PayPal,Delivered
366,159,86,2025-11-25 13:23:00,1,2.64,2.12,0.0,4.76,Credit Card,Delivered
367,427,116,2025-11-18 19:50:00,3,41.19,1.49,0.0,42.68,Debit Card,Delivered
368,1135,75,2026-04-26 22:01:00,2,6.22,2.02,0.0,8.24,PayPal,Delivered
369,93,40,2026-08-21 20:32:00,1,8.35,3.03,0.0,11.38,Debit Card,Delivered
370,434,54,2025-11-23 15:32:00,1,7.48,2.51,0.0,9.99,PayPal,Delivered
371,480,12,2026-03-15 22:22:00,1,5.37,2.42,0.0,7.79,PayPal,Cancelled
372,26,41,2025-12-23 17:19:00,1,16.11,3.0,0.0,19.11,Apple Pay,Delivered
373,897,41,2025-12-01 13:56:00,1,3.79,2.67,0.0,6.46,PayPal,Delivered
374,1210,39,2026-06-18 11:21:00,3,31.11,1.74,0.0,32.85,PayPal,Delivered
375,234,6,2026-05-23 22:36:00,2,8.38,2.32,0.0,10.7,Credit Card,Delivered
376,1330,115,2026-02-22 20:45:00,1,13.38,1.84,0.0,15.22,Debit Card,Cancelled
377,1430,76,2026-02-27 19:02:00,1,9.39,3.19,0.0,12.58,Apple Pay,Delivered
378,1306,101,2026-02-03 21:49:00,1,14.38,3.31,1.39,16.3,Apple Pay,Refunded
379,1084,10,2026-08-30 20:45:00,2,6.62,2.78,0.0,9.4,Credit Card,Delivered
380,673,75,2026-08-12 14:11:00,1,3.34,2.53,0.0,5.87,Credit Card,Delivered
381,306,76,2025-12-17 20:00:00,1,10.45,2.3,0.0,12.75,PayPal,Cancelled
382,1370,65,2026-06-25 12:34:00,3,9.7,2.48,0.0,12.18,Debit Card,Delivered
383,796,65,2026-07-12 14:00:00,1,2.99,3.55,0.43,6.11,Debit Card,Delivered
384,679,78,2026-04-27 19:53:00,1,16.0,3.48,0.0,19.48,Credit Card,Delivered
385,588,65,2026-08-10 11:09:00,1,3.59,2.69,0.0,6.28,Debit Card,Delivered
386,328,93,2026-02-01 22:36:00,1,4.3,1.68,0.0,5.98,Credit Card,Delivered
387,574,47,2026-02-16 11:29:00,2,11.66,2.49,0.0,14.15,Credit Card,Delivered
388,1198,49,2026-04-17 15:41:00,1,5.36,2.65,0.0,8.01,Debit Card,Delivered
389,840,50,2025-12-23 17:31:00,1,2.94,2.27,0.34,4.87,Apple Pay,Delivered
390,594,118,2025-12-06 20:34:00,1,14.26,2.82,0.0,17.08,Google Pay,Delivered
391,163,115,2026-04-09 12:33:00,2,10.02,3.57,0.63,12.96,Credit Card,Delivered
392,623,75,2026-04-19 22:00:00,1,3.4,2.54,0.0,5.94,Credit Card,Delivered
393,323,32,2026-08-29 16:00:00,2,7.33,2.98,0.0,10.31,Credit Card,Delivered
394,597,29,2025-12-01 13:08:00,1,2.31,2.45,0.0,4.76,Google Pay,Delivered
395,225,102,2025-10-04 12:26:00,1,5.58,2.95,0.0,8.53,Credit Card,Delivered
396,1422,52,2025-10-07 23:32:00,1,4.75,2.94,0.0,7.69,Google Pay,Delivered
397,261,90,2025-12-04 15:42:00,1,15.71,2.59,0.85,17.45,PayPal,Delivered
398,187,32,2025-10-10 15:50:00,1,2.9,2.04,0.0,4.94,Apple Pay,Delivered
399,983,48,2025-12-24 12:09:00,1,8.97,2.92,0.0,11.89,Credit Card,Delivered
400,516,33,2026-01-31 18:35:00,2,8.28,2.19,0.0,10.47,PayPal,Refunded
401,1495,59,2025-11-29 14:47:00,2,8.56,2.79,0.0,11.35,Credit Card,Delivered
402,607,42,2026-03-14 12:19:00,1,4.7,3.61,0.72,7.59,PayPal,Delivered
403,977,12,2026-01-18 21:02:00,1,9.89,2.82,1.07,11.64,PayPal,Delivered
404,1252,30,2026-04-02 22:00:00,2,28.48,3.0,0.0,31.48,Apple Pay,Delivered
405,1478,79,2026-01-01 14:50:00,3,9.63,2.73,0.0,12.36,PayPal,Delivered
406,1215,56,2025-09-05 13:42:00,1,5.1,3.26,0.0,8.36,Cash,Delivered
407,866,105,2026-05-25 15:44:00,1,4.08,3.39,0.0,7.47,Debit Card,Delivered
408,1222,72,2026-08-26 23:00:00,1,9.07,2.22,0.0,11.29,PayPal,Delivered
409,425,58,2026-04-08 19:47:00,1,17.33,3.35,0.0,20.68,Credit Card,Delivered
410,1306,16,2026-05-30 12:00:00,1,15.62,2.82,0.0,18.44,Credit Card,Delivered
411,1309,112,2026-02-04 20:17:00,5,34.86,1.46,0.0,36.32,Credit Card,Delivered
412,576,93,2026-06-23 15:28:00,2,5.64,2.01,0.0,7.65,Credit Card,Delivered
413,101,105,2025-11-13 09:50:00,2,5.78,2.95,0.98,7.75,Credit Card,Delivered
414,1027,26,2026-08-26 23:13:00,3,9.87,2.84,0.0,12.71,Credit Card,Refunded
415,154,6,2026-02-01 12:41:00,1,3.28,2.85,0.0,6.13,Credit Card,Delivered
416,27,61,2025-10-20 16:01:00,2,20.48,2.68,0.0,23.16,PayPal,Delivered
417,1422,61,2025-11-05 20:58:00,1,11.83,2.79,0.0,14.62,Debit Card,Delivered
418,852,115,2026-02-16 19:04:00,2,10.6,3.12,0.0,13.72,Google Pay,Delivered
419,976,108,2026-08-14 08:01:00,1,3.37,3.29,0.0,6.66,Debit Card,Delivered
420,1321,12,2026-02-20 20:24:00,2,26.58,3.14,0.0,29.72,Credit Card,Cancelled
421,1394,2,2025-11-03 21:47:00,2,14.94,3.37,0.0,18.31,Google Pay,Delivered
422,1435,33,2026-01-22 22:12:00,4,17.12,2.69,0.0,19.81,Google Pay,Delivered
423,200,23,2026-07-11 12:37:00,1,3.49,2.29,0.0,5.78,Debit Card,Delivered
424,486,40,2026-08-28 10:20:00,2,8.76,2.64,0.0,11.4,Credit Card,Delivered
425,1153,13,2026-04-13 23:59:00,1,3.39,2.56,0.42,5.53,Google Pay,Delivered
426,44,65,2026-07-14 20:28:00,1,5.42,2.06,0.0,7.48,Google Pay,Delivered
427,353,6,2026-06-23 17:26:00,1,15.33,2.72,0.0,18.05,Cash,Delivered
428,773,108,2026-08-17 21:00:00,1,4.97,3.09,0.83,7.23,Debit Card,Delivered
429,516,111,2026-07-22 12:16:00,1,2.99,3.28,0.0,6.27,Credit Card,Delivered
430,260,74,2025-09-28 23:01:00,1,15.47,2.78,0.0,18.25,Debit Card,Delivered
431,1349,40,2026-06-21 20:52:00,1,3.6,3.11,0.0,6.71,PayPal,Delivered
432,672,108,2026-04-03 22:28:00,2,6.74,2.82,0.0,9.56,Credit Card,Delivered
433,617,86,2026-04-04 19:19:00,1,6.15,1.33,0.0,7.48,Credit Card,Delivered
434,987,23,2026-08-08 21:14:00,2,22.52,2.04,0.0,24.56,Google Pay,Delivered
435,1006,12,2026-08-31 14:00:00,1,12.21,2.84,0.0,15.05,Credit Card,Delivered
436,739,85,2025-11-12 12:38:00,1,3.73,1.95,0.23,5.45,Credit Card,Delivered
437,1331,1,2026-04-29 14:19:00,1,3.47,1.75,0.0,5.22,PayPal,Refunded
438,444,41,2026-05-29 22:17:00,1,3.88,2.19,0.0,6.07,Cash,Delivered
439,1307,87,2025-09-02 21:56:00,1,3.5,2.74,0.42,5.82,Google Pay,Delivered
440,1303,1,2026-03-02 17:03:00,2,16.2,2.37,0.0,18.57,Credit Card,Delivered
441,14,42,2026-08-31 13:00:00,1,16.36,2.2,0.0,18.56,PayPal,Delivered
442,1133,62,2026-06-27 20:57:00,1,10.05,3.06,0.0,13.11,Cash,Delivered
443,238,106,2026-07-11 20:19:00,1,4.17,2.32,0.0,6.49,PayPal,Delivered
444,729,94,2025-10-21 19:03:00,3,8.07,2.15,0.0,10.22,Credit Card,Delivered
445,1378,51,2026-03-31 21:49:00,2,9.92,2.96,0.0,12.88,PayPal,Delivered
446,294,35,2026-05-22 13:54:00,1,3.86,2.46,0.0,6.32,PayPal,Delivered
447,844,52,2025-12-05 18:03:00,2,9.52,2.37,0.0,11.89,Debit Card,Delivered
448,1167,54,2026-08-07 14:22:00,1,11.56,2.37,0.0,13.93,Debit Card,Delivered
449,721,9,2026-07-23 13:05:00,2,9.3,2.43,0.0,11.73,Credit Card,Delivered
450,118,47,2025-11-03 14:53:00,1,1.54,2.18,0.0,3.72,Apple Pay,Cancelled
451,98,2,2026-05-14 21:00:00,2,26.86,2.66,0.0,29.52,Debit Card,Delivered
452,777,49,2026-03-30 12:48:00,1,4.49,2.71,0.0,7.2,Credit Card,Delivered
453,38,40,2026-07-20 13:19:00,1,3.58,2.77,0.57,5.78,Debit Card,Refunded
454,24,68,2026-05-08 19:42:00,1,12.22,2.86,0.0,15.08,PayPal,Delivered
455,1431,64,2026-06-05 15:10:00,3,13.86,2.26,0.0,16.12,PayPal,Delivered
456,800,34,2026-05-21 22:08:00,1,2.92,2.26,0.0,5.18,Apple Pay,Refunded
457,711,110,2025-10-24 21:35:00,2,9.14,2.1,0.0,11.24,Google Pay,Delivered
458,151,11,2025-09-25 20:58:00,3,55.71,2.33,0.0,58.04,PayPal,Delivered
459,1180,117,2025-09-23 13:15:00,1,11.58,2.97,0.95,13.6,PayPal,Delivered
460,766,69,2026-08-26 09:28:00,1,10.61,3.15,0.66,13.1,PayPal,Delivered
461,331,48,2026-08-14 14:59:00,3,5.78,2.06,0.0,7.84,Debit Card,Delivered
462,1130,103,2026-07-02 20:25:00,1,2.31,2.84,0.43,4.72,Debit Card,Delivered
463,356,4,2025-09-25 12:49:00,2,6.84,1.99,0.0,8.83,PayPal,Delivered
464,755,73,2026-07-24 22:41:00,2,7.44,2.75,0.0,10.19,Apple Pay,Delivered
465,841,69,2026-08-22 23:53:00,1,4.27,2.4,0.0,6.67,Apple Pay,Delivered
466,419,71,2026-07-22 21:00:00,1,11.24,3.03,0.0,14.27,Credit Card,Delivered
467,1315,69,2026-02-01 16:50:00,1,4.58,3.45,0.0,8.03,Cash,Delivered
468,1056,28,2025-10-04 21:49:00,1,12.76,2.9,0.0,15.66,Cash,Delivered
469,433,95,2026-05-23 13:00:00,1,9.25,2.16,1.42,9.99,Credit Card,Delivered
470,235,26,2025-11-14 23:54:00,2,5.54,2.79,0.0,8.33,Cash,Delivered
471,494,65,2026-04-26 14:20:00,1,4.79,3.8,0.0,8.59,PayPal,Delivered
472,699,19,2026-07-20 21:49:00,1,6.4,3.09,0.0,9.49,Credit Card,Delivered
473,826,100,2026-06-09 09:00:00,2,11.9,2.45,0.0,14.35,Apple Pay,Delivered
474,601,66,2025-09-19 20:05:00,1,8.93,3.04,0.0,11.97,Credit Card,Delivered
475,61,28,2026-01-21 14:54:00,1,15.09,2.81,0.0,17.9,PayPal,Delivered
476,1015,24,2026-06-19 12:43:00,2,26.04,3.63,0.0,29.67,Google Pay,Delivered
477,569,65,2026-04-23 16:41:00,2,8.58,2.61,0.0,11.19,Debit Card,Delivered
478,504,45,2025-09-15 12:04:00,1,3.74,2.33,0.72,5.35,Debit Card,Delivered
479,835,29,2026-01-06 13:59:00,1,5.26,2.25,0.0,7.51,Credit Card,Delivered
480,1253,13,2026-08-29 22:00:00,1,9.98,2.6,0.0,12.58,Debit Card,Delivered
481,8,8,2025-09-13 11:51:00,1,4.35,2.03,0.0,6.38,PayPal,Delivered
482,1442,88,2026-01-08 20:20:00,2,24.26,2.31,0.0,26.57,Apple Pay,Delivered
483,958,45,2026-06-28 11:04:00,1,3.86,2.24,0.0,6.1,Google Pay,Delivered
484,821,90,2025-10-18 21:44:00,1,5.61,3.07,0.0,8.68,PayPal,Delivered
485,77,14,2026-03-07 23:30:00,1,8.57,2.48,0.0,11.05,Debit Card,Delivered
486,1067,94,2026-04-28 16:15:00,1,3.77,2.45,0.0,6.22,Debit Card,Delivered
487,1080,17,2026-07-25 23:00:00,1,3.42,2.05,0.0,5.47,PayPal,Delivered
488,841,78,2025-12-30 20:40:00,1,15.01,3.04,0.0,18.05,Credit Card,Delivered
489,1203,11,2026-03-29 20:52:00,1,6.52,3.52,0.0,10.04,Debit Card,Delivered
490,1259,4,2026-05-22 12:34:00,1,3.38,2.1,0.0,5.48,PayPal,Delivered
491,1259,4,2026-04-13 23:56:00,2,6.96,2.18,0.0,9.14,PayPal,Delivered
492,491,119,2026-08-27 22:00:00,1,2.45,1.91,0.0,4.36,Credit Card,Delivered
493,1011,55,2025-11-19 12:33:00,2,9.1,3.09,0.0,12.19,Debit Card,Delivered
494,86,100,2026-01-20 10:00:00,1,8.2,3.18,0.0,11.38,Apple Pay,Delivered
495,843,50,2026-08-08 14:03:00,1,8.64,2.5,0.0,11.14,Apple Pay,Delivered
496,219,101,2026-05-29 12:15:00,2,17.5,2.37,0.0,19.87,PayPal,Delivered
497,462,78,2026-02-11 14:20:00,1,5.55,2.92,0.0,8.47,Google Pay,Delivered
498,1016,56,2026-03-28 23:37:00,1,3.84,2.89,0.0,6.73,Apple Pay,Delivered
499,637,89,2026-08-02 22:11:00,3,31.8,1.89,0.0,33.69,Apple Pay,Delivered
500,1296,82,2026-07-14 16:30:00,2,8.5,2.16,0.43,10.23,Apple Pay,Delivered
501,131,116,2026-06-22 13:31:00,1,14.77,2.35,0.0,17.12,Apple Pay,Delivered
502,1458,61,2026-04-04 19:30:00,2,13.28,2.03,2.63,12.68,Google Pay,Delivered
503,1061,63,2026-05-21 23:59:00,1,15.28,3.52,0.0,18.8,Credit Card,Delivered
504,646,10,2026-03-31 21:11:00,2,36.52,2.35,0.0,38.87,PayPal,Delivered
505,38,15,2026-02-15 22:20:00,3,39.45,1.03,0.0,40.48,Apple Pay,Cancelled
506,63,74,2026-05-04 21:22:00,1,4.02,2.5,0.39,6.13,Credit Card,Delivered
507,621,48,2025-09-11 18:44:00,1,10.31,1.96,0.0,12.27,Credit Card,Delivered
508,859,24,2026-07-01 12:39:00,2,20.34,2.94,0.0,23.28,Debit Card,Delivered
509,760,61,2026-05-31 22:00:00,2,5.94,2.71,0.0,8.65,PayPal,Delivered
510,446,27,2026-03-18 20:31:00,2,3.41,2.9,0.0,6.31,Apple Pay,Delivered
511,976,6,2026-05-01 21:49:00,2,16.15,2.7,0.0,18.85,PayPal,Delivered
512,922,46,2025-12-31 21:01:00,1,16.09,2.34,1.29,17.14,Credit Card,Delivered
513,515,65,2025-12-30 13:08:00,3,10.86,2.29,0.0,13.15,Google Pay,Delivered
514,489,74,2025-11-04 13:36:00,1,6.35,2.46,0.0,8.81,Credit Card,Delivered
515,665,23,2025-10-07 22:14:00,1,12.19,3.0,0.0,15.19,Google Pay,Delivered
516,1115,103,2026-07-20 15:17:00,2,5.86,3.25,0.0,9.11,Debit Card,Delivered
517,882,58,2026-03-08 12:13:00,2,34.64,2.02,3.22,33.44,Credit Card,Delivered
518,191,26,2026-05-06 20:08:00,1,3.35,2.78,0.0,6.13,Debit Card,Delivered
519,1385,64,2025-10-27 14:17:00,1,3.67,3.16,0.0,6.83,PayPal,Delivered
520,304,4,2026-07-10 20:54:00,1,4.24,1.78,0.0,6.02,Google Pay,Delivered
521,1008,17,2025-12-21 20:02:00,2,9.64,2.5,1.41,10.73,PayPal,Delivered
522,26,117,2026-02-16 20:59:00,1,12.03,2.13,0.0,14.16,Cash,Delivered
523,382,63,2026-03-03 23:32:00,1,14.3,3.25,0.0,17.55,Debit Card,Delivered
524,848,95,2026-05-30 13:46:00,1,4.62,2.69,0.0,7.31,Credit Card,Delivered
525,1271,75,2025-10-13 23:44:00,2,17.44,2.81,0.96,19.29,Debit Card,Delivered
526,845,70,2026-07-29 21:03:00,1,5.47,3.06,0.0,8.53,PayPal,Delivered
527,83,8,2026-03-03 22:00:00,1,2.8,2.09,0.0,4.89,Credit Card,Refunded
528,1434,62,2026-04-21 21:52:00,1,10.81,3.17,1.78,12.2,Credit Card,Delivered
529,409,30,2025-11-16 10:38:00,1,14.33,2.29,0.0,16.62,PayPal,Delivered
530,547,94,2026-08-04 18:22:00,1,2.77,3.73,0.0,6.5,Debit Card,Delivered
531,163,56,2026-04-05 12:32:00,2,23.04,2.26,0.0,25.3,Apple Pay,Delivered
532,1045,88,2026-08-13 20:25:00,3,35.34,2.06,0.0,37.4,Credit Card,Delivered
533,671,78,2026-08-07 11:05:00,2,33.08,2.26,0.0,35.34,Debit Card,Delivered
534,330,71,2025-12-07 10:56:00,2,4.88,2.87,0.0,7.75,PayPal,Delivered
535,956,77,2026-07-11 22:00:00,1,17.53,2.53,0.0,20.06,Google Pay,Cancelled
536,294,25,2025-10-12 22:51:00,1,12.75,2.45,0.0,15.2,Credit Card,Delivered
537,797,35,2026-05-22 20:14:00,1,13.16,2.35,0.0,15.51,Credit Card,Delivered
538,996,76,2025-09-10 17:36:00,1,2.98,2.67,0.0,5.65,Credit Card,Delivered
539,1217,17,2026-04-11 22:00:00,2,19.32,2.9,0.0,22.22,Cash,Delivered
540,1043,49,2026-07-29 23:53:00,1,13.53,2.95,0.0,16.48,Credit Card,Delivered
541,852,56,2026-04-20 11:37:00,1,3.81,2.82,0.0,6.63,Apple Pay,Delivered
542,51,117,2026-02-12 12:35:00,1,5.83,2.24,0.0,8.07,PayPal,Delivered
543,350,30,2025-10-21 22:18:00,2,18.54,3.44,0.0,21.98,Apple Pay,Refunded
544,867,46,2026-08-27 12:00:00,1,8.41,2.81,0.0,11.22,Debit Card,Delivered
545,805,78,2026-07-07 21:07:00,2,27.21,2.61,0.0,29.82,Debit Card,Delivered
546,801,27,2025-09-17 19:30:00,1,2.84,2.37,0.0,5.21,Cash,Delivered
547,1104,11,2026-05-30 18:16:00,1,6.56,2.22,0.56,8.22,Credit Card,Delivered
548,1358,94,2025-12-30 11:27:00,2,16.34,2.65,0.0,18.99,PayPal,Delivered
549,755,28,2026-05-07 21:02:00,2,29.62,2.68,0.0,32.3,Cash,Delivered
550,202,79,2026-05-17 20:00:00,1,2.06,2.42,0.0,4.48,Credit Card,Delivered
551,663,5,2025-09-06 23:44:00,2,13.24,3.28,0.0,16.52,Google Pay,Delivered
552,380,34,2026-06-03 18:41:00,1,2.88,1.78,0.0,4.66,Credit Card,Delivered
553,794,69,2026-07-03 22:41:00,1,10.64,2.74,0.0,13.38,Credit Card,Delivered
554,885,41,2026-05-08 12:02:00,1,15.67,2.55,0.0,18.22,Credit Card,Delivered
555,823,65,2025-10-26 13:40:00,1,3.54,2.49,0.42,5.61,Apple Pay,Delivered
556,873,110,2026-02-12 23:19:00,1,5.13,2.82,0.0,7.95,Credit Card,Delivered
557,466,89,2026-03-14 12:37:00,1,13.51,2.71,0.0,16.22,Debit Card,Delivered
558,266,117,2026-06-17 13:38:00,2,24.26,2.69,4.07,22.88,PayPal,Delivered
559,1282,60,2026-06-11 12:17:00,2,3.63,1.74,0.0,5.37,Credit Card,Delivered
560,603,105,2026-07-24 21:08:00,2,7.35,3.16,0.0,10.51,Credit Card,Delivered
561,312,61,2026-04-19 21:06:00,1,6.53,2.03,0.0,8.56,Credit Card,Delivered
562,1494,106,2026-08-10 22:26:00,2,15.35,2.13,0.0,17.48,Credit Card,Cancelled
563,50,36,2026-06-26 12:35:00,1,4.85,2.42,0.0,7.27,Debit Card,Delivered
564,520,54,2025-11-13 14:00:00,4,25.92,1.97,0.0,27.89,Debit Card,Delivered
565,1113,44,2026-05-17 14:43:00,1,3.19,2.82,0.0,6.01,Google Pay,Delivered
566,617,119,2025-10-03 23:14:00,1,8.09,2.11,0.0,10.2,Apple Pay,Refunded
567,1264,64,2026-06-03 19:48:00,2,10.3,3.27,0.0,13.57,Cash,Delivered
568,539,71,2025-11-20 14:41:00,1,12.92,3.01,0.0,15.93,Apple Pay,Delivered
569,965,64,2025-12-19 14:43:00,1,5.05,3.31,0.0,8.36,Cash,Delivered
570,642,106,2026-03-29 14:12:00,1,2.88,2.52,0.0,5.4,Credit Card,Delivered
571,704,107,2026-01-17 21:39:00,1,6.53,3.14,0.0,9.67,Credit Card,Delivered
572,747,31,2026-04-25 19:40:00,1,3.42,2.96,0.0,6.38,Debit Card,Cancelled
573,1463,116,2026-03-03 20:49:00,1,16.7,2.94,0.0,19.64,Debit Card,Cancelled
574,1140,7,2026-04-22 17:34:00,1,13.85,2.85,0.0,16.7,Apple Pay,Delivered
575,557,17,2026-04-04 10:45:00,1,8.81,2.51,0.0,11.32,PayPal,Delivered
576,625,110,2025-11-15 21:27:00,1,4.5,2.59,0.0,7.09,Cash,Refunded
577,609,47,2026-05-11 21:56:00,1,6.31,2.49,0.0,8.8,Debit Card,Delivered
578,1105,90,2026-08-16 12:42:00,2,8.14,2.96,0.0,11.1,PayPal,Delivered
579,887,40,2026-03-22 20:00:00,1,14.59,2.6,0.0,17.19,PayPal,Delivered
580,802,23,2026-04-10 22:47:00,1,12.21,3.43,0.0,15.64,Credit Card,Delivered
581,646,10,2026-05-18 20:08:00,1,18.22,3.49,0.0,21.71,Apple Pay,Refunded
582,598,44,2025-10-02 20:03:00,1,3.16,2.43,0.26,5.33,PayPal,Refunded
583,833,53,2025-10-26 21:34:00,2,18.46,2.67,0.0,21.13,Credit Card,Delivered
584,1247,44,2026-07-26 14:00:00,1,4.36,3.4,0.0,7.76,Debit Card,Delivered
585,1450,5,2026-01-23 12:24:00,3,12.36,2.44,0.0,14.8,PayPal,Cancelled
586,92,28,2026-05-11 17:24:00,1,14.65,2.27,0.0,16.92,Apple Pay,Delivered
587,357,29,2026-07-31 13:20:00,3,19.59,3.35,0.0,22.94,Debit Card,Delivered
588,1028,17,2026-06-13 21:55:00,1,9.81,2.39,0.0,12.2,Apple Pay,Delivered
589,223,95,2026-06-28 21:00:00,1,9.3,1.95,1.11,10.14,Credit Card,Delivered
590,916,64,2025-12-22 08:47:00,2,21.96,2.73,0.0,24.69,Debit Card,Delivered
591,636,88,2025-10-23 23:32:00,1,11.87,2.59,0.0,14.46,Credit Card,Delivered
592,287,109,2025-10-06 23:44:00,3,19.31,3.08,0.0,22.39,Debit Card,Refunded
593,756,33,2026-05-30 12:31:00,1,3.43,2.81,0.57,5.67,Credit Card,Cancelled
594,764,83,2026-05-11 17:54:00,3,51.21,1.2,0.0,52.41,PayPal,Delivered
595,1070,40,2025-11-10 13:02:00,3,13.26,1.5,0.0,14.76,Cash,Delivered
596,1239,22,2026-05-16 23:47:00,1,4.99,2.99,0.0,7.98,Cash,Delivered
597,1433,83,2026-05-05 19:00:00,1,2.84,2.78,0.0,5.62,Debit Card,Delivered
598,659,6,2026-07-17 21:19:00,1,10.14,3.3,1.15,12.29,Apple Pay,Delivered
599,1034,16,2026-05-18 23:36:00,1,4.35,2.59,0.0,6.94,Cash,Cancelled
600,1181,34,2025-12-08 20:54:00,3,15.66,2.17,0.0,17.83,PayPal,Delivered
601,1481,59,2026-02-24 22:16:00,1,4.02,2.46,0.0,6.48,Debit Card,Delivered
602,976,96,2025-11-25 13:28:00,1,13.7,2.57,0.0,16.27,Credit Card,Delivered
603,370,68,2026-07-27 13:14:00,2,12.28,3.09,0.0,15.37,Credit Card,Delivered
604,513,38,2026-03-07 16:49:00,1,10.31,2.57,0.0,12.88,Google Pay,Delivered
605,314,114,2026-07-18 22:33:00,1,4.44,1.9,0.0,6.34,Credit Card,Delivered
606,297,75,2026-03-06 10:17:00,1,7.56,3.01,0.0,10.57,Credit Card,Delivered
607,460,49,2026-03-03 16:54:00,2,6.7,2.85,0.0,9.55,Apple Pay,Delivered
608,748,59,2025-11-07 22:13:00,1,10.32,2.94,1.39,11.87,Google Pay,Delivered
609,1181,34,2026-08-17 12:06:00,1,3.09,2.8,0.0,5.89,Credit Card,Delivered
610,437,25,2026-05-04 20:15:00,3,8.52,2.67,0.0,11.19,PayPal,Delivered
611,280,81,2025-12-16 11:18:00,1,5.18,2.8,0.0,7.98,Debit Card,Delivered
612,190,115,2026-07-04 08:15:00,1,5.08,2.36,0.0,7.44,Credit Card,Delivered
613,295,81,2025-11-25 14:03:00,1,6.37,3.22,0.0,9.59,PayPal,Refunded
614,650,30,2025-10-06 21:59:00,1,6.13,2.14,0.0,8.27,Apple Pay,Delivered
615,618,65,2026-05-03 10:19:00,1,5.09,2.66,0.94,6.81,Credit Card,Delivered
616,599,103,2026-06-01 14:57:00,3,22.24,2.69,0.0,24.93,Credit Card,Delivered
617,477,52,2026-03-29 21:41:00,2,8.3,2.15,0.0,10.45,Google Pay,Delivered
618,680,17,2026-05-20 14:48:00,2,19.9,3.07,0.0,22.97,Cash,Delivered
619,970,117,2025-12-01 18:19:00,1,12.19,2.0,1.54,12.65,PayPal,Delivered
620,67,6,2025-12-11 18:39:00,1,5.36,2.29,0.0,7.65,Credit Card,Delivered
621,1336,54,2026-01-14 22:23:00,1,6.55,2.87,0.0,9.42,Credit Card,Delivered
622,459,98,2025-11-15 22:21:00,1,2.36,2.6,0.37,4.59,Credit Card,Delivered
623,208,73,2025-11-25 11:56:00,1,4.22,2.21,0.0,6.43,Debit Card,Delivered
624,263,65,2025-09-18 21:51:00,1,3.02,2.87,0.0,5.89,PayPal,Delivered
625,821,78,2025-11-28 19:20:00,2,14.48,3.09,0.0,17.57,Credit Card,Delivered
626,782,101,2026-05-07 14:00:00,1,9.71,2.69,1.47,10.93,Credit Card,Delivered
627,133,58,2026-01-14 18:32:00,1,17.24,2.87,0.0,20.11,Apple Pay,Delivered
628,749,8,2026-02-04 22:57:00,3,15.36,2.78,0.0,18.14,Credit Card,Delivered
629,333,95,2026-08-04 21:56:00,1,13.36,3.37,0.0,16.73,Credit Card,Delivered
630,1367,72,2025-09-03 19:28:00,2,25.67,2.59,0.0,28.26,PayPal,Delivered
631,464,65,2026-07-04 12:30:00,2,8.66,2.25,0.0,10.91,Credit Card,Cancelled
632,1500,95,2025-09-13 20:51:00,1,6.09,2.7,0.46,8.33,PayPal,Delivered
633,869,2,2026-03-07 18:10:00,2,13.06,2.33,1.04,14.35,Credit Card,Delivered
634,1447,105,2025-10-18 17:16:00,2,9.82,3.34,0.0,13.16,Credit Card,Delivered
635,833,15,2026-02-22 23:08:00,3,18.81,2.87,0.0,21.68,Debit Card,Delivered
636,189,34,2026-07-24 23:35:00,2,10.6,2.28,0.0,12.88,PayPal,Cancelled
637,965,63,2025-09-12 23:53:00,1,6.88,3.51,0.0,10.39,Credit Card,Delivered
638,717,118,2026-03-04 21:18:00,2,15.66,3.13,0.0,18.79,Google Pay,Delivered
639,1229,63,2026-07-06 20:00:00,1,6.89,3.45,0.83,9.51,Google Pay,Delivered
640,588,65,2026-02-12 14:30:00,1,3.33,2.8,0.42,5.71,Debit Card,Delivered
641,281,38,2026-04-16 23:15:00,1,6.17,3.33,0.0,9.5,Credit Card,Delivered
642,171,65,2025-12-29 17:57:00,2,6.04,2.03,0.0,8.07,Credit Card,Delivered
643,1116,112,2026-06-12 13:37:00,1,3.36,2.97,0.31,6.02,Google Pay,Delivered
644,350,25,2025-11-26 12:32:00,2,10.52,3.39,0.0,13.91,Credit Card,Delivered
645,1001,99,2026-01-08 22:09:00,2,12.78,2.63,0.0,15.41,Debit Card,Delivered
646,202,79,2026-02-18 14:33:00,1,8.34,2.26,0.0,10.6,Debit Card,Delivered
647,120,19,2026-08-02 21:13:00,3,9.66,2.61,1.7,10.57,Credit Card,Delivered
648,1066,75,2026-03-14 20:25:00,1,3.53,2.48,0.0,6.01,Credit Card,Delivered
649,518,29,2026-07-04 13:55:00,1,4.01,2.71,0.0,6.72,Credit Card,Delivered
650,851,41,2025-10-21 22:59:00,2,8.66,2.8,0.0,11.46,Apple Pay,Cancelled
651,42,54,2025-10-02 22:24:00,3,55.17,2.33,10.28,47.22,Credit Card,Cancelled
652,283,33,2026-03-03 12:19:00,2,7.06,2.99,0.0,10.05,Apple Pay,Delivered
653,136,38,2026-07-29 12:12:00,1,14.45,3.13,0.0,17.58,Debit Card,Delivered
654,420,105,2025-11-25 20:12:00,1,15.87,2.86,0.88,17.85,Credit Card,Delivered
655,426,8,2025-11-21 13:31:00,1,2.66,2.22,0.0,4.88,Apple Pay,Delivered
656,562,116,2025-10-25 14:58:00,4,57.14,1.26,0.0,58.4,PayPal,Delivered
657,365,3,2026-08-05 23:51:00,1,6.38,1.79,0.0,8.17,PayPal,Delivered
658,685,3,2025-10-04 12:17:00,1,9.87,2.6,0.0,12.47,Credit Card,Delivered
659,1351,8,2026-04-19 17:49:00,1,4.27,1.31,0.39,5.19,PayPal,Delivered
660,130,92,2026-01-17 14:28:00,1,8.47,2.78,0.0,11.25,Apple Pay,Delivered
661,1341,35,2026-01-29 14:39:00,1,12.08,3.02,0.0,15.1,Cash,Delivered
662,619,99,2026-05-18 15:15:00,2,12.6,2.77,0.0,15.37,PayPal,Delivered
663,867,11,2026-08-19 13:00:00,1,14.11,1.75,0.0,15.86,Debit Card,Delivered
664,1008,31,2025-09-09 21:27:00,1,11.0,2.41,0.0,13.41,Apple Pay,Delivered
665,1103,106,2026-03-25 21:46:00,3,28.53,2.52,1.69,29.36,Credit Card,Delivered
666,1416,106,2025-09-11 19:14:00,1,8.69,2.82,0.0,11.51,Debit Card,Delivered
667,1500,89,2026-07-06 22:57:00,2,7.6,2.96,0.59,9.97,Apple Pay,Delivered
668,148,4,2026-08-13 12:25:00,2,6.9,2.43,0.42,8.91,Debit Card,Delivered
669,616,113,2026-07-03 18:39:00,3,4.44,2.46,0.0,6.9,Credit Card,Delivered
670,809,50,2026-01-30 22:32:00,1,3.07,3.16,0.58,5.65,Credit Card,Cancelled
671,784,108,2026-01-30 20:35:00,2,7.56,2.82,0.0,10.38,Credit Card,Delivered
672,1488,76,2026-04-02 23:15:00,2,5.78,2.07,0.0,7.85,Google Pay,Delivered
673,977,12,2026-07-07 20:54:00,1,11.92,2.48,0.0,14.4,Apple Pay,Delivered
674,604,47,2026-06-02 23:12:00,1,7.76,1.97,0.0,9.73,Apple Pay,Delivered
675,1381,12,2026-02-20 12:21:00,1,4.22,2.2,0.0,6.42,Google Pay,Delivered
676,1097,20,2026-06-24 10:25:00,2,20.38,2.5,0.0,22.88,Debit Card,Refunded
677,1196,117,2026-01-31 14:29:00,2,9.6,3.89,0.0,13.49,Apple Pay,Delivered
678,942,42,2026-06-09 22:13:00,2,7.94,2.46,0.91,9.49,Debit Card,Delivered
679,97,31,2025-11-28 11:51:00,2,15.5,2.37,2.35,15.52,Apple Pay,Delivered
680,1456,38,2026-02-13 13:36:00,1,5.27,3.87,0.0,9.14,PayPal,Delivered
681,1070,40,2026-07-01 23:58:00,1,8.33,2.89,0.0,11.22,Cash,Delivered
682,224,63,2025-11-29 20:21:00,1,15.08,3.18,0.0,18.26,Apple Pay,Delivered
683,378,94,2026-04-15 15:25:00,2,16.5,2.88,2.47,16.91,Credit Card,Delivered
684,512,46,2025-12-12 11:34:00,2,29.68,2.94,0.0,32.62,PayPal,Delivered
685,383,8,2026-02-05 21:35:00,1,2.84,2.12,0.0,4.96,Credit Card,Delivered
686,932,97,2025-12-28 23:10:00,1,8.8,2.69,0.0,11.49,PayPal,Cancelled
687,821,90,2026-04-30 21:50:00,2,31.42,1.96,0.0,33.38,Credit Card,Delivered
688,319,24,2026-06-05 12:59:00,8,66.67,0.99,0.0,67.66,Debit Card,Delivered
689,1045,88,2026-07-12 19:31:00,3,29.16,2.56,5.13,26.59,Apple Pay,Delivered
690,431,16,2026-01-08 15:22:00,3,16.98,2.15,2.99,16.14,Debit Card,Delivered
691,239,25,2025-11-12 22:24:00,1,2.85,2.38,0.0,5.23,Credit Card,Cancelled
692,1435,111,2026-08-08 21:03:00,1,14.17,2.99,0.0,17.16,Debit Card,Delivered
693,472,53,2026-01-22 21:03:00,2,7.04,2.49,0.0,9.53,Credit Card,Delivered
694,350,30,2026-04-27 16:22:00,3,35.31,1.65,2.37,34.59,Credit Card,Delivered
695,1075,11,2026-08-20 10:00:00,3,32.52,0.99,0.0,33.51,PayPal,Delivered
696,1146,17,2026-07-02 21:17:00,1,2.88,2.02,0.0,4.9,Apple Pay,Delivered
697,229,49,2025-09-28 20:19:00,1,10.88,2.28,0.0,13.16,PayPal,Delivered
698,84,33,2025-09-15 12:10:00,2,8.42,2.09,0.0,10.51,Credit Card,Delivered
699,1275,70,2025-12-31 21:24:00,1,2.83,2.82,0.0,5.65,PayPal,Delivered
700,757,65,2026-01-30 12:02:00,1,3.26,2.6,0.58,5.28,Google Pay,Delivered
701,685,3,2026-06-06 21:46:00,1,6.85,3.08,0.0,9.93,Debit Card,Delivered
702,631,101,2026-02-20 21:41:00,2,6.7,3.35,0.0,10.05,Debit Card,Delivered
703,879,6,2025-12-02 08:10:00,1,10.45,3.37,2.07,11.75,Debit Card,Delivered
704,1011,19,2025-09-30 21:09:00,1,4.69,2.9,0.0,7.59,Credit Card,Refunded
705,121,118,2026-06-23 15:04:00,1,4.89,2.9,0.0,7.79,Credit Card,Delivered
706,399,12,2026-03-05 18:11:00,1,12.36,2.79,0.0,15.15,PayPal,Delivered
707,1432,19,2026-08-15 23:35:00,2,20.6,2.35,0.0,22.95,Credit Card,Delivered
708,251,44,2025-12-30 22:04:00,1,3.98,2.87,0.0,6.85,PayPal,Delivered
709,1362,104,2025-11-21 15:00:00,1,2.49,2.37,0.0,4.86,Debit Card,Delivered
710,603,105,2025-12-09 21:34:00,1,2.66,2.35,0.0,5.01,Debit Card,Cancelled
711,286,53,2026-01-29 18:55:00,1,2.45,1.96,0.48,3.93,PayPal,Delivered
712,893,41,2026-07-13 22:00:00,2,8.12,1.83,1.06,8.89,Credit Card,Delivered
713,995,105,2026-08-27 14:00:00,1,4.91,2.74,0.0,7.65,Debit Card,Delivered
714,525,112,2026-06-17 17:49:00,1,2.77,2.49,0.0,5.26,PayPal,Delivered
715,1190,44,2026-05-11 12:50:00,1,12.51,2.46,0.0,14.97,PayPal,Delivered
716,96,21,2026-03-03 23:50:00,1,4.21,2.3,0.0,6.51,Google Pay,Refunded
717,183,4,2026-02-25 22:22:00,1,3.02,2.21,0.0,5.23,Apple Pay,Cancelled
718,933,39,2026-03-02 13:02:00,1,11.17,2.24,0.0,13.41,Debit Card,Delivered
719,867,10,2026-08-24 19:00:00,1,18.22,2.92,0.0,21.14,Credit Card,Delivered
720,1049,10,2025-12-14 15:53:00,1,5.88,3.17,0.52,8.53,Credit Card,Delivered
721,1276,65,2026-06-12 12:30:00,1,3.6,2.38,0.62,5.36,Credit Card,Delivered
722,1396,43,2025-09-03 11:47:00,1,7.91,3.2,0.0,11.11,Credit Card,Delivered
723,761,34,2026-06-11 22:57:00,1,3.9,1.97,0.0,5.87,Credit Card,Delivered
724,752,14,2026-06-17 13:03:00,1,9.27,1.81,0.0,11.08,Apple Pay,Delivered
725,1386,69,2026-03-08 18:28:00,1,10.17,3.3,0.0,13.47,PayPal,Cancelled
726,1442,69,2025-12-17 22:51:00,2,33.86,0.99,0.0,34.85,Credit Card,Delivered
727,72,60,2026-07-20 09:42:00,1,10.63,2.45,0.0,13.08,PayPal,Delivered
728,759,69,2026-06-26 19:06:00,3,51.63,2.07,5.5,48.2,Apple Pay,Delivered
729,1379,44,2026-08-07 23:03:00,1,3.52,3.26,0.3,6.48,Credit Card,Delivered
730,77,14,2025-09-06 21:19:00,1,9.23,2.51,0.0,11.74,Credit Card,Delivered
731,1466,7,2026-04-21 13:26:00,1,12.82,2.53,2.37,12.98,Debit Card,Delivered
732,1124,91,2025-09-03 13:07:00,1,13.81,3.64,0.8,16.65,Credit Card,Delivered
733,234,92,2026-08-11 21:00:00,3,21.51,3.19,0.0,24.7,Credit Card,Delivered
734,962,39,2025-09-23 11:30:00,2,15.37,3.11,0.0,18.48,PayPal,Delivered
735,647,38,2026-06-11 20:47:00,4,22.21,2.95,0.0,25.16,PayPal,Delivered
736,502,77,2026-05-24 13:34:00,3,20.85,3.18,1.38,22.65,Apple Pay,Refunded
737,932,82,2026-07-25 22:31:00,2,15.98,2.68,0.0,18.66,Credit Card,Delivered
738,1103,106,2026-04-20 15:44:00,1,3.36,2.26,0.0,5.62,Google Pay,Delivered
739,1340,65,2026-03-25 16:38:00,1,5.09,1.84,0.0,6.93,Credit Card,Delivered
740,627,8,2025-11-06 21:13:00,1,3.07,1.78,0.0,4.85,Debit Card,Delivered
741,240,35,2026-05-15 11:15:00,1,3.65,3.03,0.71,5.97,Credit Card,Cancelled
742,1296,82,2026-07-30 20:06:00,1,4.29,3.06,0.0,7.35,Credit Card,Delivered
743,502,77,2026-07-21 23:00:00,2,12.82,3.01,0.0,15.83,Apple Pay,Delivered
744,1139,62,2026-05-13 20:49:00,2,22.98,2.32,0.0,25.3,Credit Card,Delivered
745,1197,5,2026-03-04 11:40:00,2,9.56,2.88,0.0,12.44,Credit Card,Delivered
746,88,59,2026-03-10 22:38:00,3,25.09,2.83,2.63,25.29,PayPal,Delivered
747,616,47,2026-06-19 12:26:00,3,5.4,1.52,0.0,6.92,Credit Card,Cancelled
748,128,90,2025-12-16 14:05:00,1,6.58,3.36,0.0,9.94,PayPal,Delivered
749,908,2,2026-07-17 12:25:00,3,20.85,3.1,3.36,20.59,Google Pay,Delivered
750,1193,68,2026-08-26 21:09:00,2,5.02,2.51,0.0,7.53,Credit Card,Delivered
751,841,78,2025-10-13 13:57:00,1,4.97,2.73,0.0,7.7,Credit Card,Delivered
752,486,40,2026-03-06 13:24:00,2,11.12,2.54,0.0,13.66,Debit Card,Delivered
753,1460,17,2025-09-07 16:07:00,1,8.8,3.1,0.0,11.9,Google Pay,Cancelled
754,129,78,2026-01-02 13:16:00,1,4.03,2.53,0.0,6.56,Google Pay,Delivered
755,213,91,2026-01-17 21:38:00,1,15.18,2.32,0.0,17.5,Apple Pay,Cancelled
756,550,52,2026-05-01 19:27:00,3,14.19,2.63,0.0,16.82,PayPal,Delivered
757,1423,61,2026-01-21 19:03:00,1,11.78,2.26,0.0,14.04,Debit Card,Delivered
758,1342,106,2026-01-11 12:21:00,1,1.91,2.7,0.2,4.41,Apple Pay,Delivered
759,847,15,2026-06-10 22:41:00,3,14.53,2.64,0.0,17.17,Apple Pay,Delivered
760,1429,48,2026-06-06 14:31:00,1,10.48,1.8,0.0,12.28,Credit Card,Delivered
761,1357,50,2025-09-04 15:33:00,1,3.74,2.14,0.0,5.88,Apple Pay,Refunded
762,881,66,2026-01-02 13:39:00,1,10.37,2.49,0.67,12.19,Apple Pay,Delivered
763,177,66,2026-06-06 23:43:00,1,5.05,2.55,0.0,7.6,Google Pay,Delivered
764,1350,99,2026-07-16 20:00:00,1,6.13,2.1,0.0,8.23,Apple Pay,Delivered
765,963,109,2026-07-20 11:00:00,1,9.12,2.29,0.73,10.68,Apple Pay,Delivered
766,212,87,2026-02-27 13:54:00,5,79.4,1.92,0.0,81.32,Google Pay,Delivered
767,1261,83,2026-05-13 18:07:00,3,51.39,2.26,0.0,53.65,Credit Card,Delivered
768,599,103,2026-05-05 13:43:00,2,5.04,2.27,0.0,7.31,PayPal,Delivered
769,1181,34,2026-03-05 20:16:00,1,5.27,2.31,0.0,7.58,Google Pay,Delivered
770,393,118,2026-01-29 14:06:00,2,12.24,3.75,0.0,15.99,PayPal,Delivered
771,15,40,2026-06-16 14:15:00,1,5.47,2.76,0.0,8.23,Google Pay,Delivered
772,681,25,2026-01-18 21:55:00,3,11.01,1.97,0.0,12.98,Credit Card,Delivered
773,679,69,2026-02-07 19:36:00,1,5.32,2.98,0.85,7.45,Credit Card,Delivered
774,1296,31,2026-02-01 12:27:00,1,1.88,2.66,0.33,4.21,Credit Card,Delivered
775,174,63,2026-08-27 15:00:00,2,15.26,2.88,0.0,18.14,Credit Card,Delivered
776,1370,65,2026-04-18 22:31:00,1,3.1,2.12,0.23,4.99,PayPal,Delivered
777,230,109,2026-04-23 22:30:00,1,7.59,3.08,0.0,10.67,Debit Card,Delivered
778,1402,100,2026-07-26 21:24:00,1,3.31,1.67,0.0,4.98,Credit Card,Delivered
779,1060,1,2026-06-18 22:00:00,3,26.16,2.1,2.43,25.83,Apple Pay,Refunded
780,540,11,2026-06-05 11:43:00,1,6.4,2.73,0.0,9.13,PayPal,Delivered
781,1435,71,2025-12-20 12:35:00,1,6.12,2.51,0.0,8.63,Credit Card,Delivered
782,539,22,2026-08-19 09:01:00,2,18.56,2.74,0.0,21.3,Debit Card,Delivered
783,952,120,2026-07-31 12:21:00,2,32.6,1.29,0.0,33.89,Apple Pay,Delivered
784,25,34,2026-04-04 22:03:00,1,3.2,2.49,0.19,5.5,Credit Card,Delivered
785,154,58,2026-05-22 10:55:00,1,18.0,3.98,0.0,21.98,Apple Pay,Delivered
786,531,95,2026-04-01 17:19:00,1,3.72,2.39,0.0,6.11,PayPal,Delivered
787,366,66,2026-07-31 13:00:00,1,3.67,2.84,0.0,6.51,Apple Pay,Cancelled
788,342,64,2026-08-11 22:14:00,1,6.13,3.12,0.0,9.25,Credit Card,Delivered
789,569,65,2026-05-29 21:21:00,1,4.79,2.66,0.0,7.45,Apple Pay,Delivered
790,913,101,2026-02-02 21:24:00,2,19.54,2.65,0.0,22.19,Credit Card,Delivered
791,189,34,2025-12-02 15:54:00,1,8.35,2.28,0.0,10.63,Google Pay,Delivered
792,1129,55,2026-05-03 23:05:00,1,14.21,2.84,0.0,17.05,Credit Card,Cancelled
793,1272,23,2026-02-05 22:47:00,3,28.52,2.9,0.0,31.42,Credit Card,Delivered
794,1254,49,2026-06-30 20:39:00,2,18.8,3.05,3.57,18.28,PayPal,Delivered
795,292,78,2025-11-19 20:13:00,1,2.99,3.27,0.0,6.26,Debit Card,Delivered
796,1321,61,2026-03-10 14:50:00,1,12.21,2.38,0.0,14.59,Debit Card,Cancelled
797,195,70,2025-10-12 21:33:00,1,5.49,2.83,0.0,8.32,Credit Card,Delivered
798,161,99,2026-05-21 23:30:00,1,14.23,2.7,1.35,15.58,Apple Pay,Delivered
799,1089,85,2026-01-24 14:22:00,1,5.24,3.02,0.0,8.26,Debit Card,Delivered
800,1141,67,2025-11-10 13:25:00,2,17.29,1.95,0.0,19.24,Debit Card,Delivered
801,191,26,2026-03-22 13:48:00,1,15.45,3.5,0.0,18.95,Credit Card,Delivered
802,624,52,2026-03-28 23:58:00,2,9.56,2.8,0.0,12.36,PayPal,Delivered
803,616,113,2026-07-03 19:00:00,1,2.13,2.76,0.14,4.75,PayPal,Delivered
804,1085,103,2026-08-09 23:20:00,3,26.64,2.5,0.0,29.14,Credit Card,Delivered
805,774,81,2025-09-28 20:37:00,1,4.32,2.81,0.0,7.13,Credit Card,Delivered
806,902,115,2025-12-31 13:59:00,1,2.97,2.53,0.0,5.5,PayPal,Delivered
807,121,118,2025-12-01 19:37:00,1,4.89,2.66,0.0,7.55,Debit Card,Delivered
808,1466,95,2026-08-04 12:00:00,3,28.02,1.95,0.0,29.97,Cash,Refunded
809,834,95,2025-11-29 17:43:00,2,11.1,2.69,0.0,13.79,Credit Card,Delivered
810,1003,100,2025-11-20 16:34:00,1,3.02,2.55,0.0,5.57,Credit Card,Delivered
811,721,9,2026-04-04 19:29:00,1,8.11,2.47,0.0,10.58,Credit Card,Delivered
812,370,68,2025-12-05 15:02:00,2,22.6,2.66,0.0,25.26,PayPal,Delivered
813,1003,100,2025-12-12 17:28:00,2,16.14,2.9,0.0,19.04,Debit Card,Delivered
814,433,73,2026-05-13 22:00:00,3,6.96,2.71,0.0,9.67,Credit Card,Delivered
815,329,21,2026-03-14 12:33:00,1,8.41,2.03,0.0,10.44,Credit Card,Delivered
816,829,51,2026-06-03 22:16:00,1,4.66,2.96,0.52,7.1,Credit Card,Delivered
817,535,36,2026-02-19 19:49:00,1,2.78,3.09,0.0,5.87,Credit Card,Delivered
818,1342,106,2026-07-23 20:26:00,1,8.07,2.67,0.0,10.74,Debit Card,Delivered
819,990,37,2025-12-07 12:38:00,3,8.13,1.96,0.0,10.09,PayPal,Delivered
820,561,25,2026-07-06 12:00:00,1,3.27,2.16,0.0,5.43,Credit Card,Delivered
821,54,73,2026-05-29 21:08:00,1,9.63,3.19,0.0,12.82,Debit Card,Delivered
822,512,42,2025-09-27 22:12:00,1,5.13,3.04,0.0,8.17,Cash,Delivered
823,174,64,2026-08-31 18:00:00,2,10.64,2.67,0.0,13.31,PayPal,Delivered
824,329,21,2026-08-29 12:25:00,4,34.88,1.42,0.0,36.3,Cash,Cancelled
825,426,106,2026-05-07 21:24:00,2,5.52,2.33,0.0,7.85,Credit Card,Delivered
826,979,45,2025-12-04 22:04:00,1,3.82,2.78,0.56,6.04,Debit Card,Delivered
827,160,86,2026-02-06 20:39:00,1,2.36,2.14,0.0,4.5,Credit Card,Delivered
828,244,4,2026-07-15 12:28:00,1,2.37,1.84,0.0,4.21,Google Pay,Refunded
829,60,13,2025-12-25 15:23:00,2,21.08,2.0,0.0,23.08,Google Pay,Delivered
830,1376,78,2026-02-21 23:14:00,1,7.12,2.43,0.67,8.88,PayPal,Delivered
831,1482,78,2026-04-04 13:22:00,1,16.12,2.42,2.89,15.65,Debit Card,Delivered
832,448,19,2026-07-02 12:09:00,1,17.58,2.31,0.0,19.89,PayPal,Delivered
833,684,61,2026-08-17 21:53:00,1,5.13,3.24,0.0,8.37,Google Pay,Delivered
834,452,107,2026-05-16 19:30:00,1,4.46,2.31,0.0,6.77,PayPal,Delivered
835,801,113,2026-02-06 13:52:00,1,2.82,1.98,0.0,4.8,Apple Pay,Delivered
836,827,118,2026-01-30 20:51:00,2,8.66,3.68,0.0,12.34,PayPal,Refunded
837,383,37,2026-05-01 23:28:00,5,10.41,1.99,0.0,12.4,Credit Card,Delivered
838,968,22,2025-09-28 22:23:00,2,21.26,2.79,3.11,20.94,Apple Pay,Delivered
839,12,101,2026-02-09 08:43:00,1,12.72,3.41,0.0,16.13,Credit Card,Cancelled
840,967,26,2026-05-26 22:00:00,1,4.85,3.01,0.0,7.86,Google Pay,Delivered
841,1127,93,2026-08-07 20:27:00,2,8.6,2.59,0.0,11.19,Debit Card,Delivered
842,80,8,2026-07-10 13:24:00,3,29.97,2.05,0.0,32.02,PayPal,Delivered
843,1086,119,2025-12-06 11:36:00,1,2.37,1.93,0.0,4.3,Debit Card,Delivered
844,1107,70,2026-04-28 23:03:00,2,20.56,2.12,0.0,22.68,Credit Card,Delivered
845,1459,64,2026-02-15 10:16:00,1,5.18,2.97,0.0,8.15,Apple Pay,Delivered
846,1210,39,2026-07-01 12:40:00,1,11.46,2.83,0.0,14.29,Apple Pay,Delivered
847,32,75,2026-02-28 20:29:00,1,3.41,3.26,0.65,6.02,Google Pay,Delivered
848,123,13,2026-04-25 21:41:00,1,9.98,2.54,0.0,12.52,PayPal,Delivered
849,206,91,2026-05-25 13:38:00,2,20.08,3.27,0.0,23.35,Credit Card,Delivered
850,873,75,2026-06-28 21:19:00,3,25.95,2.86,0.0,28.81,Credit Card,Cancelled
851,1069,36,2026-05-22 21:26:00,2,5.82,2.46,0.0,8.28,Debit Card,Delivered
852,988,70,2025-12-18 21:04:00,1,3.23,2.77,0.0,6.0,Debit Card,Delivered
853,496,58,2026-05-28 21:45:00,1,14.18,2.84,0.0,17.02,Debit Card,Delivered
854,302,13,2025-12-25 10:26:00,3,10.29,2.21,1.94,10.56,Credit Card,Delivered
855,96,21,2026-05-26 22:16:00,2,11.1,2.66,0.0,13.76,Cash,Delivered
856,562,120,2026-08-15 19:32:00,1,5.57,2.46,0.0,8.03,Credit Card,Delivered
857,452,77,2026-02-21 16:00:00,1,18.13,2.85,0.0,20.98,Apple Pay,Delivered
858,456,91,2026-07-23 10:24:00,1,3.78,2.73,0.0,6.51,PayPal,Delivered
859,132,105,2026-08-11 20:00:00,1,3.19,2.82,0.0,6.01,PayPal,Delivered
860,437,88,2026-02-03 12:22:00,1,4.2,2.52,0.0,6.72,PayPal,Delivered
861,1257,47,2026-07-15 19:21:00,1,5.48,1.86,0.0,7.34,Google Pay,Delivered
862,362,100,2026-05-25 13:26:00,1,3.28,2.05,0.34,4.99,PayPal,Delivered
863,1316,89,2025-12-30 21:15:00,1,5.61,3.13,0.0,8.74,Credit Card,Delivered
864,130,87,2026-03-04 11:13:00,1,4.91,2.83,0.0,7.74,Credit Card,Delivered
865,956,51,2026-04-28 20:00:00,1,15.3,3.35,2.92,15.73,Apple Pay,Delivered
866,162,101,2026-06-25 20:39:00,1,12.76,2.78,0.91,14.63,Debit Card,Delivered
867,579,42,2025-10-18 15:14:00,1,5.05,2.87,0.7,7.22,Apple Pay,Delivered
868,1431,64,2026-03-25 22:12:00,1,7.94,2.95,0.0,10.89,Debit Card,Refunded
869,1154,43,2026-02-28 19:43:00,1,9.01,2.61,0.0,11.62,Apple Pay,Refunded
870,771,33,2026-04-14 21:30:00,1,13.6,2.89,0.0,16.49,Debit Card,Delivered
871,948,42,2026-02-03 16:18:00,1,4.24,2.76,0.0,7.0,Debit Card,Delivered
872,991,21,2025-10-02 21:50:00,2,8.44,3.14,0.0,11.58,Google Pay,Delivered
873,1188,80,2026-05-01 22:59:00,1,8.38,3.04,0.0,11.42,Debit Card,Delivered
874,890,28,2026-07-24 15:50:00,2,8.24,3.28,0.0,11.52,Credit Card,Delivered
875,767,56,2026-04-14 23:16:00,1,3.95,3.41,0.0,7.36,PayPal,Delivered
876,114,87,2025-09-16 12:58:00,1,4.45,2.36,0.0,6.81,Credit Card,Delivered
877,1438,4,2026-07-25 22:00:00,2,14.36,2.92,0.0,17.28,Credit Card,Delivered
878,850,103,2025-12-10 19:04:00,2,4.34,2.52,0.0,6.86,PayPal,Delivered
879,436,41,2026-08-18 12:00:00,1,3.65,2.84,0.48,6.01,Credit Card,Cancelled
880,203,93,2025-10-15 20:57:00,1,3.71,2.15,0.0,5.86,Debit Card,Delivered
881,907,76,2026-07-25 12:00:00,1,11.08,2.53,0.0,13.61,PayPal,Delivered
882,1174,57,2026-05-29 22:00:00,1,1.67,1.4,0.0,3.07,Credit Card,Delivered
883,1213,58,2026-06-07 22:00:00,1,16.24,3.04,0.0,19.28,Credit Card,Delivered
884,1329,18,2026-08-18 20:50:00,1,4.45,2.71,0.0,7.16,PayPal,Delivered
885,1341,30,2026-07-15 13:14:00,3,27.92,2.55,0.0,30.47,Cash,Delivered
886,935,34,2026-06-10 23:00:00,1,6.45,2.81,0.0,9.26,Debit Card,Delivered
887,1421,47,2025-09-10 22:04:00,1,1.54,2.28,0.0,3.82,Credit Card,Delivered
888,112,56,2026-05-25 21:56:00,2,10.38,2.43,0.92,11.89,Cash,Delivered
889,593,31,2026-07-30 14:45:00,2,18.46,2.57,2.7,18.33,Google Pay,Delivered
890,726,88,2026-05-14 18:34:00,3,12.6,3.45,1.07,14.98,Google Pay,Delivered
891,1050,117,2026-07-14 14:52:00,1,17.36,2.74,0.0,20.1,Credit Card,Delivered
892,449,2,2026-04-11 22:12:00,2,22.62,3.08,0.0,25.7,Google Pay,Delivered
893,436,120,2026-08-18 14:00:00,1,6.47,2.51,0.0,8.98,Google Pay,Delivered
894,1355,68,2025-10-18 13:58:00,1,3.77,3.14,0.65,6.26,Debit Card,Delivered
895,975,65,2026-05-04 13:30:00,2,6.44,2.66,0.0,9.1,PayPal,Delivered
896,953,71,2025-12-16 15:18:00,1,12.26,2.8,0.0,15.06,Credit Card,Delivered
897,277,24,2026-08-18 20:00:00,2,18.14,2.38,0.0,20.52,Debit Card,Delivered
898,751,33,2026-07-17 22:56:00,2,8.4,2.68,0.0,11.08,PayPal,Delivered
899,633,100,2026-04-29 23:05:00,2,6.28,2.01,0.0,8.29,Credit Card,Delivered
900,931,14,2026-02-10 11:59:00,2,19.84,1.93,0.0,21.77,Cash,Delivered
901,1381,12,2026-06-19 11:28:00,1,9.87,2.05,0.0,11.92,Google Pay,Delivered
902,418,27,2026-05-27 14:05:00,3,20.64,1.67,3.18,19.13,Google Pay,Cancelled
903,1217,82,2026-05-01 21:00:00,2,11.05,2.47,0.0,13.52,Credit Card,Refunded
904,951,9,2026-08-25 22:34:00,1,2.33,2.23,0.0,4.56,PayPal,Delivered
905,745,9,2025-09-13 12:12:00,2,7.8,2.01,0.0,9.81,Google Pay,Delivered
906,1426,39,2026-02-27 13:10:00,1,10.63,3.16,0.95,12.84,Credit Card,Delivered
907,221,65,2026-01-30 22:05:00,1,3.17,2.47,0.0,5.64,PayPal,Delivered
908,1018,46,2025-10-15 19:31:00,1,7.87,3.23,1.44,9.66,Credit Card,Cancelled
909,598,44,2026-05-23 15:16:00,2,10.92,2.17,0.0,13.09,PayPal,Delivered
910,1024,9,2025-10-07 13:19:00,2,8.6,2.6,1.29,9.91,PayPal,Delivered
911,209,62,2026-05-15 12:32:00,2,21.64,3.15,0.0,24.79,Google Pay,Delivered
912,1105,78,2026-06-03 12:57:00,1,7.24,2.92,0.8,9.36,Debit Card,Delivered
913,103,33,2026-02-25 20:52:00,1,13.56,2.62,1.24,14.94,Apple Pay,Delivered
914,524,96,2025-11-29 21:06:00,1,7.17,2.7,0.64,9.23,Credit Card,Delivered
915,1360,116,2026-08-26 14:21:00,1,4.6,2.93,0.0,7.53,PayPal,Delivered
916,950,67,2026-05-16 20:13:00,1,8.9,2.6,0.0,11.5,Google Pay,Delivered
917,738,65,2025-10-13 12:20:00,1,3.06,3.01,0.29,5.78,Apple Pay,Delivered
918,497,12,2026-05-29 09:54:00,1,5.52,2.3,0.0,7.82,Google Pay,Delivered
919,135,92,2025-10-28 12:20:00,1,3.94,3.2,0.0,7.14,PayPal,Delivered
920,167,46,2026-04-16 12:38:00,1,8.38,3.0,1.63,9.75,PayPal,Delivered
921,1076,97,2025-12-04 23:50:00,1,3.39,2.66,0.0,6.05,Google Pay,Delivered
922,412,44,2026-04-22 13:16:00,1,4.35,2.69,0.0,7.04,Debit Card,Delivered
923,112,20,2026-06-22 12:28:00,1,3.88,3.22,0.0,7.1,Apple Pay,Delivered
924,658,65,2026-06-16 21:48:00,1,3.08,2.22,0.0,5.3,PayPal,Refunded
925,595,13,2026-06-06 14:19:00,2,19.8,2.3,0.0,22.1,Apple Pay,Delivered
926,1437,116,2026-05-17 13:40:00,1,5.77,2.8,0.0,8.57,Debit Card,Cancelled
927,346,8,2026-06-10 13:10:00,3,7.29,2.04,0.0,9.33,Debit Card,Delivered
928,402,16,2026-07-27 12:55:00,1,5.27,2.96,0.0,8.23,Credit Card,Delivered
929,247,6,2026-07-19 11:07:00,3,32.91,2.58,0.0,35.49,Google Pay,Delivered
930,283,120,2026-06-09 20:41:00,1,16.44,2.82,0.0,19.26,Debit Card,Delivered
931,801,27,2026-02-09 16:58:00,2,13.66,2.36,0.0,16.02,PayPal,Delivered
932,335,69,2025-12-18 12:08:00,1,14.93,3.39,0.0,18.32,Credit Card,Delivered
933,1080,17,2026-07-06 21:00:00,3,11.16,2.73,0.0,13.89,PayPal,Cancelled
934,1227,85,2026-04-13 09:56:00,1,2.63,3.1,0.0,5.73,Debit Card,Delivered
935,731,65,2026-04-08 16:04:00,1,2.96,2.47,0.0,5.43,PayPal,Delivered
936,360,96,2026-02-03 12:18:00,3,12.21,2.79,0.0,15.0,Apple Pay,Delivered
937,1232,6,2026-01-29 10:54:00,1,10.93,2.55,0.0,13.48,PayPal,Delivered
938,1450,115,2026-05-23 19:08:00,3,10.47,2.98,0.0,13.45,Credit Card,Delivered
939,1377,49,2026-03-11 12:57:00,1,3.91,2.95,0.0,6.86,Apple Pay,Delivered
940,1381,85,2025-09-08 11:44:00,1,11.0,2.96,0.0,13.96,PayPal,Delivered
941,1211,27,2025-10-22 18:14:00,1,2.87,2.45,0.0,5.32,Credit Card,Delivered
942,1108,52,2025-12-30 22:12:00,2,9.54,2.62,0.0,12.16,Debit Card,Delivered
943,1435,18,2026-01-23 18:18:00,1,4.35,3.01,0.43,6.93,Apple Pay,Delivered
944,510,30,2026-08-21 11:00:00,1,14.35,3.35,0.0,17.7,Google Pay,Delivered
945,1394,112,2026-02-20 14:57:00,1,5.7,2.81,0.0,8.51,Apple Pay,Delivered
946,31,29,2026-02-03 17:47:00,2,5.5,1.75,0.95,6.3,Google Pay,Delivered
947,1249,51,2025-10-02 13:00:00,3,10.98,2.54,0.0,13.52,Debit Card,Delivered
948,502,51,2026-06-24 14:00:00,1,4.91,3.04,0.0,7.95,Debit Card,Cancelled
949,439,57,2026-08-29 18:19:00,1,2.66,1.93,0.0,4.59,Apple Pay,Delivered
950,1014,63,2026-07-12 23:31:00,5,53.45,1.86,0.0,55.31,Debit Card,Delivered
951,262,11,2026-07-30 21:00:00,2,37.32,1.67,0.0,38.99,Apple Pay,Delivered
952,1491,25,2026-02-13 13:35:00,1,10.21,2.92,0.0,13.13,PayPal,Delivered
953,1091,5,2026-08-02 21:46:00,1,13.78,3.43,0.0,17.21,Credit Card,Delivered
954,29,90,2026-05-18 15:14:00,1,14.93,2.16,1.37,15.72,Debit Card,Delivered
955,1269,15,2025-09-30 22:22:00,1,3.59,3.09,0.33,6.35,Credit Card,Delivered
956,162,16,2026-02-05 20:02:00,1,4.03,3.24,0.0,7.27,Credit Card,Delivered
957,1235,120,2026-07-11 20:20:00,1,3.61,2.9,0.0,6.51,Debit Card,Delivered
958,1220,88,2025-12-19 14:59:00,3,12.63,2.68,0.0,15.31,Credit Card,Delivered
959,966,66,2026-03-20 21:43:00,1,3.63,2.98,0.0,6.61,Credit Card,Delivered
960,901,60,2026-08-18 19:00:00,1,2.11,2.7,0.0,4.81,Credit Card,Delivered
961,1245,65,2025-11-11 20:50:00,2,7.14,2.52,0.0,9.66,PayPal,Delivered
962,1276,65,2026-07-11 19:34:00,2,9.5,1.86,0.0,11.36,Apple Pay,Delivered
963,1061,63,2025-11-25 11:05:00,1,3.74,3.24,0.0,6.98,Debit Card,Delivered
964,257,8,2026-04-02 17:39:00,1,2.77,2.87,0.0,5.64,PayPal,Delivered
965,999,80,2026-08-26 11:00:00,2,7.02,1.93,0.0,8.95,PayPal,Delivered
966,303,93,2026-04-14 12:11:00,1,10.84,2.08,0.0,12.92,PayPal,Delivered
967,70,76,2026-06-17 17:39:00,1,3.63,2.49,0.0,6.12,Cash,Delivered
968,228,74,2026-03-21 15:55:00,1,3.6,2.71,0.0,6.31,PayPal,Cancelled
969,691,116,2025-10-24 11:18:00,1,13.72,2.51,0.79,15.44,PayPal,Delivered
970,1446,108,2025-12-14 12:18:00,1,18.29,3.33,0.0,21.62,Google Pay,Delivered
971,51,41,2025-11-28 17:40:00,2,32.3,2.59,0.0,34.89,PayPal,Cancelled
972,112,5,2026-05-10 23:18:00,3,11.94,2.88,0.0,14.82,Debit Card,Delivered
973,139,106,2026-05-11 18:10:00,2,12.54,2.05,0.0,14.59,Apple Pay,Delivered
974,286,15,2025-10-23 21:13:00,3,11.79,2.74,0.0,14.53,Credit Card,Delivered
975,812,25,2026-04-15 16:48:00,2,25.46,2.31,0.0,27.77,PayPal,Delivered
976,1233,71,2026-02-18 13:36:00,1,5.32,2.71,0.0,8.03,Apple Pay,Delivered
977,72,39,2026-02-01 09:19:00,2,20.22,2.89,0.0,23.11,PayPal,Delivered
978,1207,74,2026-07-11 15:59:00,2,26.34,3.08,0.0,29.42,Credit Card,Delivered
979,1370,65,2025-09-23 22:20:00,1,3.62,2.8,0.0,6.42,PayPal,Delivered
980,120,49,2026-05-24 14:41:00,3,36.93,1.57,2.52,35.98,Apple Pay,Delivered
981,676,60,2026-03-23 14:10:00,2,8.14,2.73,0.73,10.14,Debit Card,Delivered
982,1223,68,2025-12-04 21:56:00,1,3.88,2.8,0.0,6.68,Google Pay,Delivered
983,1050,120,2025-11-25 21:12:00,1,2.85,3.15,0.0,6.0,Credit Card,Delivered
984,278,93,2025-10-30 20:25:00,2,8.72,2.6,0.0,11.32,PayPal,Delivered
985,222,94,2026-04-14 14:35:00,1,4.51,3.34,0.23,7.62,Credit Card,Delivered
986,669,67,2026-04-28 23:31:00,2,16.9,2.71,0.0,19.61,PayPal,Delivered
987,1272,14,2025-12-10 14:34:00,3,12.96,2.24,0.0,15.2,Google Pay,Delivered
988,1423,85,2026-01-18 13:46:00,2,23.72,2.19,0.0,25.91,PayPal,Delivered
989,718,100,2026-08-24 22:49:00,3,11.46,2.82,0.0,14.28,Debit Card,Delivered
990,795,43,2026-05-16 23:20:00,1,10.84,1.83,0.0,12.67,Google Pay,Delivered
991,839,60,2026-04-04 23:37:00,2,21.86,2.51,0.0,24.37,Debit Card,Delivered
992,736,28,2026-07-09 19:00:00,1,6.06,2.53,0.0,8.59,PayPal,Delivered
993,973,70,2026-03-28 22:25:00,1,11.41,2.44,0.0,13.85,Debit Card,Delivered
994,411,7,2026-01-22 12:30:00,1,11.24,2.81,0.0,14.05,PayPal,Delivered
995,810,79,2026-07-03 22:48:00,1,8.46,2.07,0.0,10.53,Apple Pay,Delivered
996,920,74,2025-11-11 21:40:00,1,15.24,2.19,0.0,17.43,PayPal,Delivered
997,845,25,2026-08-29 15:00:00,2,5.6,2.95,0.0,8.55,Credit Card,Delivered
998,1463,120,2026-08-10 13:03:00,1,3.61,2.65,0.0,6.26,Credit Card,Refunded
999,1117,90,2026-06-12 21:42:00,1,14.92,2.89,0.0,17.81,Credit Card,Delivered
1000,1102,82,2026-03-02 16:31:00,1,10.0,2.65,0.0,12.65,Google Pay,Delivered
1001,1210,59,2026-04-05 23:32:00,3,24.96,2.89,0.0,27.85,Cash,Delivered
1002,792,76,2026-07-28 22:50:00,1,6.33,2.76,0.47,8.62,PayPal,Delivered
1003,460,49,2026-07-13 21:13:00,1,3.29,2.99,0.0,6.28,Apple Pay,Delivered
1004,804,87,2026-06-23 14:15:00,1,7.23,3.5,0.58,10.15,Credit Card,Delivered
1005,1384,103,2025-11-06 21:38:00,3,13.38,2.61,0.0,15.99,Google Pay,Delivered
1006,1319,119,2026-07-09 21:00:00,1,2.47,2.5,0.16,4.81,Debit Card,Delivered
1007,531,73,2026-06-06 15:59:00,2,19.28,2.8,0.0,22.08,Credit Card,Refunded
1008,725,13,2025-10-16 11:55:00,3,31.62,1.0,0.0,32.62,Credit Card,Delivered
1009,409,30,2026-05-09 21:20:00,3,14.1,2.7,0.0,16.8,Debit Card,Delivered
1010,19,81,2026-01-09 14:10:00,1,17.69,3.42,0.0,21.11,PayPal,Delivered
1011,468,26,2026-03-25 12:38:00,1,2.86,3.25,0.0,6.11,Credit Card,Delivered
1012,152,107,2026-08-02 10:11:00,1,15.18,2.75,1.49,16.44,Debit Card,Delivered
1013,538,20,2026-07-16 14:26:00,2,25.34,2.94,3.81,24.47,Apple Pay,Delivered
1014,81,95,2026-01-13 18:18:00,2,15.83,2.31,0.0,18.14,Apple Pay,Delivered
1015,476,65,2026-05-18 10:23:00,1,3.52,2.86,0.0,6.38,Credit Card,Cancelled
1016,1072,55,2025-09-04 19:53:00,1,14.31,2.56,0.0,16.87,Credit Card,Delivered
1017,1266,84,2026-05-20 22:18:00,1,8.31,2.38,0.0,10.69,PayPal,Cancelled
1018,1332,94,2025-10-21 20:51:00,2,8.5,2.27,0.0,10.77,PayPal,Delivered
1019,842,8,2026-07-30 19:13:00,1,3.08,2.4,0.0,5.48,Debit Card,Delivered
1020,820,91,2025-12-18 13:17:00,1,13.89,1.83,0.0,15.72,PayPal,Delivered
1021,1452,44,2026-05-14 16:14:00,1,5.12,2.59,0.0,7.71,Debit Card,Delivered
1022,834,73,2026-05-02 20:44:00,1,3.77,2.45,0.0,6.22,Debit Card,Delivered
1023,126,52,2025-12-03 22:46:00,2,13.06,2.38,1.1,14.34,Apple Pay,Delivered
1024,1404,17,2026-07-03 22:02:00,1,9.79,1.2,0.0,10.99,Google Pay,Delivered
1025,921,78,2025-11-07 17:19:00,1,6.94,2.48,0.0,9.42,PayPal,Delivered
1026,1000,102,2026-07-26 12:56:00,1,4.43,2.9,0.0,7.33,Credit Card,Delivered
1027,145,52,2026-06-28 21:00:00,3,31.86,1.32,0.0,33.18,Cash,Delivered
1028,705,22,2026-02-18 23:10:00,1,11.53,2.98,0.0,14.51,Credit Card,Cancelled
1029,689,86,2025-11-25 23:12:00,1,1.99,2.64,0.33,4.3,Cash,Delivered
1030,1223,107,2025-09-04 23:27:00,1,4.84,3.06,0.0,7.9,PayPal,Delivered
1031,575,54,2026-05-14 13:12:00,1,17.69,3.03,0.0,20.72,Apple Pay,Delivered
1032,515,65,2026-05-26 22:26:00,1,5.09,2.68,0.0,7.77,Debit Card,Delivered
1033,1022,34,2026-07-05 11:35:00,1,4.71,2.5,0.0,7.21,Debit Card,Delivered
1034,24,68,2026-08-18 09:27:00,1,15.86,2.67,0.0,18.53,Credit Card,Delivered
1035,1119,56,2025-12-16 20:34:00,1,3.53,2.45,0.0,5.98,Credit Card,Delivered
1036,12,101,2026-03-27 12:03:00,1,7.11,2.51,0.0,9.62,Debit Card,Delivered
1037,358,8,2026-07-31 15:30:00,1,9.99,2.58,0.0,12.57,Credit Card,Cancelled
1038,747,65,2026-03-26 09:03:00,1,4.38,2.24,0.0,6.62,PayPal,Delivered
1039,291,81,2026-06-02 11:41:00,1,4.65,2.76,0.56,6.85,Google Pay,Delivered
1040,54,89,2026-05-19 13:31:00,3,44.46,1.58,0.0,46.04,Credit Card,Delivered
1041,630,8,2026-08-28 19:38:00,3,12.9,2.38,0.0,15.28,Apple Pay,Delivered
1042,1061,64,2026-01-03 14:20:00,1,5.56,3.3,0.0,8.86,Credit Card,Delivered
1043,363,100,2025-11-12 19:12:00,1,3.81,3.0,0.0,6.81,PayPal,Delivered
1044,412,55,2026-08-01 20:40:00,2,6.6,2.04,0.0,8.64,PayPal,Delivered
1045,1015,65,2026-02-17 08:03:00,1,3.69,2.71,0.54,5.86,Apple Pay,Delivered
1046,1422,12,2025-11-10 22:29:00,1,4.17,2.65,0.0,6.82,Credit Card,Delivered
1047,777,55,2026-04-22 11:16:00,1,15.31,2.82,0.0,18.13,Credit Card,Delivered
1048,839,59,2026-07-08 22:21:00,1,4.5,2.54,0.0,7.04,Credit Card,Delivered
1049,1241,54,2026-06-06 23:25:00,1,6.67,2.55,0.0,9.22,Cash,Delivered
1050,100,103,2026-01-01 22:27:00,2,5.1,2.87,0.0,7.97,Debit Card,Delivered
1051,1472,111,2026-08-01 19:12:00,2,6.1,2.71,0.0,8.81,PayPal,Delivered
1052,714,101,2025-09-16 21:07:00,2,9.52,3.33,0.0,12.85,Debit Card,Delivered
1053,568,100,2026-07-23 12:28:00,1,3.06,2.74,0.0,5.8,Debit Card,Delivered
1054,927,117,2025-11-06 23:17:00,2,27.94,2.79,0.0,30.73,Debit Card,Delivered
1055,1368,83,2025-11-26 10:02:00,2,20.61,2.48,0.0,23.09,Credit Card,Delivered
1056,1406,111,2026-06-27 19:00:00,1,6.76,2.78,0.0,9.54,Debit Card,Delivered
1057,1166,54,2026-02-02 17:28:00,3,52.92,2.24,0.0,55.16,Credit Card,Delivered
1058,726,43,2025-09-19 21:05:00,2,17.94,2.7,0.0,20.64,Credit Card,Delivered
1059,224,64,2026-05-21 21:21:00,2,13.14,3.14,0.0,16.28,Debit Card,Cancelled
1060,286,66,2025-10-18 14:07:00,3,16.71,3.32,0.0,20.03,Apple Pay,Delivered
1061,1254,55,2025-10-19 12:57:00,1,12.66,2.28,2.09,12.85,Credit Card,Delivered
1062,188,88,2025-09-02 21:29:00,1,6.11,2.38,1.21,7.28,Credit Card,Refunded
1063,723,38,2026-08-18 23:52:00,1,6.46,2.88,0.43,8.91,Credit Card,Delivered
1064,612,49,2025-09-19 12:20:00,1,4.38,2.07,0.0,6.45,Apple Pay,Delivered
1065,1064,3,2026-05-31 21:57:00,1,4.96,2.96,0.0,7.92,Credit Card,Delivered
1066,515,97,2026-04-20 18:56:00,1,2.65,2.26,0.0,4.91,Apple Pay,Delivered
1067,1054,100,2026-06-30 14:39:00,1,3.33,2.58,0.65,5.26,Debit Card,Delivered
1068,763,83,2026-02-12 09:25:00,1,6.19,3.1,0.0,9.29,Debit Card,Delivered
1069,1329,115,2026-07-29 21:58:00,2,23.05,2.29,4.04,21.3,Debit Card,Delivered
1070,281,43,2026-02-20 12:34:00,1,7.97,1.96,0.0,9.93,Debit Card,Delivered
1071,1142,98,2025-11-04 22:11:00,3,6.93,1.47,0.0,8.4,Debit Card,Delivered
1072,1083,101,2026-07-27 13:04:00,1,12.75,2.96,0.0,15.71,Debit Card,Delivered
1073,1237,116,2026-02-03 20:31:00,1,11.46,3.13,0.0,14.59,Cash,Delivered
1074,736,7,2026-08-18 13:00:00,1,10.68,2.33,0.0,13.01,PayPal,Delivered
1075,482,116,2026-04-26 21:44:00,1,10.2,3.22,0.0,13.42,Google Pay,Delivered
1076,776,81,2025-12-27 12:32:00,1,6.59,2.85,0.0,9.44,Google Pay,Delivered
1077,1460,17,2026-06-28 14:28:00,1,8.84,2.59,0.0,11.43,Debit Card,Delivered
1078,293,105,2025-10-26 18:16:00,1,4.38,3.21,0.0,7.59,Apple Pay,Delivered
1079,993,8,2026-05-28 19:12:00,1,9.08,1.6,0.0,10.68,Debit Card,Delivered
1080,337,99,2026-07-01 19:12:00,2,18.68,3.01,0.0,21.69,PayPal,Delivered
1081,1161,62,2025-10-15 11:39:00,1,3.7,2.02,0.0,5.72,Apple Pay,Delivered
1082,636,112,2026-04-04 10:47:00,2,5.4,2.1,0.0,7.5,PayPal,Delivered
1083,1289,53,2026-04-24 13:58:00,1,8.33,2.08,0.48,9.93,PayPal,Refunded
1084,246,81,2026-08-03 10:40:00,1,16.13,3.1,0.0,19.23,Credit Card,Delivered
1085,186,7,2025-12-17 13:31:00,1,3.67,3.01,0.0,6.68,Cash,Delivered
1086,1427,62,2026-02-25 11:41:00,2,7.44,3.09,0.0,10.53,Credit Card,Delivered
1087,505,45,2026-04-02 19:00:00,1,3.18,2.4,0.0,5.58,Credit Card,Delivered
1088,128,43,2026-01-15 12:52:00,1,3.11,2.59,0.0,5.7,Credit Card,Delivered
1089,1254,19,2026-08-29 16:02:00,3,20.49,2.94,0.0,23.43,PayPal,Delivered
1090,622,94,2026-04-28 21:54:00,2,7.34,2.59,0.0,9.93,Debit Card,Delivered
1091,1383,45,2026-01-28 21:00:00,1,4.09,2.49,0.0,6.58,Google Pay,Delivered
1092,657,11,2026-07-13 19:56:00,1,3.8,2.82,0.0,6.62,PayPal,Cancelled
1093,1135,75,2025-10-09 10:46:00,2,17.34,2.43,0.0,19.77,Apple Pay,Delivered
1094,869,109,2026-07-18 19:25:00,1,11.1,3.55,0.0,14.65,Credit Card,Delivered
1095,724,64,2026-01-28 13:29:00,1,4.39,3.39,0.0,7.78,Debit Card,Delivered
1096,729,12,2026-05-07 19:17:00,1,4.16,2.84,0.71,6.29,PayPal,Refunded
1097,377,63,2026-07-13 22:12:00,2,13.72,2.88,0.98,15.62,Credit Card,Delivered
1098,1105,36,2026-07-16 20:18:00,1,5.37,2.76,1.06,7.07,Debit Card,Delivered
1099,788,114,2025-10-30 23:51:00,1,3.14,2.95,0.46,5.63,Apple Pay,Delivered
1100,3,46,2026-01-26 13:15:00,3,18.85,2.93,0.0,21.78,PayPal,Delivered
1101,596,20,2025-09-30 13:26:00,1,14.69,2.61,0.0,17.3,Google Pay,Delivered
1102,609,34,2026-04-23 12:41:00,1,3.52,1.59,0.0,5.11,PayPal,Delivered
1103,1329,115,2026-03-06 11:00:00,1,5.15,2.62,0.0,7.77,Credit Card,Delivered
1104,641,113,2026-08-31 08:18:00,1,2.31,2.53,0.0,4.84,Google Pay,Delivered
1105,851,41,2026-04-19 23:48:00,2,10.0,2.27,0.0,12.27,Cash,Delivered
1106,125,78,2026-02-08 17:10:00,2,26.96,3.32,0.0,30.28,Debit Card,Delivered
1107,589,111,2025-10-27 23:43:00,1,3.37,2.87,0.0,6.24,Credit Card,Delivered
1108,427,116,2025-12-14 22:06:00,3,13.17,3.33,0.0,16.5,Credit Card,Delivered
1109,748,39,2026-06-21 21:58:00,1,9.75,2.62,0.0,12.37,Apple Pay,Delivered
1110,1348,65,2025-10-23 22:05:00,2,5.76,1.67,0.0,7.43,Credit Card,Delivered
1111,1401,15,2026-07-07 13:53:00,1,6.37,2.49,0.93,7.93,Debit Card,Delivered
1112,431,105,2026-04-08 22:45:00,2,8.7,2.55,0.0,11.25,Debit Card,Delivered
1113,920,74,2026-03-10 20:07:00,1,13.36,2.45,2.07,13.74,Apple Pay,Cancelled
1114,1432,3,2026-02-21 20:46:00,3,14.31,2.92,0.0,17.23,Debit Card,Delivered
1115,344,74,2026-01-22 20:00:00,1,6.33,2.42,0.0,8.75,PayPal,Delivered
1116,658,65,2025-11-22 22:58:00,1,3.56,1.97,0.0,5.53,PayPal,Cancelled
1117,751,71,2026-03-10 23:57:00,2,24.54,2.51,3.65,23.4,Apple Pay,Delivered
1118,5,62,2026-02-25 12:55:00,1,4.51,3.06,0.0,7.57,Debit Card,Delivered
1119,699,49,2026-05-30 11:00:00,3,12.15,2.62,0.0,14.77,Credit Card,Delivered
1120,183,4,2026-06-22 13:53:00,4,22.9,2.04,0.0,24.94,Credit Card,Delivered
1121,466,73,2026-02-11 21:26:00,2,13.21,2.56,0.0,15.77,Credit Card,Delivered
1122,174,64,2026-08-12 11:00:00,1,6.58,3.46,0.0,10.04,Credit Card,Delivered
1123,1105,109,2026-06-05 20:51:00,1,7.57,2.91,0.0,10.48,Debit Card,Delivered
1124,1253,13,2026-06-26 15:00:00,1,10.04,2.93,1.27,11.7,Credit Card,Delivered
1125,403,84,2025-09-20 22:38:00,1,2.23,2.46,0.0,4.69,Apple Pay,Refunded
1126,61,73,2025-12-27 22:32:00,1,6.39,2.06,0.0,8.45,Credit Card,Delivered
1127,739,94,2025-09-01 18:22:00,1,2.73,2.59,0.0,5.32,Cash,Delivered
1128,173,115,2026-01-14 15:44:00,2,5.88,3.16,0.0,9.04,Credit Card,Delivered
1129,662,77,2025-10-19 22:16:00,1,20.5,2.02,0.0,22.52,Debit Card,Delivered
1130,816,107,2026-04-29 13:55:00,1,5.5,2.12,0.0,7.62,Apple Pay,Delivered
1131,701,116,2025-09-19 19:51:00,2,27.38,2.32,0.0,29.7,Google Pay,Delivered
1132,784,92,2025-11-15 23:55:00,2,36.5,1.48,0.0,37.98,Credit Card,Delivered
1133,851,72,2025-12-05 20:50:00,1,5.47,2.77,0.0,8.24,Apple Pay,Delivered
1134,246,54,2026-04-08 23:49:00,1,4.86,2.32,0.0,7.18,Apple Pay,Delivered
1135,1025,21,2026-01-26 16:55:00,1,3.57,2.92,0.0,6.49,Debit Card,Delivered
1136,1003,100,2026-06-08 20:55:00,1,5.82,3.61,0.0,9.43,PayPal,Delivered
1137,215,86,2026-06-12 23:47:00,3,7.74,2.01,0.78,8.97,Debit Card,Delivered
1138,651,59,2026-06-04 21:00:00,1,9.25,2.07,0.0,11.32,Debit Card,Delivered
1139,433,28,2026-05-07 22:00:00,2,7.74,2.54,0.0,10.28,Credit Card,Delivered
1140,597,57,2026-08-17 22:10:00,1,2.73,2.45,0.16,5.02,Credit Card,Cancelled
1141,1160,48,2026-01-07 11:23:00,2,4.44,2.3,0.0,6.74,PayPal,Delivered
1142,895,34,2026-03-16 13:21:00,1,3.94,2.53,0.0,6.47,Credit Card,Delivered
1143,1362,104,2026-08-06 21:19:00,1,2.33,2.42,0.0,4.75,Credit Card,Delivered
1144,854,16,2026-04-26 22:17:00,3,18.27,2.93,0.0,21.2,Credit Card,Delivered
1145,67,96,2026-03-30 21:15:00,1,13.72,3.8,0.0,17.52,PayPal,Delivered
1146,1067,61,2026-01-03 14:34:00,1,3.18,2.47,0.35,5.3,PayPal,Delivered
1147,111,12,2026-06-29 20:47:00,1,5.62,2.63,0.0,8.25,Apple Pay,Delivered
1148,513,112,2025-11-11 20:48:00,1,5.7,2.9,0.0,8.6,Cash,Delivered
1149,1401,94,2026-02-26 16:07:00,1,3.55,3.63,0.0,7.18,Cash,Delivered
1150,1485,19,2026-01-06 20:32:00,3,28.44,3.06,0.0,31.5,Credit Card,Delivered
1151,222,12,2025-10-06 23:28:00,1,4.86,2.67,0.0,7.53,Debit Card,Delivered
1152,1478,110,2025-12-11 19:47:00,1,3.57,2.26,0.0,5.83,PayPal,Cancelled
1153,1469,34,2025-11-08 13:51:00,1,2.78,2.78,0.0,5.56,Credit Card,Delivered
1154,1318,2,2025-10-04 18:19:00,2,14.16,2.68,2.76,14.08,Credit Card,Delivered
1155,1243,65,2026-06-04 12:47:00,2,6.16,3.15,0.0,9.31,Google Pay,Delivered
1156,113,114,2026-05-20 21:35:00,1,4.4,2.43,0.0,6.83,Debit Card,Delivered
1157,182,68,2026-07-13 22:16:00,1,6.39,2.66,0.0,9.05,Debit Card,Refunded
1158,921,90,2025-09-12 20:33:00,3,49.35,1.13,8.77,41.71,Apple Pay,Delivered
1159,154,118,2026-02-18 22:02:00,1,4.73,2.98,0.44,7.27,Apple Pay,Delivered
1160,377,64,2026-04-30 21:03:00,1,7.91,2.29,0.0,10.2,Google Pay,Delivered
1161,1466,73,2026-02-27 16:24:00,1,5.73,3.22,0.0,8.95,Google Pay,Delivered
1162,1366,93,2025-09-10 19:57:00,2,7.36,1.82,0.0,9.18,Debit Card,Delivered
1163,383,106,2026-02-12 19:35:00,1,3.85,1.54,0.0,5.39,PayPal,Delivered
1164,809,50,2025-12-08 15:00:00,3,12.06,2.37,0.0,14.43,Credit Card,Delivered
1165,809,9,2026-01-15 11:00:00,1,9.36,2.77,0.0,12.13,Cash,Delivered
1166,395,99,2026-05-25 21:26:00,3,19.17,2.67,0.0,21.84,Credit Card,Delivered
1167,355,59,2025-10-05 11:31:00,1,4.24,2.94,0.0,7.18,Debit Card,Delivered
1168,656,23,2025-12-19 13:16:00,1,3.1,2.66,0.0,5.76,Google Pay,Delivered
1169,902,56,2026-08-29 17:15:00,2,10.44,3.03,0.0,13.47,PayPal,Delivered
1170,1207,74,2026-08-13 23:55:00,1,6.64,3.41,0.0,10.05,Debit Card,Delivered
1171,1261,88,2025-09-18 14:41:00,2,7.43,2.43,0.0,9.86,Credit Card,Delivered
1172,31,119,2026-01-25 21:07:00,1,2.81,2.3,0.0,5.11,Debit Card,Delivered
1173,986,16,2026-01-06 16:24:00,2,10.42,2.02,0.0,12.44,PayPal,Cancelled
1174,925,91,2026-04-15 13:46:00,1,9.73,3.3,0.0,13.03,PayPal,Delivered
1175,70,39,2026-05-11 10:49:00,1,10.52,2.5,0.0,13.02,Credit Card,Cancelled
1176,1252,35,2026-06-25 11:00:00,1,14.04,2.74,0.0,16.78,Apple Pay,Delivered
1177,893,120,2026-03-17 16:00:00,2,26.86,2.62,0.0,29.48,Debit Card,Delivered
1178,1079,21,2025-12-12 15:22:00,1,4.05,2.45,0.0,6.5,Google Pay,Delivered
1179,992,1,2026-08-25 20:25:00,3,28.38,2.54,0.0,30.92,PayPal,Delivered
1180,502,77,2026-08-29 11:00:00,1,16.55,3.12,0.0,19.67,Google Pay,Delivered
1181,302,88,2025-09-12 13:25:00,1,4.01,2.5,0.63,5.88,Credit Card,Delivered
1182,567,48,2026-04-16 10:22:00,2,5.06,2.93,0.0,7.99,Google Pay,Delivered
1183,1144,46,2026-07-17 22:35:00,3,40.47,2.18,0.0,42.65,Google Pay,Delivered
1184,956,77,2026-06-27 15:18:00,3,22.05,3.54,0.0,25.59,PayPal,Delivered
1185,941,91,2025-10-20 19:21:00,1,13.84,2.01,0.0,15.85,Cash,Delivered
1186,196,22,2026-05-30 21:52:00,3,41.07,1.5,0.0,42.57,Apple Pay,Delivered
1187,15,40,2025-11-14 13:24:00,1,14.49,3.02,0.0,17.51,Cash,Delivered
1188,1002,12,2026-06-03 12:00:00,1,3.65,2.14,0.0,5.79,Apple Pay,Delivered
1189,1426,59,2026-03-12 19:44:00,1,6.08,2.47,0.0,8.55,Google Pay,Delivered
1190,538,116,2026-06-21 22:15:00,1,4.47,2.34,0.0,6.81,Credit Card,Delivered
1191,669,65,2026-07-18 22:10:00,1,3.19,2.7,0.0,5.89,Credit Card,Delivered
1192,1437,117,2026-04-14 14:45:00,2,9.92,2.62,0.0,12.54,PayPal,Delivered
1193,349,6,2026-01-30 13:14:00,1,5.32,2.38,0.0,7.7,Apple Pay,Delivered
1194,783,12,2026-04-04 14:00:00,1,4.95,3.33,0.0,8.28,Credit Card,Delivered
1195,130,118,2025-12-17 13:06:00,1,6.17,3.04,0.94,8.27,Debit Card,Delivered
1196,396,52,2025-10-20 23:44:00,1,3.9,2.89,0.0,6.79,Credit Card,Delivered
1197,562,120,2026-01-25 10:15:00,1,4.91,2.84,0.3,7.45,Google Pay,Delivered
1198,1029,47,2025-11-01 13:23:00,2,3.58,2.58,0.0,6.16,Apple Pay,Delivered
1199,462,69,2025-10-05 10:30:00,3,51.39,1.94,0.0,53.33,Credit Card,Delivered
1200,691,41,2026-05-31 22:16:00,2,10.1,2.03,0.0,12.13,Credit Card,Delivered
1201,447,103,2026-07-03 17:11:00,1,2.92,3.23,0.0,6.15,Cash,Delivered
1202,212,96,2026-06-02 13:04:00,2,13.48,3.5,0.0,16.98,Debit Card,Delivered
1203,1190,44,2026-08-01 15:04:00,2,9.3,2.56,0.0,11.86,PayPal,Delivered
1204,1010,76,2026-02-24 12:54:00,2,9.04,1.99,1.72,9.31,Google Pay,Delivered
1205,969,87,2026-05-06 12:59:00,1,3.57,2.37,0.0,5.94,Cash,Delivered
1206,875,1,2025-11-14 23:38:00,1,4.73,1.84,0.0,6.57,Credit Card,Delivered
1207,200,14,2026-02-10 21:27:00,2,9.2,2.68,0.96,10.92,PayPal,Delivered
1208,773,87,2026-05-06 20:00:00,2,9.2,2.64,0.0,11.84,Cash,Delivered
1209,1063,5,2026-04-13 17:49:00,1,4.36,2.54,0.0,6.9,Credit Card,Refunded
1210,742,43,2026-02-07 18:26:00,1,5.23,3.0,0.0,8.23,PayPal,Delivered
1211,1086,57,2026-03-21 21:44:00,2,3.46,2.22,0.0,5.68,Apple Pay,Refunded
1212,494,65,2026-07-09 11:05:00,1,5.42,2.95,0.0,8.37,Credit Card,Delivered
1213,772,96,2025-09-19 20:09:00,2,13.46,2.79,0.0,16.25,Debit Card,Delivered
1214,572,54,2026-02-10 19:50:00,1,18.39,3.55,0.0,21.94,Credit Card,Delivered
1215,1494,106,2026-01-22 14:30:00,3,8.16,3.2,0.0,11.36,Credit Card,Delivered
1216,269,69,2026-05-29 13:48:00,2,34.26,1.85,0.0,36.11,Credit Card,Delivered
1217,426,8,2026-04-28 22:34:00,1,9.09,2.18,0.0,11.27,Debit Card,Delivered
1218,1022,34,2026-05-22 23:07:00,1,3.24,2.25,0.0,5.49,PayPal,Refunded
1219,88,76,2026-07-07 11:09:00,1,5.05,3.09,0.0,8.14,Cash,Delivered
1220,770,21,2025-12-18 12:31:00,3,29.73,3.1,5.62,27.21,Google Pay,Delivered
1221,44,65,2026-01-10 20:06:00,1,2.86,1.81,0.0,4.67,Google Pay,Delivered
1222,792,76,2026-01-05 21:50:00,1,6.14,2.89,0.0,9.03,Apple Pay,Delivered
1223,481,15,2026-06-27 18:15:00,1,13.24,2.51,0.0,15.75,Credit Card,Delivered
1224,285,87,2026-02-17 23:41:00,3,10.5,2.92,0.0,13.42,Debit Card,Delivered
1225,747,65,2026-06-06 22:15:00,1,3.64,2.57,0.0,6.21,Apple Pay,Delivered
1226,497,12,2025-11-29 12:46:00,2,12.47,2.51,0.0,14.98,Cash,Delivered
1227,118,34,2026-08-06 12:16:00,3,7.28,1.6,0.0,8.88,Debit Card,Delivered
1228,799,29,2026-02-24 11:31:00,1,6.91,1.64,1.24,7.31,Apple Pay,Delivered
1229,849,36,2026-08-28 22:15:00,1,3.54,2.64,0.0,6.18,Cash,Delivered
1230,993,8,2026-02-11 19:52:00,2,5.86,2.25,0.0,8.11,PayPal,Delivered
1231,1352,42,2025-09-16 23:32:00,1,6.63,2.85,1.1,8.38,Apple Pay,Delivered
1232,1054,100,2025-12-06 21:31:00,1,3.01,2.86,0.37,5.5,Cash,Delivered
1233,1196,72,2026-02-07 21:17:00,3,42.24,1.46,0.0,43.7,Apple Pay,Delivered
1234,973,25,2025-10-19 12:10:00,1,3.21,2.19,0.0,5.4,Credit Card,Delivered
1235,1009,29,2026-06-10 12:46:00,2,16.36,2.67,0.0,19.03,Cash,Delivered
1236,1190,19,2026-01-06 23:03:00,1,4.67,2.98,0.0,7.65,Apple Pay,Delivered
1237,993,106,2026-06-28 18:03:00,1,9.23,2.03,0.0,11.26,Credit Card,Delivered
1238,754,76,2026-08-18 23:39:00,2,20.96,3.02,0.0,23.98,Cash,Delivered
1239,1096,40,2026-07-15 14:00:00,1,14.53,2.27,0.0,16.8,Credit Card,Delivered
1240,1449,21,2025-12-11 20:19:00,2,9.36,2.84,0.0,12.2,Google Pay,Delivered
1241,742,69,2026-04-10 19:46:00,3,34.65,1.85,0.0,36.5,Google Pay,Delivered
1242,340,26,2026-07-14 11:03:00,1,4.85,2.8,0.6,7.05,Credit Card,Delivered
1243,603,105,2026-07-25 18:26:00,2,5.14,3.04,0.93,7.25,Google Pay,Delivered
1244,22,97,2025-11-11 23:54:00,1,4.5,2.05,0.0,6.55,Credit Card,Delivered
1245,460,44,2025-11-22 17:19:00,3,49.53,1.74,0.0,51.27,Cash,Cancelled
1246,1331,1,2025-11-14 17:47:00,1,3.72,2.26,0.0,5.98,PayPal,Delivered
1247,150,30,2026-01-05 21:18:00,2,20.6,2.31,0.0,22.91,PayPal,Delivered
1248,1333,93,2026-04-12 21:13:00,1,3.67,2.68,0.52,5.83,Cash,Delivered
1249,844,12,2026-01-23 22:19:00,2,8.42,3.12,0.0,11.54,Credit Card,Delivered
1250,478,21,2026-05-24 17:17:00,1,3.46,2.73,0.0,6.19,PayPal,Delivered
1251,709,12,2026-01-23 16:07:00,3,29.43,2.7,0.0,32.13,Apple Pay,Delivered
1252,1318,88,2026-04-04 17:54:00,1,11.68,2.64,0.0,14.32,Credit Card,Delivered
1253,179,68,2026-03-25 23:34:00,1,2.52,2.9,0.28,5.14,Credit Card,Delivered
1254,849,43,2025-12-02 23:57:00,1,3.62,2.55,0.0,6.17,PayPal,Delivered
1255,403,98,2025-09-24 20:37:00,2,3.42,2.31,0.0,5.73,Debit Card,Delivered
1256,812,109,2025-11-20 13:53:00,1,3.79,2.65,0.0,6.44,Debit Card,Delivered
1257,1181,34,2026-06-12 22:23:00,2,5.73,2.93,0.0,8.66,PayPal,Delivered
1258,1383,50,2026-06-01 12:11:00,1,10.54,2.34,0.0,12.88,Debit Card,Delivered
1259,384,66,2025-10-15 12:57:00,1,5.61,2.28,0.57,7.32,Credit Card,Delivered
1260,996,39,2026-01-19 16:49:00,2,19.26,1.97,3.12,18.11,Credit Card,Refunded
1261,639,34,2026-06-24 21:54:00,1,6.87,2.67,0.0,9.54,Credit Card,Delivered
1262,755,95,2026-06-23 11:55:00,2,18.5,3.32,0.0,21.82,Apple Pay,Delivered
1263,242,106,2025-09-07 14:17:00,1,4.57,1.84,0.0,6.41,Credit Card,Delivered
1264,1285,101,2026-06-14 21:32:00,2,14.38,3.08,0.0,17.46,Cash,Delivered
1265,255,116,2026-06-15 20:43:00,1,5.51,2.99,0.0,8.5,Credit Card,Delivered
1266,60,62,2025-10-13 11:52:00,1,10.26,2.75,0.0,13.01,Debit Card,Delivered
1267,1135,75,2026-01-10 13:06:00,1,7.95,2.02,1.32,8.65,Apple Pay,Delivered
1268,609,86,2025-09-20 21:55:00,1,7.64,2.47,0.0,10.11,Credit Card,Delivered
1269,101,105,2026-04-28 12:45:00,2,6.1,3.36,0.0,9.46,PayPal,Delivered
1270,1022,34,2026-07-12 08:28:00,2,10.66,2.83,0.0,13.49,Debit Card,Delivered
1271,428,81,2025-11-06 23:44:00,1,4.71,3.08,0.0,7.79,Cash,Delivered
1272,1465,3,2026-07-30 20:00:00,2,5.86,3.1,0.0,8.96,Credit Card,Delivered
1273,1472,22,2026-03-16 16:21:00,1,4.66,2.06,0.0,6.72,Credit Card,Delivered
1274,826,100,2026-08-01 20:00:00,1,13.77,2.99,0.0,16.76,PayPal,Delivered
1275,714,101,2025-12-19 20:23:00,1,12.95,3.08,0.0,16.03,Debit Card,Delivered
1276,668,75,2026-07-24 18:00:00,2,5.45,2.34,0.0,7.79,Google Pay,Delivered
1277,910,17,2025-09-02 20:35:00,1,9.74,2.61,0.0,12.35,Google Pay,Delivered
1278,1364,35,2026-05-02 21:26:00,1,4.56,2.54,0.0,7.1,Apple Pay,Refunded
1279,962,59,2026-05-23 12:16:00,1,6.12,2.05,0.0,8.17,Credit Card,Refunded
1280,149,53,2025-09-30 16:23:00,2,18.6,2.91,0.0,21.51,PayPal,Delivered
1281,295,42,2025-10-18 14:34:00,3,13.83,3.63,0.0,17.46,Credit Card,Delivered
1282,945,76,2025-09-26 21:47:00,2,31.28,1.32,0.0,32.6,Credit Card,Delivered
1283,555,99,2026-08-09 21:53:00,2,23.68,2.78,0.0,26.46,Credit Card,Delivered
1284,720,64,2026-03-27 21:15:00,1,5.42,2.52,0.0,7.94,Debit Card,Delivered
1285,602,119,2026-03-18 16:26:00,3,8.25,2.36,1.12,9.49,Debit Card,Delivered
1286,894,78,2026-06-23 19:00:00,3,19.46,2.5,0.0,21.96,Apple Pay,Delivered
1287,347,63,2025-09-03 21:12:00,3,17.45,3.0,0.0,20.45,PayPal,Delivered
1288,111,94,2026-08-06 14:44:00,2,8.6,3.07,0.0,11.67,Credit Card,Delivered
1289,351,3,2026-08-11 23:33:00,2,29.92,2.87,0.0,32.79,Credit Card,Delivered
1290,1002,39,2026-03-20 15:08:00,1,10.08,2.62,0.0,12.7,PayPal,Delivered
1291,912,68,2025-10-19 19:39:00,1,2.24,2.56,0.0,4.8,PayPal,Delivered
1292,1214,65,2025-09-11 22:09:00,1,4.27,2.85,0.38,6.74,Credit Card,Delivered
1293,163,56,2026-07-02 21:31:00,1,5.05,2.35,0.0,7.4,PayPal,Cancelled
1294,213,91,2026-03-13 18:18:00,4,53.5,2.32,0.0,55.82,Google Pay,Delivered
1295,194,10,2025-12-30 15:01:00,1,5.83,2.92,0.0,8.75,Credit Card,Delivered
1296,845,25,2025-09-05 20:40:00,1,2.94,2.35,0.0,5.29,Apple Pay,Delivered
1297,860,50,2026-03-27 16:40:00,1,4.59,1.83,0.0,6.42,Cash,Delivered
1298,239,112,2026-07-18 20:16:00,1,3.16,2.63,0.38,5.41,Google Pay,Delivered
1299,675,92,2026-07-03 21:02:00,1,7.21,2.68,0.0,9.89,Credit Card,Cancelled
1300,78,28,2026-05-25 12:52:00,1,5.71,2.94,0.0,8.65,Credit Card,Delivered
1301,918,88,2025-09-19 21:25:00,1,5.94,2.35,0.0,8.29,Apple Pay,Delivered
1302,855,117,2026-06-04 11:51:00,2,27.9,3.11,0.0,31.01,Debit Card,Delivered
1303,41,66,2026-05-07 21:24:00,2,5.34,1.66,0.89,6.11,Credit Card,Delivered
1304,133,87,2026-07-04 13:44:00,2,32.96,1.85,0.0,34.81,Debit Card,Delivered
1305,1058,20,2025-10-25 18:50:00,1,14.59,2.51,2.67,14.43,PayPal,Delivered
1306,1349,66,2026-07-14 13:40:00,1,2.73,2.71,0.0,5.44,Credit Card,Cancelled
1307,1275,70,2026-05-22 14:51:00,1,2.91,3.24,0.57,5.58,Credit Card,Delivered
1308,851,120,2026-06-07 20:03:00,1,2.85,3.16,0.0,6.01,Apple Pay,Delivered
1309,787,98,2025-10-29 16:46:00,1,3.42,2.45,0.0,5.87,Debit Card,Delivered
1310,1213,58,2026-07-10 18:43:00,4,64.18,2.35,0.0,66.53,Credit Card,Delivered
1311,1262,40,2025-09-09 23:49:00,1,14.55,3.22,0.0,17.77,Cash,Delivered
1312,1360,115,2025-11-21 12:38:00,1,13.58,3.41,1.41,15.58,Apple Pay,Delivered
1313,600,3,2025-10-27 15:13:00,1,3.78,2.52,0.0,6.3,Debit Card,Delivered
1314,715,37,2025-11-25 19:36:00,1,1.87,2.61,0.0,4.48,Credit Card,Delivered
1315,119,40,2026-04-17 21:42:00,3,16.47,2.98,0.0,19.45,Apple Pay,Delivered
1316,263,65,2026-08-04 13:59:00,1,2.97,2.58,0.0,5.55,Apple Pay,Delivered
1317,567,48,2026-08-26 15:44:00,1,2.14,2.69,0.0,4.83,Google Pay,Delivered
1318,1215,115,2025-10-10 22:50:00,1,2.83,2.81,0.0,5.64,Credit Card,Delivered
1319,670,60,2026-08-21 19:46:00,1,2.45,2.08,0.0,4.53,PayPal,Cancelled
1320,881,66,2025-10-10 22:06:00,2,12.46,3.18,0.0,15.64,Debit Card,Delivered
1321,1299,34,2026-05-31 11:47:00,1,6.86,2.04,0.0,8.9,Cash,Delivered
1322,714,101,2025-11-07 13:42:00,1,12.7,2.14,0.73,14.11,Credit Card,Delivered
1323,503,105,2026-06-28 19:09:00,2,8.46,4.12,0.0,12.58,Debit Card,Delivered
1324,1096,53,2026-07-08 12:00:00,1,9.39,2.24,0.0,11.63,Apple Pay,Delivered
1325,473,90,2026-07-16 18:15:00,1,15.71,3.02,2.28,16.45,Apple Pay,Delivered
1326,583,70,2026-03-17 09:35:00,1,9.77,2.34,0.0,12.11,PayPal,Delivered
1327,1333,9,2026-03-12 18:47:00,1,10.12,2.27,0.0,12.39,Debit Card,Delivered
1328,656,67,2026-02-08 22:52:00,1,2.73,2.3,0.2,4.83,Google Pay,Refunded
1329,377,26,2025-11-23 23:08:00,2,9.84,2.66,0.0,12.5,PayPal,Delivered
1330,1252,35,2026-03-08 14:58:00,2,28.16,3.11,3.32,27.95,PayPal,Delivered
1331,964,88,2026-04-30 08:07:00,3,35.58,2.67,0.0,38.25,Google Pay,Delivered
1332,1152,77,2025-10-22 22:35:00,1,16.49,2.94,0.0,19.43,Debit Card,Delivered
1333,490,87,2025-10-23 19:58:00,1,10.36,2.11,1.5,10.97,PayPal,Delivered
1334,1173,20,2026-08-22 19:00:00,1,4.63,2.38,0.0,7.01,Debit Card,Delivered
1335,1428,30,2026-07-03 21:58:00,1,11.81,2.43,0.0,14.24,Credit Card,Delivered
1336,246,11,2026-01-07 15:37:00,1,15.24,2.92,0.0,18.16,Debit Card,Delivered
1337,285,6,2026-01-29 16:20:00,3,45.93,1.65,0.0,47.58,Debit Card,Cancelled
1338,847,60,2026-08-17 22:52:00,2,21.38,3.52,3.11,21.79,Credit Card,Delivered
1339,1086,86,2025-12-07 18:00:00,1,2.26,2.24,0.0,4.5,Debit Card,Delivered
1340,1,34,2026-01-12 21:45:00,2,5.28,2.6,0.0,7.88,PayPal,Delivered
1341,826,100,2026-07-07 22:23:00,2,16.36,2.69,0.0,19.05,Credit Card,Delivered
1342,192,91,2026-03-09 15:42:00,1,13.86,2.78,2.73,13.91,PayPal,Delivered
1343,1469,34,2025-10-11 22:01:00,1,5.23,2.14,0.96,6.41,Debit Card,Delivered
1344,1090,52,2025-11-18 14:54:00,2,9.78,2.67,0.0,12.45,Credit Card,Delivered
1345,1492,11,2026-08-22 23:08:00,1,18.7,2.68,2.16,19.22,Credit Card,Delivered
1346,328,45,2026-06-23 14:36:00,1,4.52,2.45,0.0,6.97,Apple Pay,Delivered
1347,1191,40,2026-08-13 13:13:00,1,8.27,2.45,0.0,10.72,PayPal,Delivered
1348,574,47,2026-02-23 21:55:00,1,6.35,3.19,0.0,9.54,Cash,Delivered
1349,156,7,2026-04-11 22:50:00,1,12.82,2.92,1.58,14.16,PayPal,Delivered
1350,721,93,2025-10-21 21:50:00,1,9.1,2.67,0.0,11.77,Cash,Delivered
1351,704,77,2026-05-18 21:22:00,1,16.49,2.87,0.0,19.36,Debit Card,Delivered
1352,751,111,2026-03-27 23:10:00,1,2.98,2.21,0.0,5.19,PayPal,Delivered
1353,1282,52,2026-08-01 19:00:00,1,5.8,2.14,0.0,7.94,PayPal,Delivered
1354,420,105,2026-07-07 22:12:00,4,16.02,2.77,0.0,18.79,PayPal,Delivered
1355,958,9,2026-02-07 10:38:00,1,4.8,2.35,0.0,7.15,Google Pay,Delivered
1356,299,34,2026-08-29 12:20:00,1,2.96,2.44,0.0,5.4,PayPal,Delivered
1357,1319,119,2026-07-20 13:04:00,1,2.44,2.35,0.0,4.79,Credit Card,Delivered
1358,688,63,2026-02-01 23:59:00,1,12.41,2.87,0.0,15.28,Apple Pay,Delivered
1359,1200,27,2025-09-05 13:53:00,1,3.0,3.34,0.0,6.34,Credit Card,Delivered
1360,404,2,2026-08-20 15:00:00,1,18.88,2.9,0.0,21.78,Credit Card,Delivered
1361,470,9,2025-12-16 10:14:00,2,7.94,2.26,0.0,10.2,PayPal,Delivered
1362,1475,9,2025-12-18 11:26:00,1,8.48,2.29,0.0,10.77,Credit Card,Delivered
1363,293,16,2026-01-08 19:14:00,3,12.78,3.13,2.35,13.56,Apple Pay,Delivered
1364,842,8,2026-08-15 11:04:00,2,5.02,2.23,0.0,7.25,Debit Card,Delivered
1365,484,65,2026-05-05 22:23:00,2,6.6,2.96,0.0,9.56,Google Pay,Delivered
1366,586,55,2026-07-27 22:00:00,2,12.02,2.73,1.18,13.57,Debit Card,Cancelled
1367,1044,7,2026-05-16 20:06:00,1,10.7,2.61,1.13,12.18,Debit Card,Refunded
1368,1173,20,2026-08-19 15:00:00,3,18.63,2.22,2.04,18.81,Debit Card,Delivered
1369,722,94,2026-01-31 22:00:00,1,2.75,3.09,0.0,5.84,Apple Pay,Delivered
1370,958,45,2026-04-24 18:49:00,2,6.78,2.0,0.0,8.78,Credit Card,Refunded
1371,66,58,2025-11-19 13:54:00,1,14.17,3.12,2.57,14.72,Debit Card,Delivered
1372,351,44,2026-02-07 14:25:00,1,5.91,2.52,0.0,8.43,Credit Card,Delivered
1373,1114,26,2026-06-29 14:51:00,1,4.98,3.4,0.0,8.38,Debit Card,Delivered
1374,999,79,2026-06-08 19:00:00,1,2.93,3.0,0.0,5.93,Google Pay,Delivered
1375,68,114,2026-05-14 15:00:00,2,7.32,2.28,0.81,8.79,PayPal,Delivered
1376,1337,102,2026-08-31 22:49:00,1,4.43,2.46,0.0,6.89,PayPal,Delivered
1377,614,103,2025-12-14 20:40:00,3,8.61,3.37,0.0,11.98,Credit Card,Delivered
1378,456,91,2026-04-29 13:34:00,1,3.81,2.98,0.0,6.79,PayPal,Delivered
1379,694,65,2026-06-22 15:00:00,1,3.51,2.87,0.0,6.38,Apple Pay,Delivered
1380,593,32,2026-02-26 21:00:00,5,28.98,2.04,0.0,31.02,Debit Card,Delivered
1381,755,89,2026-06-03 13:58:00,1,5.67,2.35,0.0,8.02,Google Pay,Delivered
1382,247,96,2026-07-25 11:55:00,1,4.17,2.9,0.0,7.07,Debit Card,Delivered
1383,209,62,2025-09-10 21:42:00,2,6.72,2.61,0.0,9.33,Credit Card,Delivered
1384,1485,3,2026-08-22 15:29:00,2,11.06,2.36,1.65,11.77,Apple Pay,Delivered
1385,1122,100,2025-12-20 12:24:00,1,2.85,2.87,0.0,5.72,PayPal,Delivered
1386,542,6,2026-08-26 18:25:00,1,15.32,2.14,2.28,15.18,PayPal,Delivered
1387,1275,35,2026-03-14 19:43:00,1,13.07,2.88,0.0,15.95,Google Pay,Delivered
1388,1194,110,2026-06-07 10:15:00,1,4.39,2.12,0.0,6.51,Apple Pay,Delivered
1389,1047,91,2025-09-03 21:34:00,1,3.19,3.08,0.55,5.72,Cash,Delivered
1390,1083,101,2026-08-28 18:00:00,2,32.22,1.88,0.0,34.1,PayPal,Delivered
1391,1427,30,2026-08-15 10:40:00,1,2.27,2.97,0.0,5.24,PayPal,Delivered
1392,1252,43,2025-10-31 22:09:00,2,11.66,3.3,0.0,14.96,PayPal,Cancelled
1393,387,29,2026-07-15 19:49:00,1,6.99,2.01,0.0,9.0,Debit Card,Delivered
1394,1091,115,2025-10-14 23:26:00,1,3.44,2.4,0.0,5.84,Credit Card,Cancelled
1395,242,8,2026-04-25 13:56:00,2,5.22,2.8,0.57,7.45,Apple Pay,Delivered
1396,755,7,2026-01-16 15:26:00,2,24.94,3.44,1.36,27.02,Credit Card,Delivered
1397,101,105,2026-02-08 20:47:00,2,19.89,3.36,1.29,21.96,Google Pay,Delivered
1398,255,91,2026-05-18 22:06:00,1,5.12,1.86,0.0,6.98,Credit Card,Delivered
1399,1083,101,2026-06-12 21:00:00,3,37.0,2.08,0.0,39.08,Credit Card,Delivered
1400,558,61,2026-01-04 20:01:00,3,23.47,2.3,0.0,25.77,Credit Card,Delivered
1401,244,4,2026-03-22 21:34:00,1,4.24,2.79,0.61,6.42,Debit Card,Delivered
1402,1470,72,2026-01-10 11:44:00,2,8.08,2.69,0.0,10.77,Credit Card,Delivered
1403,1408,78,2025-11-29 21:20:00,1,14.62,2.63,2.1,15.15,Credit Card,Delivered
1404,344,74,2026-05-25 19:00:00,1,15.11,2.66,0.0,17.77,PayPal,Delivered
1405,898,72,2026-04-21 13:40:00,1,4.48,2.56,0.0,7.04,Debit Card,Delivered
1406,441,42,2025-09-23 13:54:00,1,4.62,2.37,0.0,6.99,Credit Card,Delivered
1407,1207,74,2025-10-24 13:33:00,1,4.61,2.67,0.0,7.28,Debit Card,Delivered
1408,1032,34,2025-11-27 12:42:00,2,12.02,2.33,0.0,14.35,Credit Card,Delivered
1409,653,7,2026-05-20 13:03:00,1,13.78,3.36,1.65,15.49,Google Pay,Delivered
1410,1397,4,2025-10-15 11:03:00,1,3.3,2.64,0.48,5.46,Google Pay,Cancelled
1411,1103,106,2025-12-27 20:34:00,1,9.27,2.2,0.0,11.47,Debit Card,Delivered
1412,228,74,2025-09-27 18:22:00,3,38.97,1.67,0.0,40.64,Credit Card,Delivered
1413,666,119,2026-03-03 12:25:00,2,4.62,1.09,0.0,5.71,Credit Card,Delivered
1414,1245,65,2026-05-24 21:00:00,1,2.91,2.42,0.0,5.33,Apple Pay,Delivered
1415,809,4,2025-10-31 12:22:00,1,2.34,2.49,0.0,4.83,Credit Card,Delivered
1416,150,30,2025-12-26 18:59:00,3,34.85,1.52,0.0,36.37,PayPal,Delivered
1417,1161,13,2025-12-03 22:43:00,3,10.82,2.55,0.0,13.37,Credit Card,Delivered
1418,722,52,2026-05-14 21:00:00,2,11.84,1.68,0.0,13.52,Apple Pay,Delivered
1419,358,106,2026-02-12 19:53:00,2,4.24,1.76,0.0,6.0,Debit Card,Delivered
1420,1224,55,2026-03-03 19:01:00,1,3.37,2.32,0.0,5.69,Credit Card,Delivered
1421,1327,65,2026-02-15 11:11:00,2,6.08,2.29,0.0,8.37,Credit Card,Delivered
1422,882,92,2026-02-09 16:49:00,1,5.15,1.6,0.0,6.75,PayPal,Delivered
1423,1075,81,2026-08-31 14:47:00,1,6.51,2.8,0.0,9.31,PayPal,Delivered
1424,362,100,2025-12-10 17:35:00,2,5.64,2.72,0.0,8.36,PayPal,Delivered
1425,1120,107,2026-01-01 23:10:00,1,15.33,3.1,0.0,18.43,Debit Card,Delivered
1426,1357,93,2026-03-06 21:17:00,1,2.84,2.26,0.22,4.88,PayPal,Delivered
1427,358,8,2025-10-01 20:34:00,3,9.18,2.65,0.0,11.83,Credit Card,Delivered
1428,1415,83,2026-08-29 21:05:00,1,4.31,3.47,0.0,7.78,PayPal,Delivered
1429,136,2,2026-03-11 21:50:00,1,6.9,2.2,0.48,8.62,Apple Pay,Cancelled
1430,669,65,2026-05-13 17:19:00,2,9.7,2.08,0.0,11.78,Credit Card,Delivered
1431,110,16,2025-12-27 22:54:00,2,8.56,2.98,0.0,11.54,Apple Pay,Delivered
1432,672,58,2026-05-11 20:32:00,1,17.34,3.05,3.18,17.21,Google Pay,Delivered
1433,971,120,2026-07-18 21:18:00,2,26.72,2.31,0.0,29.03,Cash,Delivered
1434,1306,101,2026-03-31 09:02:00,2,25.66,3.52,0.0,29.18,Credit Card,Delivered
1435,226,16,2025-11-16 19:49:00,1,5.25,2.47,0.0,7.72,Google Pay,Delivered
1436,1332,52,2026-05-08 14:39:00,1,2.88,2.58,0.0,5.46,Credit Card,Delivered
1437,1499,17,2026-07-10 11:52:00,3,29.55,2.85,0.0,32.4,Debit Card,Delivered
1438,100,103,2026-05-12 20:13:00,1,4.34,3.06,0.49,6.91,PayPal,Delivered
1439,1442,2,2026-05-01 23:10:00,2,8.48,2.36,0.0,10.84,Credit Card,Delivered
1440,1360,72,2026-02-17 21:14:00,2,8.64,3.09,0.0,11.73,Debit Card,Delivered
1441,44,65,2025-11-08 11:23:00,3,14.31,2.54,0.0,16.85,Google Pay,Cancelled
1442,95,14,2026-07-29 11:00:00,1,9.24,1.99,0.0,11.23,Credit Card,Delivered
1443,1088,86,2026-01-26 14:46:00,1,6.91,2.03,0.53,8.41,PayPal,Delivered
1444,630,8,2025-11-26 13:57:00,1,2.62,1.83,0.0,4.45,Apple Pay,Delivered
1445,392,62,2026-02-27 10:00:00,2,21.68,3.03,0.0,24.71,Credit Card,Delivered
1446,607,46,2025-09-11 10:32:00,1,6.96,2.31,0.0,9.27,Google Pay,Delivered
1447,512,11,2026-03-10 14:37:00,1,3.63,3.05,0.0,6.68,Cash,Delivered
1448,1463,117,2026-03-20 12:14:00,1,4.62,2.79,0.0,7.41,Credit Card,Delivered
1449,361,63,2026-01-23 13:24:00,1,13.72,3.19,0.0,16.91,Debit Card,Delivered
1450,133,58,2026-05-15 22:43:00,2,33.36,1.82,0.0,35.18,Credit Card,Delivered
1451,1246,5,2026-04-02 23:31:00,1,13.86,2.44,0.0,16.3,Cash,Delivered
1452,1260,75,2026-01-12 21:03:00,1,3.01,2.63,0.0,5.64,Credit Card,Delivered
1453,1341,30,2026-05-20 13:25:00,1,9.3,2.81,0.0,12.11,Debit Card,Delivered
1454,1457,115,2025-10-15 12:19:00,3,30.96,1.59,0.0,32.55,PayPal,Delivered
1455,61,95,2026-03-04 19:11:00,1,3.36,3.78,0.0,7.14,PayPal,Delivered
1456,1154,35,2025-10-22 21:06:00,2,9.6,2.28,0.0,11.88,PayPal,Refunded
1457,406,51,2026-04-10 20:20:00,1,15.34,3.14,0.0,18.48,Credit Card,Delivered
1458,633,100,2026-05-14 21:00:00,2,6.44,3.0,0.0,9.44,Apple Pay,Delivered
1459,674,48,2026-07-11 18:51:00,2,14.54,2.16,0.0,16.7,Apple Pay,Delivered
1460,1479,59,2025-09-12 23:09:00,1,5.16,2.77,0.0,7.93,PayPal,Delivered
1461,783,94,2026-03-01 21:36:00,2,16.56,2.85,0.0,19.41,Apple Pay,Delivered
1462,335,30,2026-05-02 11:44:00,2,6.4,2.73,0.0,9.13,Credit Card,Delivered
1463,132,105,2026-01-30 14:28:00,3,11.93,2.62,0.0,14.55,Credit Card,Delivered
1464,884,61,2025-11-18 19:02:00,1,3.84,2.64,0.0,6.48,Credit Card,Delivered
1465,1246,115,2026-01-19 13:00:00,2,10.26,2.55,0.0,12.81,Debit Card,Delivered
1466,1066,103,2026-07-05 15:09:00,2,19.84,3.03,0.0,22.87,Credit Card,Delivered
1467,1401,94,2025-10-18 20:11:00,1,4.54,3.02,0.0,7.56,Credit Card,Delivered
1468,63,74,2026-05-18 19:17:00,1,4.61,2.85,0.0,7.46,Debit Card,Cancelled
1469,605,103,2026-08-28 22:00:00,2,8.2,2.18,0.0,10.38,PayPal,Refunded
1470,918,83,2025-09-05 13:56:00,3,10.83,2.63,0.0,13.46,PayPal,Delivered
1471,1286,26,2026-01-27 22:32:00,1,2.73,2.82,0.0,5.55,Google Pay,Delivered
1472,470,45,2025-10-05 14:48:00,2,8.86,2.39,0.0,11.25,Debit Card,Delivered
1473,1015,65,2026-06-06 22:00:00,2,9.54,1.94,0.0,11.48,Debit Card,Delivered
1474,312,12,2026-06-08 13:11:00,1,13.35,2.45,0.0,15.8,Credit Card,Refunded
1475,888,109,2025-11-19 18:08:00,1,6.15,2.32,0.0,8.47,Apple Pay,Delivered
1476,1163,10,2026-06-12 23:04:00,1,3.97,2.6,0.29,6.28,PayPal,Delivered
1477,1229,63,2026-05-15 13:43:00,1,14.75,3.79,0.0,18.54,Credit Card,Delivered
1478,678,66,2026-05-05 22:09:00,1,3.59,2.54,0.24,5.89,Credit Card,Delivered
1479,710,12,2025-09-29 18:54:00,2,26.58,2.75,3.22,26.11,Credit Card,Delivered
1480,1323,38,2025-10-17 16:44:00,2,7.86,2.67,0.0,10.53,Debit Card,Delivered
1481,822,58,2025-10-28 20:17:00,2,31.14,2.07,0.0,33.21,Credit Card,Delivered
1482,526,65,2026-06-26 13:16:00,1,3.1,2.42,0.0,5.52,Apple Pay,Delivered
1483,412,21,2025-12-29 20:22:00,2,19.7,2.54,0.0,22.24,Debit Card,Delivered
1484,1068,7,2026-03-13 12:32:00,1,10.79,2.48,1.87,11.4,Google Pay,Delivered
1485,1069,112,2026-02-19 21:40:00,1,2.74,2.46,0.0,5.2,Credit Card,Delivered
1486,807,28,2026-08-31 20:26:00,2,12.28,3.36,0.0,15.64,Debit Card,Delivered
1487,239,83,2025-11-06 12:48:00,2,5.6,2.91,0.0,8.51,Google Pay,Delivered
1488,243,120,2026-06-12 12:46:00,2,19.22,2.55,0.0,21.77,Credit Card,Delivered
1489,365,19,2025-10-11 20:15:00,2,13.5,3.1,2.22,14.38,Google Pay,Cancelled
1490,18,100,2026-08-23 12:23:00,1,5.95,3.22,0.0,9.17,Credit Card,Delivered
1491,720,63,2026-03-26 20:49:00,1,15.86,2.77,0.0,18.63,Debit Card,Cancelled
1492,623,103,2026-05-04 23:00:00,2,17.75,2.37,1.81,18.31,Google Pay,Delivered
1493,578,96,2026-01-29 12:58:00,1,15.94,2.82,0.0,18.76,Credit Card,Delivered
1494,1403,103,2026-05-24 17:05:00,2,8.62,2.18,0.0,10.8,Credit Card,Delivered
1495,360,96,2026-01-30 23:05:00,2,27.44,2.62,4.19,25.87,Credit Card,Refunded
1496,1214,65,2025-09-27 23:30:00,1,5.11,2.38,0.0,7.49,Credit Card,Delivered
1497,288,97,2026-07-27 10:00:00,2,17.44,2.52,0.0,19.96,Debit Card,Cancelled
1498,918,43,2026-08-01 21:44:00,1,12.71,3.98,0.0,16.69,Apple Pay,Delivered
1499,1292,44,2026-08-14 13:00:00,2,12.1,2.4,1.52,12.98,Credit Card,Delivered
1500,1257,113,2026-02-27 21:26:00,1,2.34,1.69,0.0,4.03,PayPal,Delivered
1501,887,40,2026-02-19 14:00:00,1,5.52,3.07,0.0,8.59,Apple Pay,Delivered
1502,311,61,2025-09-10 13:21:00,1,6.69,2.75,0.0,9.44,Apple Pay,Cancelled
1503,567,48,2025-12-08 17:17:00,1,6.65,2.16,0.0,8.81,Cash,Delivered
1504,637,95,2026-07-14 12:23:00,2,23.06,3.11,3.03,23.14,Apple Pay,Delivered
1505,1269,15,2026-03-17 16:50:00,3,14.45,2.19,0.0,16.64,Credit Card,Delivered
1506,567,1,2026-01-16 15:44:00,1,3.36,2.41,0.0,5.77,Credit Card,Delivered
1507,1238,60,2026-03-12 23:40:00,3,6.03,2.6,0.0,8.63,Apple Pay,Delivered
1508,1428,112,2026-06-24 19:00:00,1,4.49,2.77,0.0,7.26,Credit Card,Delivered
1509,167,81,2026-07-29 21:38:00,3,13.74,2.9,0.0,16.64,Credit Card,Cancelled
1510,1404,17,2025-12-26 12:31:00,1,9.73,3.53,0.0,13.26,Google Pay,Delivered
1511,851,72,2026-07-01 23:36:00,3,12.06,2.59,0.0,14.65,Debit Card,Delivered
1512,902,56,2026-06-20 18:24:00,1,4.01,2.46,0.0,6.47,Debit Card,Delivered
1513,459,84,2025-09-03 11:30:00,1,8.33,2.53,0.0,10.86,Debit Card,Delivered
1514,501,113,2026-07-24 20:20:00,3,24.84,2.69,2.0,25.53,Credit Card,Delivered
1515,812,99,2025-11-23 14:46:00,1,11.54,2.22,0.0,13.76,Credit Card,Delivered
1516,299,34,2026-06-07 14:24:00,1,3.22,2.44,0.52,5.14,Cash,Delivered
1517,1077,108,2026-07-22 14:51:00,1,13.98,2.35,2.5,13.83,Debit Card,Delivered
1518,1001,36,2026-03-29 17:55:00,3,10.23,2.22,1.81,10.64,PayPal,Delivered
1519,13,55,2025-12-24 13:47:00,1,14.18,2.67,0.0,16.85,Credit Card,Delivered
1520,317,67,2026-07-10 21:31:00,1,8.94,2.31,0.0,11.25,Credit Card,Delivered
1521,771,71,2026-02-24 12:28:00,1,3.33,2.28,0.0,5.61,Credit Card,Delivered
1522,1114,26,2026-06-08 12:31:00,1,4.77,2.72,0.42,7.07,Credit Card,Delivered
1523,438,93,2026-05-07 12:46:00,2,19.84,2.23,0.0,22.07,PayPal,Delivered
1524,1331,119,2025-12-27 15:51:00,2,7.08,2.53,0.0,9.61,Credit Card,Delivered
1525,802,23,2026-03-18 12:45:00,1,9.95,2.19,0.0,12.14,Debit Card,Delivered
1526,809,45,2025-11-13 10:42:00,1,4.29,2.46,0.0,6.75,PayPal,Delivered
1527,165,74,2025-09-02 14:27:00,2,6.89,2.08,1.3,7.67,Debit Card,Delivered
1528,943,120,2026-05-10 23:15:00,1,6.51,2.71,0.0,9.22,Credit Card,Cancelled
1529,1227,66,2025-11-15 09:20:00,3,21.42,2.97,0.0,24.39,Credit Card,Delivered
1530,318,7,2026-03-09 11:59:00,1,13.87,2.57,0.0,16.44,Credit Card,Delivered
1531,816,107,2025-10-08 19:24:00,1,13.82,3.15,0.0,16.97,Debit Card,Cancelled
1532,10,15,2026-04-29 18:28:00,2,20.42,1.91,0.0,22.33,Debit Card,Delivered
1533,317,14,2025-11-01 12:29:00,1,9.19,2.13,0.0,11.32,Debit Card,Delivered
1534,107,53,2025-11-30 22:21:00,1,9.23,2.9,0.0,12.13,Credit Card,Delivered
1535,1155,45,2025-10-24 20:08:00,1,3.82,2.69,0.0,6.51,Credit Card,Delivered
1536,1494,8,2026-08-01 18:13:00,1,2.42,3.06,0.0,5.48,PayPal,Delivered
1537,57,40,2026-07-27 19:00:00,3,9.93,2.96,0.0,12.89,Credit Card,Delivered
1538,1054,100,2026-05-01 21:11:00,1,13.82,3.22,0.0,17.04,Debit Card,Delivered
1539,890,28,2026-01-28 12:06:00,1,5.69,2.38,0.0,8.07,Google Pay,Delivered
1540,1054,100,2026-07-11 23:56:00,1,3.33,2.76,0.0,6.09,Apple Pay,Delivered
1541,753,20,2026-06-18 12:00:00,1,14.56,2.24,0.0,16.8,Debit Card,Delivered
1542,1488,94,2026-01-29 17:07:00,2,16.56,3.11,0.0,19.67,PayPal,Delivered
1543,60,13,2025-10-01 13:33:00,1,4.24,2.64,0.0,6.88,Cash,Delivered
1544,224,64,2026-05-15 20:55:00,1,4.99,3.25,0.0,8.24,Apple Pay,Delivered
1545,375,25,2026-08-13 22:41:00,2,6.56,1.84,0.0,8.4,PayPal,Delivered
1546,1174,119,2026-06-08 20:07:00,2,5.54,1.27,0.0,6.81,PayPal,Delivered
1547,116,54,2026-07-24 13:00:00,1,5.39,3.58,0.0,8.97,Google Pay,Delivered
1548,186,28,2026-06-15 21:35:00,2,12.84,4.14,0.0,16.98,Credit Card,Delivered
1549,1099,11,2025-12-02 23:43:00,2,40.84,2.02,0.0,42.86,PayPal,Delivered
1550,628,90,2026-01-06 12:17:00,1,11.79,3.38,0.0,15.17,Debit Card,Delivered
1551,1059,108,2026-03-29 13:24:00,1,13.69,2.53,0.0,16.22,Debit Card,Delivered
1552,550,94,2026-02-13 19:57:00,1,2.86,2.05,0.0,4.91,Credit Card,Delivered
1553,134,67,2026-08-19 21:00:00,1,8.93,3.24,0.0,12.17,Apple Pay,Delivered
1554,896,68,2026-03-13 12:15:00,3,20.61,2.89,0.0,23.5,Credit Card,Delivered
1555,164,43,2025-11-12 11:44:00,2,6.02,2.68,0.0,8.7,PayPal,Delivered
1556,719,21,2026-05-21 19:51:00,3,12.27,3.43,0.0,15.7,Google Pay,Delivered
1557,1321,52,2025-09-27 21:42:00,1,11.44,2.54,0.0,13.98,Credit Card,Delivered
1558,275,28,2026-06-25 14:37:00,1,3.6,2.29,0.51,5.38,Debit Card,Delivered
1559,302,88,2026-08-24 19:45:00,4,41.19,1.21,0.0,42.4,Debit Card,Delivered
1560,1423,85,2026-05-31 21:32:00,3,7.98,2.67,0.0,10.65,PayPal,Delivered
1561,456,91,2026-04-10 10:13:00,2,24.24,3.14,0.0,27.38,Credit Card,Delivered
1562,559,96,2026-06-21 14:00:00,3,17.22,2.7,0.0,19.92,Apple Pay,Cancelled
1563,1027,26,2026-06-27 14:00:00,2,9.22,3.01,0.0,12.23,PayPal,Delivered
1564,193,38,2026-03-06 21:45:00,3,13.32,2.45,0.0,15.77,Credit Card,Delivered
1565,92,95,2026-07-24 20:46:00,2,6.76,2.55,0.0,9.31,PayPal,Cancelled
1566,1265,108,2025-10-17 22:07:00,1,16.31,3.45,0.0,19.76,Debit Card,Refunded
1567,1422,61,2026-04-05 19:05:00,1,10.25,2.62,0.0,12.87,Debit Card,Delivered
1568,1481,59,2026-03-20 13:09:00,2,8.56,2.37,0.0,10.93,Cash,Delivered
1569,35,15,2025-12-06 16:14:00,2,9.6,3.33,0.0,12.93,Debit Card,Delivered
1570,795,78,2026-01-29 15:16:00,1,6.74,2.65,0.0,9.39,Credit Card,Delivered
1571,1274,92,2026-08-02 20:00:00,1,5.97,2.75,0.0,8.72,Debit Card,Delivered
1572,1268,110,2025-09-13 23:42:00,2,5.66,2.38,0.0,8.04,PayPal,Delivered
1573,542,108,2026-02-22 17:24:00,1,5.27,2.17,0.0,7.44,PayPal,Delivered
1574,736,95,2026-07-20 20:00:00,1,5.69,2.59,0.0,8.28,Credit Card,Delivered
1575,226,16,2026-01-24 12:54:00,1,5.42,2.92,0.0,8.34,Credit Card,Delivered
1576,209,13,2025-12-13 19:45:00,1,3.74,2.59,0.0,6.33,Apple Pay,Delivered
1577,567,86,2026-06-03 21:45:00,1,6.39,2.67,0.0,9.06,Credit Card,Delivered
1578,346,37,2026-08-19 21:45:00,1,1.87,1.91,0.0,3.78,Credit Card,Delivered
1579,1460,17,2025-10-11 23:02:00,2,8.24,2.69,0.0,10.93,Cash,Delivered
1580,121,108,2025-12-03 23:44:00,1,3.4,2.61,0.0,6.01,PayPal,Delivered
1581,794,38,2025-10-30 18:27:00,1,6.06,3.13,0.35,8.84,Credit Card,Delivered
1582,835,57,2026-02-24 22:37:00,3,10.32,2.89,0.0,13.21,Credit Card,Delivered
1583,89,120,2026-01-14 21:45:00,1,16.38,3.28,0.0,19.66,Debit Card,Delivered
1584,662,107,2026-02-14 19:03:00,1,17.16,2.96,0.0,20.12,PayPal,Delivered
1585,1413,10,2025-09-26 10:40:00,1,11.07,2.86,0.0,13.93,Credit Card,Delivered
1586,165,87,2026-07-15 23:52:00,1,4.38,2.77,0.63,6.52,Apple Pay,Delivered
1587,216,34,2026-08-27 23:32:00,2,5.18,1.84,0.0,7.02,Credit Card,Delivered
1588,248,59,2026-07-30 18:39:00,2,17.24,3.03,0.0,20.27,Credit Card,Delivered
1589,83,106,2026-02-28 14:05:00,1,9.94,1.46,1.56,9.84,PayPal,Delivered
1590,1328,87,2026-05-02 12:45:00,1,3.49,2.65,0.0,6.14,Apple Pay,Delivered
1591,69,78,2025-09-19 11:54:00,1,15.03,3.4,0.0,18.43,PayPal,Delivered
1592,422,90,2026-04-11 21:21:00,1,5.71,2.1,0.0,7.81,Credit Card,Delivered
1593,1240,83,2026-04-10 15:24:00,1,17.04,2.95,0.0,19.99,Debit Card,Delivered
1594,1493,55,2026-05-27 19:31:00,1,3.34,3.06,0.0,6.4,Credit Card,Refunded
1595,230,83,2026-06-13 14:08:00,2,8.01,2.52,0.0,10.53,Credit Card,Delivered
1596,541,103,2025-09-01 20:05:00,3,8.85,2.06,0.0,10.91,Debit Card,Delivered
1597,269,70,2026-01-27 21:05:00,1,3.94,2.08,0.0,6.02,PayPal,Delivered
1598,289,4,2026-02-25 22:09:00,1,4.3,2.24,0.0,6.54,Apple Pay,Delivered
1599,1417,58,2026-02-23 18:47:00,1,17.31,2.5,1.35,18.46,Cash,Delivered
1600,507,67,2026-03-20 14:37:00,1,10.23,1.99,0.0,12.22,PayPal,Delivered
1601,918,88,2026-05-14 11:36:00,1,12.11,3.15,0.0,15.26,Apple Pay,Delivered
1602,236,106,2026-04-03 22:04:00,1,6.77,1.96,0.0,8.73,Credit Card,Delivered
1603,429,36,2025-11-25 22:15:00,2,26.38,2.93,0.0,29.31,Apple Pay,Delivered
1604,542,96,2026-05-01 14:56:00,1,7.11,2.46,0.0,9.57,Credit Card,Delivered
1605,880,74,2026-04-07 13:31:00,1,15.29,3.02,1.23,17.08,Debit Card,Delivered
1606,1351,8,2025-11-12 20:04:00,2,7.6,2.39,0.86,9.13,Credit Card,Delivered
1607,365,3,2026-04-21 21:56:00,1,3.23,3.17,0.0,6.4,Debit Card,Delivered
1608,968,71,2026-03-10 21:33:00,2,24.54,2.15,0.0,26.69,PayPal,Delivered
1609,742,38,2026-06-21 11:29:00,1,6.06,2.45,0.0,8.51,Credit Card,Delivered
1610,1193,68,2026-01-23 23:35:00,1,10.71,3.3,0.0,14.01,Apple Pay,Delivered
1611,502,51,2026-07-23 19:23:00,1,13.65,2.67,0.0,16.32,Google Pay,Delivered
1612,636,83,2026-03-15 20:41:00,3,48.96,1.59,0.0,50.55,PayPal,Delivered
1613,934,86,2026-08-12 11:18:00,1,6.95,2.49,0.0,9.44,Credit Card,Delivered
1614,665,24,2025-10-08 09:21:00,1,4.83,2.45,0.0,7.28,Apple Pay,Delivered
1615,1139,13,2025-10-17 12:10:00,1,4.93,2.8,0.0,7.73,Debit Card,Delivered
1616,21,119,2025-11-19 15:11:00,1,3.77,2.22,0.0,5.99,Credit Card,Delivered
1617,523,2,2026-06-25 23:54:00,1,5.85,2.62,0.0,8.47,Debit Card,Cancelled
1618,262,81,2026-07-28 21:00:00,1,7.06,2.32,0.0,9.38,Debit Card,Delivered
1619,216,34,2026-05-05 23:10:00,2,13.88,2.08,0.0,15.96,Credit Card,Delivered
1620,80,84,2025-09-08 20:28:00,1,3.72,2.52,0.0,6.24,Debit Card,Delivered
1621,534,49,2026-01-14 12:03:00,1,4.07,2.62,0.0,6.69,Debit Card,Delivered
1622,327,8,2026-01-08 21:24:00,3,7.65,2.5,0.0,10.15,Apple Pay,Delivered
1623,1138,61,2026-08-03 20:08:00,2,8.48,2.54,0.0,11.02,Google Pay,Delivered
1624,754,76,2025-10-11 22:15:00,2,9.26,2.86,1.01,11.11,Apple Pay,Delivered
1625,1181,34,2026-07-11 19:10:00,1,8.09,2.02,0.0,10.11,Credit Card,Delivered
1626,1329,115,2026-03-04 13:00:00,2,10.16,2.32,0.84,11.64,Apple Pay,Delivered
1627,1179,115,2026-06-12 21:25:00,1,11.63,3.13,0.0,14.76,PayPal,Delivered
1628,632,10,2025-12-16 21:00:00,3,17.52,2.43,0.0,19.95,Credit Card,Delivered
1629,1462,74,2026-07-19 18:00:00,1,15.14,2.53,1.91,15.76,Debit Card,Delivered
1630,578,108,2026-05-06 11:59:00,1,11.13,2.82,0.0,13.95,Debit Card,Delivered
1631,1238,60,2025-11-04 16:08:00,1,4.73,1.95,0.0,6.68,Debit Card,Delivered
1632,259,62,2025-10-24 22:05:00,2,6.64,2.52,0.0,9.16,Google Pay,Delivered
1633,1453,10,2026-08-02 14:08:00,1,5.82,2.61,0.0,8.43,Debit Card,Delivered
1634,455,13,2025-11-22 21:16:00,3,31.68,1.64,0.0,33.32,Credit Card,Delivered
1635,941,91,2026-08-25 13:26:00,1,3.26,2.69,0.63,5.32,Apple Pay,Delivered
1636,531,89,2026-01-06 14:47:00,1,3.0,2.56,0.0,5.56,Apple Pay,Refunded
1637,345,106,2025-12-12 14:54:00,1,7.88,2.24,0.0,10.12,PayPal,Delivered
1638,495,106,2026-02-13 12:51:00,2,6.04,2.89,0.0,8.93,Debit Card,Delivered
1639,913,16,2025-12-11 14:55:00,1,5.62,3.77,0.0,9.39,Apple Pay,Delivered
1640,168,8,2026-08-05 21:03:00,1,9.33,2.51,0.0,11.84,Credit Card,Delivered
1641,297,75,2026-04-11 15:57:00,2,5.51,2.34,0.0,7.85,PayPal,Delivered
1642,1380,52,2026-05-30 14:39:00,3,20.52,2.31,0.0,22.83,Cash,Delivered
1643,128,2,2025-09-28 21:07:00,1,4.01,2.46,0.0,6.47,Apple Pay,Delivered
1644,1084,11,2025-11-27 18:59:00,1,5.76,2.78,0.0,8.54,Credit Card,Delivered
1645,452,107,2026-04-06 16:42:00,4,41.52,2.38,0.0,43.9,Google Pay,Delivered
1646,479,21,2026-02-25 21:45:00,1,4.68,2.34,0.0,7.02,Credit Card,Delivered
1647,545,100,2026-08-20 15:38:00,2,16.4,2.89,0.0,19.29,PayPal,Delivered
1648,575,54,2026-05-22 19:47:00,1,6.39,2.66,0.0,9.05,PayPal,Delivered
1649,1064,19,2025-12-18 10:01:00,1,10.28,3.13,0.0,13.41,Credit Card,Cancelled
1650,1207,92,2026-02-13 14:33:00,1,7.22,2.66,0.0,9.88,Credit Card,Delivered
1651,545,100,2026-05-30 13:40:00,1,3.36,2.45,0.0,5.81,PayPal,Delivered
1652,258,100,2026-01-28 22:51:00,1,3.27,2.47,0.0,5.74,Credit Card,Delivered
1653,5,13,2026-03-11 09:41:00,2,11.12,3.44,0.0,14.56,Debit Card,Delivered
1654,1087,86,2026-06-19 21:14:00,2,17.0,2.25,0.0,19.25,Apple Pay,Delivered
1655,1376,69,2025-12-14 21:39:00,1,3.54,3.18,0.0,6.72,PayPal,Delivered
1656,52,78,2025-10-09 14:14:00,1,3.9,2.89,0.0,6.79,Google Pay,Delivered
1657,885,115,2026-01-29 13:12:00,1,5.05,3.03,0.66,7.42,Google Pay,Delivered
1658,328,9,2025-11-20 12:37:00,1,3.26,2.27,0.0,5.53,Google Pay,Delivered
1659,317,114,2026-03-21 13:19:00,2,22.26,2.52,0.0,24.78,Debit Card,Delivered
1660,1243,65,2026-07-09 22:19:00,1,4.86,2.14,0.28,6.72,Credit Card,Delivered
1661,379,32,2026-06-05 10:33:00,1,3.06,2.16,0.0,5.22,PayPal,Delivered
1662,456,91,2026-05-25 17:11:00,2,10.28,2.69,0.0,12.97,Google Pay,Delivered
1663,187,31,2026-03-19 13:08:00,1,2.91,2.43,0.54,4.8,Apple Pay,Delivered
1664,1357,9,2026-07-22 21:26:00,2,6.14,2.36,0.0,8.5,PayPal,Delivered
1665,1360,41,2026-08-06 14:09:00,1,4.13,3.09,0.82,6.4,Apple Pay,Delivered
1666,1370,104,2026-06-06 14:44:00,1,11.26,3.31,0.0,14.57,Debit Card,Delivered
1667,346,106,2025-10-13 11:41:00,2,17.36,1.9,0.0,19.26,PayPal,Delivered
1668,282,56,2026-08-30 22:00:00,1,3.87,2.93,0.0,6.8,Credit Card,Delivered
1669,1411,81,2026-08-17 18:09:00,1,7.11,2.63,0.0,9.74,PayPal,Delivered
1670,920,74,2025-09-27 11:44:00,1,15.52,2.14,0.0,17.66,Debit Card,Refunded
1671,397,42,2026-03-20 21:01:00,1,7.27,3.81,0.0,11.08,Credit Card,Refunded
1672,71,120,2026-04-22 21:37:00,1,13.37,2.75,0.0,16.12,Credit Card,Delivered
1673,1199,117,2026-01-22 17:11:00,1,3.35,2.63,0.0,5.98,PayPal,Delivered
1674,1204,34,2026-05-15 23:43:00,2,7.4,2.62,0.0,10.02,PayPal,Delivered
1675,16,18,2025-09-28 13:04:00,1,5.22,3.74,0.0,8.96,Apple Pay,Delivered
1676,718,109,2025-11-21 22:02:00,1,3.8,2.87,0.0,6.67,Google Pay,Delivered
1677,725,62,2025-12-18 22:16:00,1,9.63,3.76,0.0,13.39,Debit Card,Cancelled
1678,697,29,2025-11-02 18:21:00,3,6.78,2.26,0.0,9.04,Debit Card,Delivered
1679,554,105,2026-02-07 19:45:00,1,4.9,3.24,0.0,8.14,Debit Card,Delivered
1680,493,44,2026-02-18 12:11:00,2,7.76,2.42,0.57,9.61,Debit Card,Refunded
1681,502,107,2026-08-09 12:47:00,2,15.04,2.61,0.0,17.65,Apple Pay,Cancelled
1682,1381,12,2026-02-25 16:29:00,1,13.41,2.79,0.0,16.2,PayPal,Delivered
1683,1489,77,2026-06-04 22:04:00,1,8.7,3.46,0.0,12.16,Credit Card,Refunded
1684,168,8,2025-10-03 13:57:00,1,9.13,2.11,0.0,11.24,PayPal,Delivered
1685,1082,105,2026-07-14 17:00:00,2,31.7,2.21,3.01,30.9,Google Pay,Delivered
1686,861,47,2026-01-23 11:51:00,1,8.08,2.42,0.0,10.5,Credit Card,Delivered
1687,384,66,2025-12-29 14:05:00,2,4.84,2.56,0.0,7.4,Google Pay,Delivered
1688,279,77,2026-08-04 15:27:00,1,4.3,3.22,0.83,6.69,Credit Card,Delivered
1689,1129,49,2026-02-27 23:11:00,1,4.06,2.44,0.0,6.5,Debit Card,Delivered
1690,547,52,2026-02-25 13:30:00,2,11.62,3.08,0.0,14.7,Debit Card,Delivered
1691,195,30,2026-07-08 12:47:00,3,35.37,1.66,0.0,37.03,Credit Card,Delivered
1692,1454,63,2026-07-13 11:50:00,1,4.11,3.35,0.79,6.67,Credit Card,Delivered
1693,1389,101,2026-07-23 19:00:00,3,43.14,1.93,0.0,45.07,Credit Card,Delivered
1694,628,43,2026-02-07 18:15:00,1,6.11,2.8,0.0,8.91,Credit Card,Delivered
1695,640,46,2025-11-20 13:16:00,1,4.25,1.53,0.0,5.78,PayPal,Delivered
1696,631,101,2025-09-13 13:46:00,2,19.62,2.62,0.0,22.24,Credit Card,Delivered
1697,286,52,2025-09-19 14:46:00,2,9.68,2.28,0.0,11.96,Credit Card,Delivered
1698,159,48,2026-06-27 08:19:00,1,7.19,2.5,0.0,9.69,PayPal,Cancelled
1699,410,110,2025-10-21 22:20:00,2,6.24,2.39,0.0,8.63,PayPal,Refunded
1700,581,12,2026-01-30 21:11:00,2,10.7,2.01,1.46,11.25,PayPal,Delivered
1701,233,80,2026-03-04 14:47:00,1,2.03,2.71,0.0,4.74,PayPal,Delivered
1702,54,28,2026-03-22 19:06:00,2,22.59,2.69,3.84,21.44,Google Pay,Delivered
1703,1396,43,2025-10-03 14:34:00,1,3.06,2.74,0.29,5.51,Credit Card,Delivered
1704,1317,87,2026-03-11 10:23:00,3,34.09,2.0,0.0,36.09,Apple Pay,Delivered
1705,459,98,2025-12-01 20:32:00,3,5.83,2.42,0.53,7.72,Debit Card,Delivered
1706,922,11,2026-01-03 21:55:00,2,41.0,2.69,0.0,43.69,Google Pay,Delivered
1707,215,29,2026-06-27 14:48:00,2,10.59,2.64,0.0,13.23,Credit Card,Delivered
1708,1391,63,2026-02-16 13:54:00,2,30.34,2.09,0.0,32.43,Google Pay,Delivered
1709,1220,88,2026-01-25 13:41:00,1,6.05,2.89,0.0,8.94,Google Pay,Delivered
1710,264,99,2025-09-06 14:25:00,2,9.5,2.67,1.85,10.32,Credit Card,Delivered
1711,320,64,2026-08-30 17:58:00,3,23.58,2.87,0.0,26.45,Debit Card,Delivered
1712,500,93,2026-04-05 21:33:00,1,3.6,2.79,0.63,5.76,Credit Card,Delivered
1713,142,61,2026-06-03 13:21:00,3,35.04,2.32,0.0,37.36,Credit Card,Delivered
1714,521,10,2026-02-06 21:51:00,1,5.7,2.81,0.0,8.51,Debit Card,Delivered
1715,1003,100,2025-12-06 23:57:00,1,2.91,2.98,0.0,5.89,PayPal,Delivered
1716,1090,61,2025-12-09 12:28:00,1,2.95,2.31,0.0,5.26,Debit Card,Delivered
1717,12,101,2025-09-03 18:49:00,1,4.26,3.1,0.0,7.36,Debit Card,Delivered
1718,528,75,2026-07-22 14:29:00,3,9.3,2.11,0.0,11.41,Debit Card,Delivered
1719,1249,51,2026-03-12 20:29:00,2,13.98,3.02,0.0,17.0,Credit Card,Delivered
1720,1306,101,2026-01-07 22:31:00,2,5.91,3.02,0.0,8.93,Credit Card,Delivered
1721,845,35,2026-05-16 22:30:00,2,30.08,2.29,0.0,32.37,PayPal,Delivered
1722,1104,81,2025-10-18 16:53:00,1,16.07,2.06,1.75,16.38,Credit Card,Delivered
1723,371,29,2026-02-21 21:54:00,3,8.1,2.92,0.0,11.02,Apple Pay,Delivered
1724,1303,57,2026-02-07 18:47:00,1,2.72,2.77,0.0,5.49,Apple Pay,Delivered
1725,711,110,2026-07-28 21:35:00,1,3.04,2.7,0.43,5.31,Cash,Delivered
1726,1038,94,2026-06-19 22:06:00,1,4.53,2.55,0.65,6.43,Debit Card,Delivered
1727,394,28,2026-06-09 21:20:00,1,14.5,3.19,0.0,17.69,Credit Card,Delivered
1728,260,6,2025-12-04 11:08:00,2,28.02,3.58,2.39,29.21,Credit Card,Delivered
1729,800,34,2026-03-09 13:02:00,1,2.35,2.17,0.0,4.52,Debit Card,Delivered
1730,784,58,2026-08-24 21:37:00,1,16.73,3.4,0.0,20.13,Google Pay,Delivered
1731,858,107,2025-09-07 09:17:00,1,4.89,3.34,0.0,8.23,PayPal,Delivered
1732,1213,96,2026-04-26 18:04:00,1,4.35,3.32,0.0,7.67,Cash,Delivered
1733,1158,83,2026-01-02 20:13:00,2,5.56,3.08,0.0,8.64,Google Pay,Delivered
1734,453,34,2026-05-29 22:03:00,2,6.24,2.29,0.0,8.53,Debit Card,Delivered
1735,700,32,2026-08-05 21:00:00,2,8.16,2.11,0.0,10.27,Debit Card,Delivered
1736,128,109,2026-05-16 11:29:00,2,7.78,2.57,0.0,10.35,Debit Card,Delivered
1737,1180,120,2025-12-01 20:40:00,3,16.98,3.07,0.0,20.05,Apple Pay,Delivered
1738,204,83,2026-07-20 21:47:00,3,10.8,2.68,0.0,13.48,PayPal,Delivered
1739,104,80,2026-07-03 12:23:00,2,3.98,1.72,0.53,5.17,Credit Card,Delivered
1740,781,117,2026-04-21 18:44:00,1,5.05,2.56,0.0,7.61,Google Pay,Delivered
1741,1383,50,2026-02-02 20:05:00,3,30.89,0.99,0.0,31.88,Apple Pay,Delivered
1742,565,55,2025-10-26 14:07:00,1,16.58,2.87,0.0,19.45,Google Pay,Delivered
1743,279,51,2025-11-14 15:19:00,2,18.27,3.29,0.0,21.56,Credit Card,Delivered
1744,277,24,2026-08-31 12:00:00,1,4.71,2.67,0.0,7.38,Apple Pay,Delivered
1745,1255,13,2026-06-12 21:08:00,1,10.46,2.17,0.0,12.63,PayPal,Delivered
1746,991,49,2026-08-13 13:00:00,3,13.22,2.61,0.0,15.83,Credit Card,Delivered
1747,742,43,2026-04-11 16:35:00,2,13.61,2.35,0.0,15.96,Credit Card,Delivered
1748,1392,11,2026-08-09 18:24:00,1,8.62,2.83,0.0,11.45,Credit Card,Delivered
1749,158,21,2025-11-11 11:25:00,2,7.86,3.07,0.69,10.24,Credit Card,Delivered
1750,925,91,2026-05-30 16:25:00,1,14.51,2.84,0.0,17.35,PayPal,Delivered
1751,540,10,2026-03-14 12:56:00,1,18.18,2.9,1.99,19.09,Google Pay,Refunded
1752,351,44,2025-10-22 13:06:00,3,10.53,3.4,0.0,13.93,Cash,Delivered
1753,1378,107,2026-05-12 14:36:00,1,13.92,2.59,0.0,16.51,Credit Card,Delivered
1754,1436,103,2026-07-29 18:45:00,3,7.77,2.94,0.0,10.71,PayPal,Delivered
1755,1253,62,2026-08-25 16:00:00,1,2.97,2.65,0.0,5.62,Credit Card,Delivered
1756,223,89,2026-05-13 11:00:00,2,7.84,3.77,0.0,11.61,Credit Card,Delivered
1757,1084,46,2025-12-20 14:20:00,1,6.05,3.0,0.0,9.05,Google Pay,Delivered
1758,538,120,2026-04-10 10:57:00,1,14.06,2.08,0.0,16.14,Google Pay,Delivered
1759,570,45,2026-05-10 13:45:00,1,4.13,2.29,0.0,6.42,Cash,Delivered
1760,291,54,2025-11-19 11:55:00,1,7.22,2.38,0.0,9.6,Debit Card,Delivered
1761,884,40,2026-05-09 12:44:00,1,3.65,3.54,0.0,7.19,Apple Pay,Delivered
1762,1286,26,2026-05-31 18:04:00,1,5.87,2.78,0.63,8.02,Debit Card,Delivered
1763,349,108,2025-09-09 23:59:00,1,11.17,3.33,0.0,14.5,Apple Pay,Delivered
1764,807,73,2026-01-19 13:50:00,1,2.33,3.15,0.0,5.48,Credit Card,Delivered
1765,972,62,2026-08-31 21:00:00,3,32.28,1.3,0.0,33.58,Credit Card,Delivered
1766,946,102,2026-06-17 11:00:00,1,3.6,2.19,0.0,5.79,Cash,Delivered
1767,392,25,2026-04-24 14:54:00,1,10.28,3.16,0.0,13.44,Debit Card,Delivered
1768,44,65,2026-03-14 15:53:00,1,4.54,2.45,0.0,6.99,Google Pay,Delivered
1769,1244,25,2025-11-21 12:52:00,1,13.5,2.77,0.0,16.27,Credit Card,Delivered
1770,895,47,2026-02-23 20:17:00,1,5.55,2.35,0.0,7.9,Google Pay,Delivered
1771,1057,101,2026-08-18 12:55:00,1,11.63,1.68,0.0,13.31,Google Pay,Delivered
1772,798,117,2026-08-30 21:00:00,1,3.36,2.77,0.66,5.47,Credit Card,Cancelled
1773,580,65,2025-10-30 20:34:00,1,3.49,3.04,0.0,6.53,Debit Card,Delivered
1774,378,94,2026-02-24 21:46:00,1,9.59,1.97,0.0,11.56,Apple Pay,Delivered
1775,990,37,2026-06-01 12:13:00,1,1.84,2.64,0.0,4.48,Credit Card,Delivered
1776,1248,41,2025-12-18 14:58:00,1,15.57,2.71,0.0,18.28,Debit Card,Delivered
1777,488,18,2026-08-31 21:35:00,2,22.08,2.34,3.51,20.91,Credit Card,Delivered
1778,37,30,2026-02-20 17:09:00,1,6.17,2.9,0.0,9.07,Credit Card,Delivered
1779,234,6,2026-01-05 20:55:00,3,9.96,2.81,0.0,12.77,Credit Card,Delivered
1780,869,30,2026-08-10 16:07:00,1,2.46,3.31,0.0,5.77,Credit Card,Delivered
1781,353,6,2026-04-09 20:58:00,2,9.52,2.6,0.0,12.12,Credit Card,Delivered
1782,1222,56,2026-08-20 20:00:00,1,3.03,3.31,0.0,6.34,Cash,Cancelled
1783,408,11,2025-10-09 14:56:00,3,10.62,2.87,0.0,13.49,Credit Card,Delivered
1784,741,43,2026-08-26 22:19:00,1,3.1,2.93,0.0,6.03,Credit Card,Delivered
1785,340,26,2026-04-15 21:26:00,1,3.38,2.92,0.0,6.3,Apple Pay,Delivered
1786,682,91,2026-07-16 11:45:00,2,8.52,2.41,0.0,10.93,Apple Pay,Delivered
1787,1018,81,2026-08-27 10:48:00,2,12.73,3.26,0.0,15.99,Debit Card,Delivered
1788,1194,110,2026-05-30 21:12:00,3,13.64,2.47,0.0,16.11,Debit Card,Delivered
1789,1110,20,2026-08-31 20:00:00,1,9.01,2.66,0.0,11.67,Debit Card,Delivered
1790,761,34,2026-08-15 23:23:00,3,8.91,2.68,0.0,11.59,Cash,Delivered
1791,686,65,2026-01-29 20:41:00,1,5.1,3.18,0.0,8.28,Google Pay,Delivered
1792,489,74,2026-04-22 13:46:00,3,38.67,1.61,0.0,40.28,Credit Card,Delivered
1793,1482,69,2026-06-27 10:25:00,1,5.55,3.42,0.0,8.97,Debit Card,Refunded
1794,1101,90,2026-08-14 19:53:00,1,15.29,2.45,0.0,17.74,Apple Pay,Delivered
1795,1337,102,2026-06-30 18:18:00,1,4.94,2.88,0.0,7.82,Apple Pay,Delivered
1796,1110,41,2026-08-31 23:00:00,1,18.48,3.14,0.0,21.62,Credit Card,Cancelled
1797,131,20,2025-12-29 21:26:00,1,6.26,1.42,0.8,6.88,Cash,Delivered
1798,398,65,2026-02-04 22:06:00,2,9.34,2.19,0.0,11.53,Apple Pay,Refunded
1799,691,20,2026-06-28 21:18:00,1,10.3,2.62,0.0,12.92,PayPal,Delivered
1800,473,35,2025-10-17 20:50:00,2,10.22,2.87,0.96,12.13,PayPal,Delivered
1801,1363,19,2025-10-30 19:25:00,1,6.81,2.76,0.0,9.57,PayPal,Delivered
1802,738,65,2026-06-15 19:47:00,1,5.55,1.59,0.0,7.14,Apple Pay,Delivered
1803,331,119,2026-08-24 18:40:00,3,8.31,2.12,0.0,10.43,PayPal,Delivered
1804,897,72,2026-01-31 22:24:00,1,6.99,2.17,0.0,9.16,Apple Pay,Delivered
1805,568,100,2026-07-13 13:12:00,1,2.9,2.51,0.0,5.41,Google Pay,Delivered
1806,192,91,2026-01-08 22:43:00,3,9.57,2.65,0.0,12.22,Apple Pay,Delivered
1807,1421,1,2026-03-06 19:40:00,2,5.06,2.36,0.28,7.14,Credit Card,Delivered
1808,1419,51,2026-08-22 16:18:00,1,11.41,2.76,0.0,14.17,Debit Card,Delivered
1809,1165,88,2026-01-19 13:04:00,1,3.83,2.77,0.0,6.6,Credit Card,Delivered
1810,472,40,2026-07-20 13:23:00,4,24.28,2.45,0.0,26.73,Credit Card,Delivered
1811,1249,107,2026-08-14 19:00:00,1,15.21,3.07,0.0,18.28,PayPal,Delivered
1812,433,7,2026-05-28 12:46:00,2,10.34,2.23,0.0,12.57,PayPal,Delivered
1813,1320,54,2025-09-26 08:13:00,1,7.2,2.85,0.0,10.05,Credit Card,Delivered
1814,1327,65,2026-08-17 13:23:00,1,3.57,2.12,0.0,5.69,PayPal,Cancelled
1815,257,8,2026-03-03 14:12:00,1,9.95,2.15,0.0,12.1,Credit Card,Delivered
1816,473,30,2025-12-15 23:54:00,1,2.52,2.84,0.0,5.36,Google Pay,Delivered
1817,1049,11,2026-02-25 19:49:00,1,6.64,2.51,0.0,9.15,PayPal,Delivered
1818,352,91,2026-02-08 15:56:00,1,13.86,2.74,0.0,16.6,Credit Card,Delivered
1819,1205,13,2026-01-18 23:45:00,1,3.73,2.61,0.0,6.34,Google Pay,Delivered
1820,1019,83,2026-07-20 14:00:00,2,5.44,3.58,0.0,9.02,Credit Card,Delivered
1821,340,26,2025-10-12 23:39:00,1,4.19,3.19,0.0,7.38,Credit Card,Delivered
1822,1164,72,2026-04-20 23:27:00,2,8.66,2.99,0.0,11.65,Debit Card,Delivered
1823,66,58,2025-12-01 21:42:00,1,18.01,2.46,0.0,20.47,Credit Card,Delivered
1824,576,9,2026-06-17 19:41:00,1,3.96,1.42,0.32,5.06,Apple Pay,Delivered
1825,268,109,2026-08-25 22:39:00,1,6.97,2.51,0.0,9.48,Google Pay,Refunded
1826,1,34,2026-02-20 14:37:00,1,2.99,1.62,0.0,4.61,Apple Pay,Delivered
1827,1113,44,2026-06-22 14:49:00,3,15.57,2.84,0.0,18.41,Debit Card,Delivered
1828,230,43,2025-12-27 13:52:00,2,6.24,2.86,0.0,9.1,Debit Card,Delivered
1829,1042,89,2026-07-03 13:32:00,2,29.82,2.83,0.0,32.65,Debit Card,Delivered
1830,114,92,2026-03-14 12:00:00,2,16.72,2.78,0.0,19.5,Credit Card,Delivered
1831,1338,92,2026-03-06 22:01:00,2,14.44,2.45,0.0,16.89,Google Pay,Delivered
1832,1467,94,2025-10-08 08:02:00,2,11.31,2.37,0.0,13.68,Credit Card,Delivered
1833,476,65,2026-04-30 16:51:00,1,4.23,2.73,0.49,6.47,Credit Card,Delivered
1834,730,9,2026-06-16 14:27:00,1,4.22,3.22,0.0,7.44,Apple Pay,Delivered
1835,933,60,2026-03-04 15:28:00,1,4.87,2.76,0.0,7.63,PayPal,Delivered
1836,885,20,2025-10-29 22:16:00,1,4.67,2.93,0.0,7.6,Cash,Delivered
1837,41,66,2026-05-06 22:55:00,1,5.55,3.43,0.42,8.56,Cash,Delivered
1838,1469,34,2026-04-17 20:14:00,2,5.98,2.26,0.0,8.24,Debit Card,Delivered
1839,1403,103,2026-07-13 21:53:00,3,7.77,2.1,0.0,9.87,Google Pay,Delivered
1840,731,65,2026-08-15 21:40:00,1,3.23,2.72,0.2,5.75,Cash,Delivered
1841,832,58,2026-08-08 15:00:00,1,14.15,3.47,2.33,15.29,Google Pay,Delivered
1842,255,120,2026-05-11 17:00:00,1,13.99,3.15,1.58,15.56,Google Pay,Delivered
1843,1123,81,2026-08-14 13:55:00,3,43.0,1.96,0.0,44.96,PayPal,Delivered
1844,772,108,2025-10-14 13:03:00,1,5.75,2.05,0.0,7.8,Credit Card,Delivered
1845,426,106,2026-07-31 23:03:00,1,1.99,1.7,0.0,3.69,Google Pay,Delivered
1846,461,108,2025-10-27 21:10:00,1,3.31,2.95,0.0,6.26,Debit Card,Delivered
1847,123,13,2026-02-01 17:39:00,1,4.93,2.62,0.56,6.99,Google Pay,Delivered
1848,1184,18,2025-10-21 10:31:00,1,8.22,2.76,0.84,10.14,PayPal,Delivered
1849,95,14,2026-08-23 21:40:00,3,27.63,2.97,0.0,30.6,Debit Card,Delivered
1850,846,107,2026-03-02 23:24:00,2,15.85,2.44,0.0,18.29,Google Pay,Delivered
1851,1222,5,2026-08-27 23:00:00,2,12.56,2.55,1.22,13.89,Debit Card,Delivered
1852,79,74,2025-09-12 21:28:00,2,12.52,3.3,0.0,15.82,Credit Card,Delivered
1853,228,74,2025-09-15 20:28:00,3,21.98,2.32,4.14,20.16,Apple Pay,Delivered
1854,1144,46,2026-03-14 12:28:00,1,8.71,3.34,0.0,12.05,Debit Card,Delivered
1855,1237,41,2025-09-18 11:14:00,2,8.32,2.94,0.0,11.26,Google Pay,Delivered
1856,122,55,2026-03-18 13:58:00,1,4.5,2.71,0.0,7.21,Google Pay,Delivered
1857,398,65,2026-05-17 19:02:00,1,3.62,2.64,0.56,5.7,Debit Card,Delivered
1858,910,17,2026-02-26 22:01:00,2,17.7,2.73,0.0,20.43,PayPal,Delivered
1859,812,43,2026-06-14 22:28:00,1,3.42,3.02,0.24,6.2,Credit Card,Delivered
1860,776,81,2025-10-08 14:41:00,2,10.4,2.07,0.0,12.47,Apple Pay,Delivered
1861,393,108,2025-12-02 14:27:00,1,5.04,3.33,0.0,8.37,Debit Card,Delivered
1862,809,9,2025-10-29 14:47:00,2,6.96,2.53,0.0,9.49,Credit Card,Refunded
1863,76,41,2026-03-02 19:21:00,1,15.63,3.26,0.0,18.89,Google Pay,Delivered
1864,1310,63,2026-01-23 21:13:00,1,13.7,3.24,2.71,14.23,Debit Card,Delivered
1865,814,87,2026-03-16 21:38:00,1,5.09,3.69,0.0,8.78,Apple Pay,Refunded
1866,560,61,2025-10-26 22:14:00,2,30.98,1.39,0.0,32.37,Debit Card,Delivered
1867,551,40,2026-02-10 18:31:00,3,9.75,3.32,0.0,13.07,Google Pay,Delivered
1868,555,109,2026-06-07 20:38:00,1,7.65,2.42,0.78,9.29,PayPal,Refunded
1869,653,7,2026-07-21 23:00:00,1,13.8,2.98,0.0,16.78,PayPal,Delivered
1870,290,90,2026-06-15 20:13:00,1,3.88,3.18,0.0,7.06,Credit Card,Delivered
1871,903,25,2025-11-21 12:02:00,2,5.76,2.77,0.0,8.53,Apple Pay,Delivered
1872,276,59,2026-07-14 14:12:00,2,20.56,1.9,1.5,20.96,PayPal,Delivered
1873,471,52,2026-06-25 11:53:00,3,33.79,1.73,0.0,35.52,Apple Pay,Delivered
1874,1307,118,2026-02-11 12:00:00,1,6.24,2.63,0.0,8.87,Google Pay,Delivered
1875,846,51,2025-09-27 18:44:00,1,3.66,3.3,0.0,6.96,Apple Pay,Delivered
1876,1355,68,2026-01-21 21:10:00,1,15.76,2.58,0.0,18.34,Debit Card,Cancelled
1877,987,23,2026-04-16 13:27:00,1,3.36,2.36,0.0,5.72,Google Pay,Delivered
1878,1176,29,2026-01-02 14:00:00,1,2.4,2.01,0.0,4.41,Apple Pay,Cancelled
1879,135,74,2026-04-20 14:29:00,1,15.17,2.7,0.0,17.87,Apple Pay,Delivered
1880,757,114,2026-06-28 22:55:00,1,3.75,2.61,0.0,6.36,Google Pay,Delivered
1881,526,65,2026-08-16 12:06:00,1,3.31,2.81,0.0,6.12,Credit Card,Cancelled
1882,26,71,2026-01-24 10:18:00,1,15.85,2.99,0.0,18.84,Debit Card,Cancelled
1883,135,58,2026-08-28 20:15:00,3,54.06,1.31,9.53,45.84,Credit Card,Cancelled
1884,285,118,2025-11-30 19:42:00,1,4.64,2.47,0.0,7.11,Apple Pay,Delivered
1885,11,65,2026-08-11 08:49:00,2,11.0,2.35,0.0,13.35,Debit Card,Delivered
1886,657,42,2025-10-23 21:16:00,2,9.34,2.74,0.0,12.08,Apple Pay,Delivered
1887,77,23,2026-03-17 16:07:00,2,24.56,2.23,4.77,22.02,Credit Card,Delivered
1888,1237,33,2026-05-04 19:53:00,2,27.12,2.5,0.0,29.62,PayPal,Delivered
1889,889,115,2025-09-16 20:06:00,1,10.3,3.31,0.0,13.61,Credit Card,Cancelled
1890,1445,72,2026-02-09 11:51:00,1,4.38,2.92,0.0,7.3,Debit Card,Delivered
1891,127,65,2025-12-11 12:33:00,1,5.07,2.14,0.0,7.21,PayPal,Delivered
1892,120,55,2026-06-25 17:46:00,1,16.43,2.92,0.0,19.35,PayPal,Delivered
1893,1303,48,2026-02-21 12:50:00,2,18.1,2.12,0.0,20.22,PayPal,Delivered
1894,589,22,2025-10-10 12:41:00,3,14.04,3.53,0.0,17.57,Apple Pay,Delivered
1895,1140,95,2025-09-15 14:22:00,2,8.44,2.51,0.0,10.95,Credit Card,Cancelled
1896,285,92,2025-09-09 16:19:00,2,38.5,1.62,0.0,40.12,PayPal,Delivered
1897,14,10,2026-08-27 22:00:00,1,4.88,2.76,0.0,7.64,Debit Card,Delivered
1898,747,65,2026-02-25 20:30:00,2,6.12,2.14,0.0,8.26,Credit Card,Delivered
1899,860,9,2025-12-28 23:54:00,1,4.54,2.62,0.65,6.51,Google Pay,Delivered
1900,168,8,2025-11-16 17:45:00,1,3.04,2.33,0.0,5.37,Cash,Delivered
1901,16,120,2026-01-20 17:53:00,1,3.59,2.93,0.0,6.52,Credit Card,Delivered
1902,319,82,2026-02-07 14:23:00,2,20.06,2.59,0.0,22.65,Credit Card,Delivered
1903,164,2,2026-04-01 11:28:00,1,11.29,2.83,0.0,14.12,Apple Pay,Delivered
1904,1495,39,2026-03-01 12:52:00,1,11.1,3.32,0.0,14.42,Cash,Delivered
1905,1483,108,2026-08-07 11:17:00,1,18.23,3.04,0.0,21.27,Debit Card,Cancelled
1906,24,68,2026-01-15 21:49:00,1,6.05,2.22,0.0,8.27,Apple Pay,Delivered
1907,686,65,2026-05-19 14:00:00,1,3.68,2.7,0.68,5.7,Credit Card,Delivered
1908,577,105,2026-01-29 10:25:00,2,31.72,2.31,0.0,34.03,Credit Card,Delivered
1909,41,66,2025-09-18 21:55:00,1,2.66,1.75,0.0,4.41,Credit Card,Delivered
1910,1000,71,2026-06-01 13:15:00,1,5.28,2.33,0.0,7.61,PayPal,Delivered
1911,1276,65,2026-03-17 22:40:00,1,2.89,2.82,0.56,5.15,PayPal,Delivered
1912,917,43,2026-01-24 22:21:00,2,5.95,3.15,0.0,9.1,PayPal,Delivered
1913,1377,55,2026-01-09 14:57:00,2,25.02,2.83,3.58,24.27,Credit Card,Refunded
1914,957,34,2026-03-09 13:32:00,2,13.68,2.45,2.43,13.7,Credit Card,Delivered
1915,823,32,2026-07-26 23:34:00,1,3.76,3.13,0.0,6.89,PayPal,Delivered
1916,1422,52,2026-01-24 22:18:00,2,9.72,2.47,1.61,10.58,PayPal,Delivered
1917,1059,108,2026-02-05 23:01:00,1,15.92,2.44,0.0,18.36,Debit Card,Delivered
1918,1147,34,2025-10-19 09:59:00,3,14.76,2.18,0.0,16.94,PayPal,Cancelled
1919,1171,76,2025-12-27 20:26:00,3,7.89,2.75,0.0,10.64,Debit Card,Delivered
1920,48,5,2026-06-01 13:39:00,1,5.16,2.92,0.99,7.09,Google Pay,Delivered
1921,1103,8,2026-05-23 15:54:00,4,24.64,2.62,0.0,27.26,Apple Pay,Delivered
1922,1123,11,2026-06-21 11:21:00,2,13.34,3.55,1.67,15.22,Debit Card,Delivered
1923,742,69,2026-02-28 21:02:00,3,19.8,2.83,2.17,20.46,Google Pay,Delivered
1924,847,66,2026-07-26 19:46:00,1,2.65,2.18,0.0,4.83,Debit Card,Delivered
1925,1250,16,2026-03-24 21:37:00,2,10.74,2.54,0.8,12.48,Debit Card,Delivered
1926,213,91,2025-10-18 12:38:00,1,10.19,2.85,0.0,13.04,Apple Pay,Delivered
1927,791,91,2025-10-26 23:22:00,1,3.24,3.38,0.0,6.62,Cash,Cancelled
1928,1156,100,2026-03-01 14:54:00,2,11.86,3.02,1.88,13.0,Credit Card,Delivered
1929,390,11,2026-01-15 23:24:00,1,18.85,2.52,0.0,21.37,Credit Card,Delivered
1930,396,61,2025-10-10 20:02:00,1,6.97,2.42,0.0,9.39,Apple Pay,Delivered
1931,7,34,2025-09-17 12:34:00,1,3.92,2.16,0.0,6.08,Debit Card,Delivered
1932,469,88,2026-04-14 21:46:00,1,12.26,2.79,0.0,15.05,Google Pay,Delivered
1933,538,116,2026-06-03 19:24:00,1,16.9,2.69,0.0,19.59,Debit Card,Delivered
1934,1429,48,2025-11-20 13:27:00,1,2.22,1.93,0.0,4.15,Cash,Delivered
1935,124,52,2025-11-29 13:55:00,1,5.85,2.38,0.0,8.23,Credit Card,Delivered
1936,970,41,2026-03-15 23:35:00,2,10.06,2.77,0.0,12.83,Google Pay,Cancelled
1937,95,23,2026-06-14 23:00:00,1,3.41,2.66,0.0,6.07,Apple Pay,Delivered
1938,1200,113,2026-07-03 19:21:00,2,6.4,1.89,0.0,8.29,Cash,Delivered
1939,704,77,2026-04-04 13:45:00,1,4.47,3.07,0.44,7.1,Credit Card,Refunded
1940,639,34,2026-01-10 14:44:00,1,2.91,3.01,0.0,5.92,Debit Card,Delivered
1941,1416,106,2026-03-31 13:05:00,1,3.22,2.4,0.43,5.19,Credit Card,Delivered
1942,1124,91,2025-10-30 20:46:00,2,11.58,2.91,0.0,14.49,Apple Pay,Delivered
1943,159,48,2025-12-26 15:19:00,3,25.62,1.73,2.97,24.38,Credit Card,Delivered
1944,400,94,2026-03-14 15:08:00,2,7.92,2.97,1.19,9.7,PayPal,Delivered
1945,411,89,2026-08-18 21:09:00,1,3.47,2.53,0.0,6.0,Credit Card,Delivered
1946,915,75,2026-07-05 23:52:00,1,2.63,2.91,0.0,5.54,Apple Pay,Delivered
1947,1246,5,2026-04-20 13:13:00,2,10.28,3.52,0.0,13.8,Apple Pay,Cancelled
1948,957,34,2026-01-01 16:30:00,1,3.74,2.01,0.0,5.75,Credit Card,Delivered
1949,603,105,2026-08-06 19:33:00,3,13.33,2.59,0.0,15.92,PayPal,Delivered
1950,1120,68,2025-10-17 13:29:00,1,6.44,3.15,0.0,9.59,Credit Card,Delivered
1951,1139,13,2025-12-19 15:20:00,2,6.72,2.25,0.0,8.97,Cash,Delivered
1952,121,6,2026-02-04 11:01:00,2,21.02,2.86,1.24,22.64,Google Pay,Delivered
1953,814,58,2026-03-21 10:02:00,2,28.4,2.7,0.0,31.1,Credit Card,Delivered
1954,1067,61,2026-05-06 21:28:00,1,12.38,2.64,0.0,15.02,Debit Card,Delivered
1955,906,55,2026-01-31 14:51:00,2,12.44,1.95,0.0,14.39,PayPal,Delivered
1956,368,73,2026-08-11 21:50:00,1,6.85,2.96,0.0,9.81,Apple Pay,Delivered
1957,242,106,2026-01-29 11:40:00,2,9.04,3.3,0.0,12.34,Google Pay,Delivered
1958,437,88,2026-04-18 20:16:00,1,4.12,2.59,0.0,6.71,Debit Card,Delivered
1959,529,57,2025-09-18 20:57:00,1,1.69,1.7,0.0,3.39,Debit Card,Delivered
1960,1383,45,2026-06-29 22:00:00,1,3.39,2.76,0.0,6.15,Credit Card,Cancelled
1961,933,60,2025-11-20 13:48:00,3,31.8,1.33,0.0,33.13,Debit Card,Delivered
1962,1254,55,2025-09-01 19:08:00,1,11.51,2.77,0.0,14.28,Cash,Delivered
1963,41,15,2026-07-16 22:33:00,1,3.87,2.39,0.0,6.26,Google Pay,Delivered
1964,1176,119,2026-04-17 13:13:00,1,3.9,1.71,0.0,5.61,Debit Card,Refunded
1965,283,41,2026-07-10 12:27:00,3,31.62,1.92,5.1,28.44,Credit Card,Delivered
1966,849,90,2025-12-31 14:46:00,1,6.67,2.48,0.0,9.15,PayPal,Delivered
1967,580,65,2025-10-10 23:56:00,1,2.98,1.94,0.0,4.92,Debit Card,Delivered
1968,1296,24,2025-12-29 12:04:00,2,27.34,2.7,4.09,25.95,Apple Pay,Delivered
1969,1012,6,2026-06-02 12:00:00,2,25.46,3.97,0.0,29.43,PayPal,Delivered
1970,691,41,2025-12-20 23:04:00,2,31.24,2.2,0.0,33.44,PayPal,Refunded
1971,765,101,2025-10-08 15:32:00,1,7.12,2.83,0.0,9.95,Debit Card,Delivered
1972,1061,64,2025-11-19 12:59:00,1,5.19,4.27,0.0,9.46,PayPal,Delivered
1973,1079,19,2026-04-24 19:20:00,1,10.29,2.06,0.0,12.35,PayPal,Cancelled
1974,860,45,2026-08-20 09:22:00,1,8.69,2.67,0.0,11.36,PayPal,Delivered
1975,1091,115,2025-11-27 16:16:00,2,5.0,3.53,0.0,8.53,PayPal,Refunded
1976,1184,71,2026-08-27 10:50:00,1,2.35,2.39,0.0,4.74,Google Pay,Delivered
1977,47,65,2026-06-06 19:50:00,1,3.3,2.7,0.0,6.0,Credit Card,Delivered
1978,551,40,2025-10-15 20:48:00,1,3.61,2.42,0.0,6.03,Credit Card,Delivered
1979,1353,41,2025-09-03 08:14:00,1,10.46,2.66,0.0,13.12,Credit Card,Delivered
1980,482,72,2025-10-12 18:12:00,1,4.32,2.96,0.0,7.28,Apple Pay,Delivered
1981,1237,72,2026-05-20 23:08:00,2,27.94,2.09,0.0,30.03,Debit Card,Delivered
1982,824,28,2026-05-03 15:11:00,1,14.75,2.36,0.0,17.11,PayPal,Delivered
1983,407,72,2026-07-22 23:43:00,1,9.08,2.81,0.0,11.89,Credit Card,Delivered
1984,526,65,2026-03-11 23:32:00,1,3.63,1.88,0.0,5.51,Google Pay,Delivered
1985,727,115,2025-09-17 13:50:00,1,2.96,2.65,0.0,5.61,PayPal,Refunded
1986,188,88,2026-09-01 19:39:00,1,5.45,2.15,0.0,7.6,Credit Card,Delivered
1987,463,63,2026-07-14 22:55:00,2,13.68,2.47,0.0,16.15,Debit Card,Delivered
1988,1022,34,2026-05-20 21:03:00,1,5.29,2.65,0.0,7.94,Debit Card,Delivered
1989,1360,20,2026-08-04 21:40:00,1,3.37,2.84,0.39,5.82,Google Pay,Refunded
1990,1426,76,2025-12-11 13:07:00,2,20.72,2.59,0.0,23.31,Google Pay,Delivered
1991,575,54,2026-03-15 22:20:00,2,14.86,2.7,0.0,17.56,Apple Pay,Delivered
1992,1192,52,2026-03-14 13:27:00,2,9.6,2.8,0.0,12.4,Debit Card,Delivered
1993,595,30,2025-12-13 20:30:00,3,31.52,1.57,0.0,33.09,Google Pay,Cancelled
1994,1211,27,2026-08-30 22:12:00,1,2.77,1.98,0.0,4.75,Credit Card,Delivered
1995,1368,112,2026-03-25 14:11:00,1,4.74,3.18,0.0,7.92,PayPal,Delivered
1996,669,65,2026-08-04 19:08:00,1,4.83,2.33,0.0,7.16,PayPal,Delivered
1997,902,56,2025-12-23 21:12:00,1,3.97,3.33,0.0,7.3,Debit Card,Delivered
1998,1301,91,2026-02-28 23:41:00,3,45.93,1.57,0.0,47.5,Credit Card,Delivered
1999,207,38,2026-08-07 17:53:00,3,43.65,2.06,0.0,45.71,Credit Card,Delivered
2000,371,57,2025-11-05 20:20:00,1,2.77,2.38,0.16,4.99,Apple Pay,Cancelled
2001,940,35,2026-03-18 12:50:00,1,5.19,2.98,0.0,8.17,PayPal,Delivered
2002,269,2,2026-06-18 11:48:00,1,4.35,2.88,0.0,7.23,Google Pay,Delivered
2003,1192,12,2026-06-19 09:16:00,1,2.55,2.96,0.0,5.51,PayPal,Delivered
2004,400,52,2026-06-02 17:11:00,1,4.69,3.26,0.0,7.95,Credit Card,Delivered
2005,507,104,2026-04-11 19:22:00,1,11.52,2.23,0.0,13.75,Credit Card,Delivered
2006,1217,24,2026-07-18 11:00:00,1,4.51,3.18,0.26,7.43,Apple Pay,Delivered
2007,791,91,2025-12-15 12:57:00,1,5.19,2.68,0.0,7.87,Credit Card,Delivered
2008,1187,60,2026-06-19 13:48:00,1,2.42,1.95,0.0,4.37,Credit Card,Delivered
2009,941,91,2026-03-02 22:23:00,1,4.18,3.07,0.0,7.25,Debit Card,Delivered
2010,772,92,2026-01-10 12:30:00,1,4.33,3.15,0.0,7.48,Apple Pay,Delivered
2011,766,38,2026-07-19 18:19:00,1,14.56,2.96,0.0,17.52,PayPal,Delivered
2012,1205,70,2026-01-04 21:00:00,1,11.67,2.62,0.0,14.29,Credit Card,Delivered
2013,1499,17,2026-01-18 22:12:00,2,17.32,2.2,0.88,18.64,Google Pay,Delivered
2014,37,30,2026-01-26 21:02:00,1,3.23,2.55,0.36,5.42,Cash,Delivered
2015,761,113,2026-01-03 13:24:00,1,8.26,2.35,0.0,10.61,Apple Pay,Delivered
2016,1175,45,2026-03-04 12:25:00,1,3.36,2.33,0.26,5.43,Credit Card,Refunded
2017,966,66,2026-08-16 12:21:00,1,6.28,2.26,0.0,8.54,Apple Pay,Delivered
2018,726,43,2026-08-30 21:41:00,2,9.24,2.66,0.0,11.9,PayPal,Refunded
2019,1191,40,2026-01-01 14:44:00,2,8.8,2.34,0.76,10.38,Credit Card,Delivered
2020,703,62,2026-01-13 14:33:00,1,4.55,2.49,0.0,7.04,PayPal,Delivered
2021,205,88,2026-07-11 12:20:00,1,9.78,3.05,0.0,12.83,Cash,Delivered
2022,409,35,2026-03-30 16:20:00,2,28.04,2.28,0.0,30.32,Debit Card,Delivered
2023,66,118,2025-11-07 14:27:00,1,4.77,2.95,0.0,7.72,Credit Card,Delivered
2024,1054,100,2026-03-20 14:44:00,1,2.91,2.54,0.0,5.45,Credit Card,Delivered
2025,1460,17,2026-06-16 10:19:00,1,8.79,2.69,0.69,10.79,PayPal,Delivered
2026,569,65,2026-01-26 17:42:00,1,4.3,2.21,0.0,6.51,Apple Pay,Delivered
2027,1099,11,2026-04-13 12:19:00,1,5.46,2.79,0.0,8.25,Credit Card,Delivered
2028,1474,53,2026-06-12 19:32:00,2,10.12,2.33,0.0,12.45,Credit Card,Cancelled
2029,590,88,2025-10-14 20:15:00,1,11.7,2.88,0.0,14.58,Google Pay,Delivered
2030,1324,84,2026-08-22 19:05:00,2,6.46,1.58,0.0,8.04,Google Pay,Delivered
2031,27,61,2025-09-24 12:29:00,3,19.74,2.64,3.42,18.96,Google Pay,Delivered
2032,1017,28,2025-10-12 20:42:00,1,15.24,2.23,0.0,17.47,Credit Card,Delivered
2033,250,85,2026-06-26 15:00:00,1,11.91,2.41,0.92,13.4,Google Pay,Delivered
2034,1173,72,2026-08-21 14:00:00,1,13.31,2.66,0.0,15.97,Debit Card,Delivered
2035,15,40,2026-04-30 12:03:00,1,3.68,2.96,0.42,6.22,PayPal,Cancelled
2036,1250,101,2026-03-11 23:02:00,2,27.4,2.16,0.0,29.56,Debit Card,Delivered
2037,595,88,2026-01-10 15:55:00,1,12.12,2.01,0.0,14.13,Cash,Cancelled
2038,356,4,2026-08-28 17:33:00,1,3.19,2.88,0.0,6.07,Credit Card,Delivered
2039,833,15,2025-12-08 11:20:00,3,39.48,1.53,0.0,41.01,Cash,Delivered
2040,1485,49,2026-07-18 20:38:00,1,15.47,2.06,0.0,17.53,Cash,Delivered
2041,241,54,2026-04-01 13:45:00,1,7.34,2.71,0.0,10.05,Google Pay,Delivered
2042,466,7,2026-05-11 21:52:00,3,40.62,1.56,0.0,42.18,Debit Card,Delivered
2043,960,9,2026-08-14 11:54:00,1,3.17,2.2,0.0,5.37,Debit Card,Delivered
2044,141,15,2025-12-04 14:21:00,1,3.9,2.76,0.0,6.66,Credit Card,Refunded
2045,1432,49,2025-10-15 21:00:00,1,5.45,2.08,0.0,7.53,Debit Card,Delivered
2046,786,65,2026-06-17 15:24:00,4,14.95,2.59,0.0,17.54,Credit Card,Delivered
2047,1486,38,2026-04-24 10:07:00,1,17.21,2.56,0.0,19.77,PayPal,Refunded
2048,623,75,2026-04-14 21:00:00,1,3.04,2.45,0.0,5.49,Google Pay,Delivered
2049,1250,105,2026-07-31 23:11:00,1,15.86,3.19,0.0,19.05,Google Pay,Delivered
2050,497,94,2026-05-20 15:40:00,1,9.41,3.07,0.0,12.48,Debit Card,Delivered
2051,666,86,2026-03-17 20:53:00,1,1.74,2.9,0.0,4.64,Debit Card,Delivered
2052,521,10,2025-10-20 15:12:00,1,11.76,2.11,0.0,13.87,PayPal,Delivered
2053,822,108,2026-08-18 19:32:00,2,8.48,2.95,1.26,10.17,Google Pay,Delivered
2054,336,55,2026-03-11 21:57:00,1,5.59,3.06,0.0,8.65,Credit Card,Delivered
2055,755,7,2026-04-07 20:18:00,1,13.36,2.51,1.04,14.83,Debit Card,Cancelled
2056,1260,75,2025-09-12 14:47:00,1,7.64,2.46,0.0,10.1,Credit Card,Refunded
2057,234,87,2026-05-05 13:02:00,1,7.17,3.34,0.0,10.51,Apple Pay,Delivered
2058,1190,44,2026-07-03 19:38:00,3,49.56,1.66,0.0,51.22,Debit Card,Delivered
2059,1282,12,2026-06-16 20:02:00,2,11.26,3.18,0.0,14.44,Cash,Delivered
2060,53,106,2026-07-30 19:00:00,1,2.81,2.28,0.0,5.09,Cash,Refunded
2061,1014,64,2025-11-12 12:34:00,1,6.42,3.23,0.0,9.65,Google Pay,Delivered
2062,728,99,2026-02-10 14:52:00,1,14.95,3.12,0.0,18.07,PayPal,Delivered
2063,957,34,2026-03-24 21:42:00,1,5.52,1.83,0.0,7.35,Google Pay,Cancelled
2064,442,88,2025-12-08 12:24:00,1,4.11,2.92,0.0,7.03,Debit Card,Delivered
2065,331,57,2026-04-13 22:23:00,1,1.81,2.07,0.14,3.74,Debit Card,Delivered
2066,431,16,2026-08-06 17:28:00,1,15.64,3.32,0.0,18.96,Debit Card,Delivered
2067,230,38,2025-10-14 21:17:00,3,11.07,2.62,0.0,13.69,PayPal,Delivered
2068,609,119,2025-11-29 14:00:00,1,8.12,2.14,0.0,10.26,Credit Card,Delivered
2069,1310,63,2026-02-14 14:48:00,1,6.12,2.71,0.74,8.09,PayPal,Delivered
2070,1168,45,2025-11-03 23:31:00,1,3.53,2.41,0.0,5.94,Cash,Delivered
2071,270,13,2026-06-09 19:51:00,1,9.6,2.97,0.0,12.57,Credit Card,Delivered
2072,838,75,2026-06-27 12:00:00,1,3.26,2.51,0.0,5.77,Credit Card,Cancelled
2073,111,12,2025-09-16 23:23:00,1,13.28,3.56,0.0,16.84,Google Pay,Delivered
2074,90,50,2026-01-07 15:03:00,1,10.8,2.25,0.0,13.05,Google Pay,Delivered
2075,939,107,2026-01-29 21:44:00,1,5.0,2.59,0.0,7.59,Credit Card,Delivered
2076,454,91,2026-05-16 12:36:00,1,14.45,2.74,0.0,17.19,Debit Card,Delivered
2077,1057,16,2025-10-24 22:52:00,1,5.3,2.98,0.95,7.33,Debit Card,Cancelled
2078,234,108,2026-06-14 23:14:00,2,31.96,1.31,0.0,33.27,Credit Card,Delivered
2079,180,1,2026-08-02 15:00:00,2,17.9,2.8,0.0,20.7,Credit Card,Delivered
2080,1073,53,2026-08-13 12:14:00,2,19.04,2.57,0.0,21.61,Credit Card,Delivered
2081,311,61,2026-03-07 19:09:00,2,8.46,3.35,0.0,11.81,PayPal,Refunded
2082,88,60,2026-06-07 12:53:00,1,2.34,3.21,0.0,5.55,Debit Card,Delivered
2083,1184,22,2025-09-11 16:22:00,1,11.61,3.06,2.32,12.35,Debit Card,Delivered
2084,1059,92,2026-05-20 20:00:00,2,38.34,1.81,0.0,40.15,Credit Card,Refunded
2085,1395,81,2026-02-03 12:03:00,5,54.96,1.48,0.0,56.44,Credit Card,Delivered
2086,899,117,2026-03-03 23:20:00,2,9.62,2.54,0.0,12.16,PayPal,Delivered
2087,715,98,2025-09-10 21:02:00,1,6.83,1.89,1.02,7.7,Apple Pay,Delivered
2088,1006,12,2026-04-24 14:00:00,1,5.28,2.23,0.0,7.51,Cash,Delivered
2089,1189,109,2026-08-04 16:49:00,1,13.66,2.87,0.0,16.53,Credit Card,Delivered
2090,944,53,2026-08-30 22:54:00,3,14.91,2.81,0.0,17.72,Credit Card,Delivered
2091,480,85,2026-07-20 17:51:00,2,7.78,2.05,0.0,9.83,Apple Pay,Delivered
2092,1335,110,2026-05-20 23:02:00,2,4.42,2.29,0.0,6.71,Debit Card,Delivered
2093,1055,116,2025-11-17 11:38:00,1,14.7,2.47,0.0,17.17,PayPal,Delivered
2094,1316,7,2026-01-13 13:51:00,1,13.39,3.34,0.0,16.73,Apple Pay,Delivered
2095,836,108,2025-09-25 18:51:00,1,13.94,1.98,0.0,15.92,Debit Card,Delivered
2096,675,118,2025-11-22 12:27:00,3,20.21,3.59,1.73,22.07,Debit Card,Delivered
2097,1265,92,2025-12-01 14:56:00,2,38.52,2.05,5.0,35.57,Debit Card,Delivered
2098,918,112,2026-05-02 18:10:00,2,6.3,1.74,0.0,8.04,Debit Card,Delivered
2099,1164,117,2025-09-11 13:41:00,1,5.01,2.54,0.0,7.55,Credit Card,Delivered
2100,1335,80,2026-08-06 12:16:00,2,17.92,2.66,0.0,20.58,Credit Card,Delivered
2101,427,5,2026-05-27 13:54:00,1,12.39,2.52,0.0,14.91,PayPal,Delivered
2102,290,99,2026-05-05 11:53:00,1,4.07,2.65,0.0,6.72,Credit Card,Delivered
2103,225,111,2026-03-29 13:55:00,2,24.52,3.71,0.0,28.23,Credit Card,Delivered
2104,900,50,2025-12-02 11:03:00,1,10.53,2.27,0.0,12.8,Debit Card,Delivered
2105,1212,11,2026-03-18 23:16:00,1,18.75,2.45,0.0,21.2,Debit Card,Delivered
2106,1465,49,2026-08-14 12:00:00,1,9.35,3.13,0.0,12.48,Credit Card,Delivered
2107,50,36,2026-07-10 08:56:00,1,3.47,2.2,0.0,5.67,Google Pay,Refunded
2108,3,81,2026-05-08 23:39:00,1,6.59,3.16,0.0,9.75,Credit Card,Delivered
2109,1019,88,2026-06-23 21:59:00,1,5.34,2.99,0.0,8.33,Google Pay,Delivered
2110,405,110,2026-02-14 13:52:00,1,4.5,3.21,0.42,7.29,Cash,Delivered
2111,714,101,2026-01-29 22:16:00,1,12.52,3.01,1.77,13.76,Credit Card,Delivered
2112,119,40,2026-06-13 22:11:00,1,13.61,2.58,0.0,16.19,Credit Card,Delivered
2113,113,114,2026-04-11 21:37:00,1,11.03,2.57,0.0,13.6,Credit Card,Delivered
2114,793,32,2026-01-22 20:47:00,2,7.94,3.44,0.0,11.38,Google Pay,Delivered
2115,1033,4,2026-02-09 19:13:00,1,4.17,2.46,0.0,6.63,Cash,Delivered
2116,1330,115,2026-03-25 23:40:00,2,5.84,2.71,0.0,8.55,PayPal,Delivered
2117,725,62,2026-04-16 17:23:00,1,4.61,2.73,0.0,7.34,Google Pay,Delivered
2118,969,58,2026-01-10 21:46:00,2,33.56,2.01,0.0,35.57,Apple Pay,Delivered
2119,1291,15,2025-10-27 12:37:00,1,4.79,2.53,0.0,7.32,PayPal,Delivered
2120,648,4,2026-07-25 21:41:00,1,2.33,2.02,0.0,4.35,Google Pay,Delivered
2121,313,56,2025-12-19 23:02:00,2,7.9,2.53,0.0,10.43,Debit Card,Delivered
2122,1239,5,2025-10-31 08:50:00,1,3.9,2.44,0.0,6.34,Debit Card,Delivered
2123,4,95,2025-12-01 13:38:00,1,5.6,2.7,1.06,7.24,Apple Pay,Delivered
2124,414,107,2026-07-15 21:12:00,1,8.35,2.69,0.0,11.04,Apple Pay,Delivered
2125,196,33,2026-01-19 21:00:00,1,13.55,2.72,0.0,16.27,Debit Card,Delivered
2126,966,66,2026-05-13 21:16:00,1,3.62,2.62,0.47,5.77,Debit Card,Delivered
2127,405,75,2026-01-30 23:07:00,1,6.51,2.59,0.0,9.1,Credit Card,Delivered
2128,517,65,2026-08-23 11:00:00,2,5.47,2.19,0.0,7.66,Credit Card,Delivered
2129,979,4,2026-05-26 20:41:00,1,7.22,3.12,0.45,9.89,Debit Card,Cancelled
2130,445,5,2025-11-21 20:47:00,1,5.21,3.29,0.0,8.5,Debit Card,Delivered
2131,544,110,2026-01-23 13:56:00,1,2.88,2.7,0.0,5.58,Credit Card,Delivered
2132,749,8,2026-06-17 13:37:00,1,2.53,2.61,0.34,4.8,Credit Card,Delivered
2133,178,75,2026-08-25 20:00:00,2,6.58,2.03,0.0,8.61,Credit Card,Delivered
2134,1403,75,2026-07-11 20:23:00,2,15.02,2.25,0.0,17.27,Google Pay,Delivered
2135,1473,38,2025-12-20 20:26:00,1,3.71,2.57,0.48,5.8,PayPal,Delivered
2136,1070,40,2025-11-26 17:58:00,1,5.58,2.11,0.0,7.69,Credit Card,Delivered
2137,163,115,2026-08-13 21:07:00,3,15.39,2.64,2.67,15.36,PayPal,Delivered
2138,709,85,2026-05-09 14:53:00,2,24.38,3.58,2.82,25.14,Debit Card,Delivered
2139,533,65,2026-05-23 13:00:00,2,9.47,2.62,0.0,12.09,PayPal,Delivered
2140,250,85,2026-04-25 20:40:00,2,16.26,3.29,1.01,18.54,Apple Pay,Delivered
2141,1315,2,2025-12-27 20:29:00,1,6.05,3.35,0.0,9.4,Debit Card,Delivered
2142,623,75,2026-08-29 21:00:00,1,3.19,2.11,0.0,5.3,Debit Card,Delivered
2143,979,45,2025-10-30 16:17:00,1,3.87,2.45,0.0,6.32,Apple Pay,Delivered
2144,1037,14,2026-01-17 21:28:00,2,16.44,2.42,0.0,18.86,Credit Card,Delivered
2145,480,61,2025-11-26 22:38:00,4,34.6,2.05,0.0,36.65,Google Pay,Delivered
2146,523,2,2026-06-14 16:11:00,2,28.84,2.95,0.0,31.79,Google Pay,Delivered
2147,1456,36,2025-10-30 19:15:00,1,3.59,3.43,0.0,7.02,Debit Card,Delivered
2148,1237,116,2025-11-08 22:45:00,3,34.5,1.88,0.0,36.38,Apple Pay,Delivered
2149,752,114,2026-04-17 14:46:00,1,3.14,2.91,0.0,6.05,Google Pay,Delivered
2150,801,47,2026-02-06 21:40:00,1,1.47,2.02,0.29,3.2,Google Pay,Delivered
2151,13,19,2025-11-15 19:11:00,1,6.37,2.17,0.0,8.54,Credit Card,Delivered
2152,307,32,2025-09-26 16:12:00,1,3.12,2.85,0.0,5.97,Credit Card,Delivered
2153,10,66,2025-10-02 22:54:00,2,11.02,2.74,0.0,13.76,Debit Card,Refunded
2154,1209,41,2025-12-16 12:54:00,3,11.04,3.02,1.48,12.58,PayPal,Delivered
2155,1412,75,2025-12-07 10:24:00,1,3.42,3.05,0.0,6.47,Debit Card,Delivered
2156,244,4,2026-03-31 13:33:00,2,4.7,2.57,0.0,7.27,Credit Card,Delivered
2157,422,109,2026-05-06 22:03:00,2,8.3,3.09,0.0,11.39,Debit Card,Delivered
2158,529,86,2025-10-31 14:39:00,1,6.8,2.69,0.0,9.49,Debit Card,Delivered
2159,1219,7,2026-02-04 20:05:00,1,13.7,2.7,0.0,16.4,Debit Card,Delivered
2160,611,96,2026-02-18 13:05:00,1,5.83,2.58,0.0,8.41,Credit Card,Delivered
2161,66,87,2025-10-27 18:31:00,2,30.78,2.61,1.63,31.76,Debit Card,Refunded
2162,879,96,2026-02-26 19:50:00,1,5.88,2.97,0.95,7.9,PayPal,Delivered
2163,221,65,2025-09-26 13:54:00,1,3.05,2.69,0.0,5.74,Debit Card,Delivered
2164,968,111,2025-12-23 15:25:00,1,3.5,2.4,0.51,5.39,Credit Card,Delivered
2165,1286,26,2026-05-27 13:30:00,1,3.45,3.16,0.45,6.16,Debit Card,Delivered
2166,102,7,2025-11-29 12:32:00,1,13.77,2.89,0.0,16.66,Credit Card,Delivered
2167,1492,46,2026-05-16 16:27:00,2,14.22,2.51,1.77,14.96,Credit Card,Delivered
2168,995,105,2026-08-10 19:00:00,1,3.1,3.14,0.16,6.08,PayPal,Delivered
2169,78,7,2026-02-16 11:46:00,2,21.56,2.66,0.0,24.22,PayPal,Delivered
2170,331,86,2026-07-28 14:27:00,1,9.12,1.4,0.0,10.52,Debit Card,Delivered
2171,252,81,2026-03-12 17:13:00,1,6.41,2.67,0.0,9.08,Cash,Delivered
2172,1326,68,2026-06-26 23:50:00,1,11.24,3.33,1.1,13.47,Apple Pay,Cancelled
2173,1085,103,2025-11-29 20:40:00,1,8.83,2.12,0.0,10.95,Google Pay,Delivered
2174,560,85,2025-11-07 23:24:00,1,4.85,3.64,0.0,8.49,Debit Card,Delivered
2175,795,43,2026-02-25 19:13:00,3,15.93,2.95,0.0,18.88,PayPal,Delivered
2176,523,90,2025-11-30 21:24:00,1,5.75,3.65,0.0,9.4,PayPal,Delivered
2177,609,86,2026-05-24 11:50:00,1,9.06,1.84,0.0,10.9,PayPal,Delivered
2178,958,9,2026-01-07 19:19:00,1,4.07,1.95,0.0,6.02,PayPal,Delivered
2179,292,2,2026-06-09 14:52:00,1,4.38,2.66,0.0,7.04,Debit Card,Delivered
2180,1140,28,2025-09-13 21:14:00,1,12.79,2.25,0.0,15.04,Credit Card,Delivered
2181,1419,77,2026-01-03 22:11:00,1,17.92,2.76,2.73,17.95,Apple Pay,Delivered
2182,1462,74,2026-08-10 21:00:00,1,4.59,3.46,0.0,8.05,Debit Card,Delivered
2183,259,62,2026-05-07 11:08:00,1,10.82,2.64,0.0,13.46,PayPal,Delivered
2184,618,65,2025-11-15 20:15:00,2,5.56,1.94,0.0,7.5,Debit Card,Refunded
2185,398,65,2026-02-27 21:43:00,2,5.45,2.7,0.0,8.15,Debit Card,Delivered
2186,953,33,2026-01-10 10:31:00,1,4.25,3.33,0.0,7.58,PayPal,Delivered
2187,487,52,2026-05-30 12:39:00,1,6.81,1.93,0.0,8.74,PayPal,Delivered
2188,592,15,2026-01-14 20:05:00,2,9.7,2.14,0.0,11.84,Credit Card,Delivered
2189,208,28,2026-05-11 14:37:00,3,43.73,1.78,2.4,43.11,Credit Card,Delivered
2190,840,45,2025-10-03 11:38:00,1,4.61,1.96,0.48,6.09,Credit Card,Delivered
2191,805,99,2026-06-03 22:30:00,1,5.34,2.69,0.0,8.03,PayPal,Delivered
2192,828,20,2026-04-24 23:38:00,3,43.71,2.37,0.0,46.08,Debit Card,Cancelled
2193,512,10,2025-10-31 15:07:00,1,5.6,2.73,0.0,8.33,Credit Card,Delivered
2194,1134,34,2026-04-29 23:00:00,3,19.53,2.46,0.0,21.99,Credit Card,Delivered
2195,912,68,2025-12-27 22:43:00,1,2.55,3.15,0.0,5.7,Apple Pay,Delivered
2196,265,16,2026-08-27 19:08:00,3,12.51,2.53,1.0,14.04,Credit Card,Delivered
2197,552,69,2025-12-06 21:09:00,1,16.98,2.34,0.0,19.32,Debit Card,Delivered
2198,992,57,2026-02-21 23:44:00,2,5.3,2.68,0.5,7.48,Debit Card,Delivered
2199,175,115,2026-02-13 21:32:00,1,5.26,2.82,0.0,8.08,Debit Card,Delivered
2200,529,29,2025-12-17 14:13:00,2,13.12,2.36,0.0,15.48,Credit Card,Delivered
2201,1309,2,2026-02-17 13:20:00,1,7.54,2.75,0.0,10.29,Apple Pay,Delivered
2202,663,117,2025-11-04 16:52:00,1,5.55,2.74,0.0,8.29,Credit Card,Refunded
2203,765,101,2026-05-02 13:19:00,1,4.24,2.92,0.0,7.16,PayPal,Delivered
2204,1023,75,2025-10-31 09:21:00,2,6.98,2.04,0.63,8.39,Debit Card,Delivered
2205,483,74,2026-03-27 17:49:00,2,30.24,1.98,0.0,32.22,PayPal,Delivered
2206,1240,88,2025-12-26 14:12:00,3,29.73,2.36,0.0,32.09,Debit Card,Delivered
2207,25,34,2026-03-31 11:27:00,3,7.47,3.21,0.0,10.68,Cash,Delivered
2208,709,52,2026-03-19 22:18:00,1,4.67,2.92,0.0,7.59,Debit Card,Cancelled
2209,897,117,2026-04-20 12:29:00,1,12.19,2.91,0.0,15.1,Credit Card,Delivered
2210,359,12,2026-04-09 20:15:00,2,7.24,2.25,0.0,9.49,Debit Card,Delivered
2211,1174,119,2025-12-09 19:53:00,1,2.37,2.72,0.0,5.09,Debit Card,Delivered
2212,120,49,2026-04-03 23:08:00,1,4.0,2.57,0.0,6.57,Credit Card,Delivered
2213,976,6,2025-11-22 13:33:00,1,10.95,3.06,0.0,14.01,Google Pay,Delivered
2214,951,93,2026-01-20 13:38:00,1,3.53,2.17,0.0,5.7,Credit Card,Delivered
2215,1182,13,2025-11-18 20:48:00,1,9.92,1.99,0.0,11.91,Google Pay,Delivered
2216,311,61,2026-03-15 19:05:00,2,23.18,3.29,0.0,26.47,Debit Card,Delivered
2217,233,80,2026-06-12 21:51:00,1,7.95,2.72,1.39,9.28,PayPal,Delivered
2218,871,119,2026-04-09 12:14:00,1,2.53,2.12,0.0,4.65,PayPal,Delivered
2219,1458,66,2025-10-06 14:41:00,2,20.58,3.46,0.0,24.04,Credit Card,Delivered
2220,1178,14,2025-09-30 08:03:00,1,4.26,2.57,0.0,6.83,Debit Card,Delivered
2221,317,114,2025-12-27 21:08:00,1,2.46,3.06,0.0,5.52,Debit Card,Delivered
2222,612,55,2026-04-03 14:31:00,1,14.31,2.11,0.0,16.42,Credit Card,Delivered
2223,401,32,2025-12-12 13:07:00,2,5.7,2.45,0.0,8.15,PayPal,Delivered
2224,1170,83,2026-08-30 20:26:00,1,16.23,2.64,0.0,18.87,Credit Card,Delivered
2225,769,35,2026-04-07 13:26:00,1,3.86,2.37,0.0,6.23,PayPal,Delivered
2226,657,10,2026-07-24 11:28:00,1,4.93,2.53,0.0,7.46,Debit Card,Delivered
2227,8,8,2026-08-04 13:03:00,4,23.52,2.38,0.0,25.9,Cash,Delivered
2228,951,9,2025-10-06 22:43:00,3,14.73,2.37,0.0,17.1,Google Pay,Refunded
2229,664,99,2026-07-18 20:18:00,1,5.36,2.68,0.0,8.04,Credit Card,Delivered
2230,60,62,2025-09-19 17:42:00,1,10.84,2.56,0.0,13.4,Apple Pay,Refunded
2231,294,70,2025-10-09 18:12:00,3,34.83,2.17,0.0,37.0,Credit Card,Delivered
2232,1090,40,2026-03-17 23:12:00,1,14.53,2.18,0.0,16.71,Debit Card,Delivered
2233,1124,91,2026-03-19 10:02:00,2,6.74,2.82,0.0,9.56,Apple Pay,Delivered
2234,741,38,2026-04-25 12:51:00,1,14.05,2.58,0.0,16.63,Debit Card,Delivered
2235,1137,61,2025-09-14 22:23:00,1,10.36,2.46,0.0,12.82,Apple Pay,Delivered
2236,1108,12,2025-10-10 19:08:00,1,3.87,1.8,0.0,5.67,Credit Card,Delivered
2237,924,108,2026-06-17 23:14:00,1,3.37,2.8,0.29,5.88,Google Pay,Delivered
2238,313,5,2026-04-04 20:08:00,1,3.48,2.55,0.22,5.81,Debit Card,Delivered
2239,633,35,2026-08-20 21:00:00,1,4.93,2.87,0.61,7.19,Credit Card,Delivered
2240,1225,117,2025-11-06 19:04:00,1,10.66,4.03,0.0,14.69,Credit Card,Delivered
2241,466,95,2025-11-20 09:43:00,1,4.55,2.83,0.0,7.38,PayPal,Delivered
2242,991,21,2025-12-22 22:34:00,1,3.89,2.95,0.0,6.84,PayPal,Delivered
2243,1242,14,2026-02-24 19:54:00,1,2.77,2.27,0.0,5.04,PayPal,Delivered
2244,800,34,2026-06-25 08:58:00,1,8.06,2.35,0.0,10.41,Debit Card,Delivered
2245,761,34,2026-02-06 13:37:00,1,8.16,2.23,0.0,10.39,Debit Card,Delivered
2246,282,56,2026-08-05 14:00:00,1,4.09,2.47,0.0,6.56,PayPal,Delivered
2247,745,93,2026-08-11 13:55:00,3,11.01,2.07,0.77,12.31,Credit Card,Delivered
2248,63,74,2025-10-04 10:56:00,1,12.91,3.01,2.49,13.43,Credit Card,Delivered
2249,171,65,2025-09-13 13:09:00,1,3.57,2.31,0.0,5.88,Credit Card,Delivered
2250,813,103,2026-08-29 22:35:00,1,2.58,2.11,0.0,4.69,Apple Pay,Delivered
2251,328,45,2026-08-13 20:46:00,3,11.34,2.96,0.0,14.3,Debit Card,Delivered
2252,522,24,2026-07-26 14:00:00,3,27.21,3.19,0.0,30.4,Credit Card,Delivered
2253,541,103,2025-11-26 11:24:00,1,1.84,2.11,0.25,3.7,Google Pay,Delivered
2254,710,52,2025-10-17 21:38:00,1,12.0,3.1,0.0,15.1,Debit Card,Delivered
2255,1049,10,2025-10-23 21:29:00,2,7.24,2.22,0.0,9.46,Credit Card,Delivered
2256,670,59,2026-07-24 08:37:00,1,4.15,2.3,0.42,6.03,Debit Card,Delivered
2257,1268,110,2026-05-29 23:39:00,1,9.99,2.0,0.0,11.99,Google Pay,Delivered
2258,724,63,2026-07-08 13:35:00,1,14.75,2.86,0.0,17.61,Apple Pay,Delivered
2259,1490,76,2026-03-10 13:47:00,1,15.28,2.68,0.0,17.96,PayPal,Delivered
2260,1500,89,2026-04-29 14:04:00,2,17.9,2.26,3.56,16.6,Apple Pay,Cancelled
2261,642,8,2026-07-24 23:03:00,1,3.86,2.14,0.0,6.0,PayPal,Delivered
2262,1149,40,2026-01-09 22:50:00,1,3.13,2.3,0.0,5.43,Apple Pay,Delivered
2263,680,17,2026-03-18 20:23:00,1,3.4,2.67,0.0,6.07,Google Pay,Delivered
2264,1313,87,2025-12-16 18:23:00,1,10.42,2.87,0.0,13.29,Debit Card,Delivered
2265,1150,77,2026-08-30 14:00:00,1,16.51,3.49,0.0,20.0,Debit Card,Delivered
2266,508,54,2026-05-22 14:00:00,1,6.67,2.18,0.0,8.85,Credit Card,Delivered
2267,482,117,2025-11-15 14:32:00,1,13.84,3.25,2.2,14.89,PayPal,Delivered
2268,1322,15,2026-01-09 22:56:00,1,10.71,3.13,0.0,13.84,Credit Card,Cancelled
2269,811,100,2026-08-13 20:20:00,1,2.8,2.54,0.0,5.34,Debit Card,Delivered
2270,1043,49,2025-12-09 15:15:00,1,5.38,2.61,0.55,7.44,Cash,Delivered
2271,1016,115,2026-05-01 23:02:00,1,5.26,2.93,0.0,8.19,Debit Card,Delivered
2272,249,65,2026-03-28 12:56:00,1,5.37,2.98,0.0,8.35,Credit Card,Delivered
2273,355,66,2026-04-08 11:00:00,1,6.3,1.85,0.0,8.15,Credit Card,Delivered
2274,1351,106,2025-10-18 14:24:00,1,8.78,2.13,0.86,10.05,Cash,Delivered
2275,420,105,2026-06-16 23:25:00,1,4.21,3.02,0.0,7.23,Apple Pay,Delivered
2276,1303,57,2026-06-14 10:55:00,1,2.84,2.31,0.0,5.15,Apple Pay,Delivered
2277,535,2,2025-10-07 11:29:00,1,11.3,2.77,0.0,14.07,Debit Card,Delivered
2278,1270,40,2026-01-22 14:00:00,1,3.63,2.02,0.0,5.65,PayPal,Delivered
2279,867,46,2026-08-21 23:00:00,1,7.17,2.68,0.44,9.41,PayPal,Delivered
2280,149,40,2025-11-26 14:30:00,2,27.44,2.52,0.0,29.96,Apple Pay,Delivered
2281,406,51,2026-03-02 20:47:00,1,13.58,2.58,0.0,16.16,PayPal,Delivered
2282,1430,60,2026-06-30 22:03:00,2,4.82,3.12,0.0,7.94,Debit Card,Delivered
2283,313,56,2026-06-20 20:43:00,3,34.65,1.65,0.0,36.3,PayPal,Delivered
2284,342,64,2026-01-20 11:10:00,2,11.12,2.72,0.0,13.84,PayPal,Delivered
2285,225,102,2026-05-19 12:11:00,1,4.43,3.58,0.0,8.01,Credit Card,Delivered
2286,915,103,2026-08-06 13:08:00,2,5.24,2.66,0.0,7.9,Debit Card,Delivered
2287,1214,65,2026-02-12 21:11:00,1,2.8,2.64,0.0,5.44,Debit Card,Delivered
2288,1405,102,2026-08-22 21:36:00,1,4.81,2.74,0.0,7.55,Google Pay,Delivered
2289,1329,115,2026-06-08 12:51:00,1,5.07,2.53,0.0,7.6,Debit Card,Delivered
2290,1326,77,2026-04-25 15:04:00,2,41.02,1.6,0.0,42.62,PayPal,Delivered
2291,1358,76,2026-05-22 12:55:00,1,3.63,2.21,0.0,5.84,Debit Card,Delivered
2292,852,56,2025-11-08 17:13:00,1,11.54,2.66,0.0,14.2,Apple Pay,Delivered
2293,1233,111,2025-09-02 14:59:00,2,21.61,2.19,0.0,23.8,Google Pay,Cancelled
2294,953,33,2026-06-29 23:48:00,2,4.38,3.16,0.66,6.88,Credit Card,Delivered
2295,206,91,2026-05-17 15:41:00,2,27.68,2.53,0.0,30.21,Credit Card,Delivered
2296,37,2,2026-08-09 11:29:00,1,7.01,3.1,0.0,10.11,Apple Pay,Delivered
2297,147,67,2026-03-07 18:55:00,2,5.5,2.25,0.48,7.27,PayPal,Delivered
2298,519,112,2026-01-20 22:28:00,1,2.45,2.91,0.0,5.36,PayPal,Delivered
2299,749,106,2026-07-04 14:08:00,1,2.84,1.75,0.0,4.59,Debit Card,Delivered
2300,958,45,2026-08-10 22:19:00,1,3.36,2.18,0.0,5.54,Apple Pay,Delivered
2301,783,85,2026-06-24 16:09:00,2,14.46,2.47,0.0,16.93,Apple Pay,Delivered
2302,550,85,2026-06-29 19:15:00,1,13.93,2.78,0.0,16.71,Debit Card,Delivered
2303,1100,91,2025-11-02 18:02:00,1,5.23,2.29,0.0,7.52,Debit Card,Delivered
2304,1292,3,2026-07-14 22:28:00,2,6.52,3.34,0.0,9.86,Cash,Delivered
2305,335,78,2026-04-25 19:00:00,3,16.86,2.75,0.0,19.61,Debit Card,Delivered
2306,393,6,2026-06-03 15:30:00,1,3.2,2.79,0.0,5.99,Credit Card,Delivered
2307,1397,4,2025-11-11 21:13:00,1,4.27,1.85,0.0,6.12,Cash,Delivered
2308,1456,99,2025-09-17 11:15:00,1,5.57,2.88,0.86,7.59,Apple Pay,Delivered
2309,465,74,2026-05-29 13:34:00,1,7.38,3.26,0.91,9.73,PayPal,Delivered
2310,765,16,2026-01-02 13:19:00,1,5.36,2.47,0.0,7.83,Apple Pay,Delivered
2311,867,81,2026-08-25 19:00:00,1,6.52,2.64,1.13,8.03,Credit Card,Delivered
2312,953,115,2025-12-13 22:43:00,1,5.42,2.69,0.0,8.11,PayPal,Delivered
2313,1297,112,2026-05-14 19:31:00,2,6.08,2.63,0.0,8.71,Credit Card,Delivered
2314,159,86,2026-04-23 17:11:00,1,9.11,1.9,0.0,11.01,Google Pay,Delivered
2315,786,104,2026-06-27 11:53:00,1,2.56,2.74,0.0,5.3,Credit Card,Delivered
2316,325,11,2026-07-12 23:15:00,2,28.02,3.35,0.0,31.37,Credit Card,Delivered
2317,1131,103,2026-04-03 14:43:00,1,2.57,2.45,0.0,5.02,Credit Card,Delivered
2318,895,47,2026-01-05 12:02:00,1,1.79,1.92,0.0,3.71,Debit Card,Delivered
2319,1124,91,2026-03-04 22:22:00,2,10.14,2.35,0.0,12.49,Credit Card,Delivered
2320,1358,52,2026-04-08 22:14:00,2,6.4,3.64,0.0,10.04,PayPal,Delivered
2321,1186,81,2026-08-21 14:04:00,2,35.48,1.7,0.0,37.18,Apple Pay,Delivered
2322,1282,61,2026-06-05 19:00:00,1,3.04,2.88,0.0,5.92,Credit Card,Delivered
2323,1217,67,2026-07-12 21:00:00,2,19.76,1.91,0.0,21.67,Google Pay,Delivered
2324,939,107,2026-02-19 09:15:00,1,18.46,2.64,0.0,21.1,Google Pay,Delivered
2325,589,22,2026-02-01 23:30:00,3,17.22,3.23,0.0,20.45,Credit Card,Delivered
2326,505,50,2026-07-28 14:52:00,3,33.33,1.08,0.0,34.41,Credit Card,Delivered
2327,546,12,2026-04-11 18:00:00,1,13.37,2.34,0.0,15.71,PayPal,Delivered
2328,912,68,2025-10-25 11:09:00,1,15.87,3.08,0.0,18.95,Debit Card,Delivered
2329,1206,83,2025-10-15 11:46:00,2,7.24,2.5,0.67,9.07,Debit Card,Delivered
2330,551,53,2026-07-24 12:24:00,1,12.15,2.89,0.0,15.04,PayPal,Delivered
2331,870,22,2026-04-10 14:56:00,2,27.6,2.53,0.0,30.13,PayPal,Delivered
2332,621,119,2026-08-23 22:42:00,1,2.39,2.24,0.38,4.25,Apple Pay,Delivered
2333,912,68,2025-12-06 18:10:00,1,2.25,3.2,0.0,5.45,Google Pay,Delivered
2334,1229,64,2026-08-21 14:00:00,1,5.11,2.88,0.0,7.99,PayPal,Delivered
2335,618,65,2026-02-16 17:00:00,2,8.66,2.08,0.0,10.74,Credit Card,Refunded
2336,596,72,2025-11-05 13:27:00,1,4.31,2.62,0.0,6.93,Credit Card,Cancelled
2337,303,93,2025-10-22 20:05:00,1,3.71,2.04,0.0,5.75,PayPal,Delivered
2338,748,59,2026-07-20 18:46:00,1,10.22,2.48,1.21,11.49,Apple Pay,Delivered
2339,686,65,2026-08-09 15:00:00,1,3.72,2.58,0.0,6.3,Apple Pay,Cancelled
2340,241,42,2025-09-26 21:56:00,2,9.62,2.88,0.0,12.5,PayPal,Delivered
2341,1455,97,2025-11-15 15:03:00,1,8.8,2.94,0.93,10.81,PayPal,Delivered
2342,1290,92,2026-01-12 21:50:00,1,19.59,2.51,0.0,22.1,Cash,Delivered
2343,437,88,2026-07-25 20:44:00,2,23.22,2.75,0.0,25.97,Debit Card,Delivered
2344,1417,87,2026-04-21 13:51:00,1,15.33,3.37,0.0,18.7,Credit Card,Delivered
2345,409,70,2026-03-10 12:24:00,3,8.67,2.89,0.0,11.56,Cash,Delivered
2346,629,96,2026-04-01 13:39:00,1,5.86,3.2,0.0,9.06,Google Pay,Delivered
2347,197,58,2026-06-19 22:25:00,2,30.64,1.8,0.0,32.44,Credit Card,Delivered
2348,919,65,2025-11-12 22:40:00,2,10.84,2.9,0.76,12.98,Debit Card,Cancelled
2349,722,12,2026-02-25 23:43:00,1,12.31,2.6,0.0,14.91,Apple Pay,Cancelled
2350,402,16,2026-01-22 21:17:00,3,16.17,2.28,0.0,18.45,Credit Card,Delivered
2351,433,28,2026-07-27 22:00:00,1,4.1,3.02,0.0,7.12,Credit Card,Refunded
2352,1403,75,2026-03-21 14:59:00,1,2.63,2.63,0.0,5.26,Credit Card,Delivered
2353,1031,108,2026-05-12 20:48:00,2,27.62,2.84,0.0,30.46,PayPal,Delivered
2354,230,90,2026-05-02 15:03:00,1,16.6,2.38,0.0,18.98,Credit Card,Delivered
2355,203,50,2025-09-18 22:05:00,2,5.92,3.06,0.5,8.48,Credit Card,Delivered
2356,106,86,2026-01-23 23:47:00,2,3.68,2.6,0.0,6.28,Credit Card,Delivered
2357,371,86,2026-01-23 21:43:00,1,1.76,2.03,0.0,3.79,Apple Pay,Refunded
2358,1108,85,2025-10-27 21:12:00,1,8.1,3.24,0.59,10.75,Google Pay,Delivered
2359,93,15,2026-03-19 22:54:00,1,3.9,3.22,0.0,7.12,Apple Pay,Cancelled
2360,374,17,2026-03-13 11:01:00,2,8.08,2.5,0.49,10.09,Credit Card,Delivered
2361,63,74,2026-06-12 18:09:00,3,22.26,2.48,0.0,24.74,Cash,Delivered
2362,975,65,2026-06-06 21:33:00,1,3.69,2.77,0.0,6.46,Cash,Delivered
2363,1222,56,2026-08-19 20:00:00,1,11.59,2.72,0.0,14.31,Credit Card,Delivered
2364,794,36,2026-02-03 19:12:00,1,4.79,3.84,0.0,8.63,Cash,Refunded
2365,1359,89,2026-01-03 15:00:00,2,17.66,2.35,2.11,17.9,Debit Card,Delivered
2366,1033,4,2026-03-19 13:50:00,1,3.91,3.06,0.0,6.97,Credit Card,Delivered
2367,1146,17,2026-05-01 22:07:00,2,7.98,2.42,0.0,10.4,PayPal,Delivered
2368,471,52,2025-12-31 21:47:00,2,9.68,2.58,1.4,10.86,PayPal,Delivered
2369,1298,20,2026-02-19 20:32:00,3,10.11,2.46,0.0,12.57,Google Pay,Delivered
2370,947,1,2026-08-02 11:54:00,1,7.78,2.33,0.0,10.11,Debit Card,Delivered
2371,130,96,2026-06-08 12:15:00,1,5.81,2.47,0.0,8.28,Apple Pay,Delivered
2372,124,85,2026-04-11 16:41:00,1,12.2,2.58,0.0,14.78,Apple Pay,Delivered
2373,1348,65,2026-08-10 12:45:00,1,3.59,2.07,0.71,4.95,Credit Card,Delivered
2374,413,13,2025-09-06 12:21:00,2,6.88,1.96,0.0,8.84,PayPal,Delivered
2375,700,31,2026-07-22 11:00:00,1,9.19,2.49,0.0,11.68,Debit Card,Delivered
2376,1141,82,2025-12-07 14:44:00,3,24.72,3.1,0.0,27.82,Credit Card,Delivered
2377,1153,62,2025-12-14 09:24:00,1,4.55,2.86,0.0,7.41,Debit Card,Cancelled
2378,41,15,2026-06-14 21:39:00,1,13.16,2.61,0.0,15.77,Google Pay,Delivered
2379,924,108,2026-06-19 20:44:00,2,31.62,2.86,0.0,34.48,PayPal,Delivered
2380,1370,14,2026-02-25 18:14:00,1,10.75,1.65,0.0,12.4,PayPal,Delivered
2381,525,112,2026-08-06 23:00:00,1,4.77,2.87,0.0,7.64,Credit Card,Delivered
2382,815,2,2026-04-07 18:35:00,1,5.59,2.41,0.0,8.0,PayPal,Delivered
2383,398,17,2026-07-20 22:12:00,1,3.35,2.59,0.0,5.94,Apple Pay,Cancelled
2384,1082,105,2025-12-17 13:00:00,1,15.83,2.53,0.0,18.36,Google Pay,Delivered
2385,178,80,2026-03-26 13:01:00,2,14.64,2.21,0.0,16.85,Apple Pay,Delivered
2386,780,54,2026-07-16 14:00:00,1,5.49,2.99,0.0,8.48,Credit Card,Delivered
2387,619,69,2026-08-09 23:14:00,1,6.52,2.68,0.0,9.2,Google Pay,Delivered
2388,962,76,2025-11-29 22:42:00,2,10.12,2.38,0.0,12.5,Apple Pay,Delivered
2389,742,43,2025-09-07 17:52:00,2,18.02,2.22,0.0,20.24,Credit Card,Delivered
2390,1473,109,2026-06-23 22:39:00,1,4.21,3.06,0.0,7.27,Apple Pay,Cancelled
2391,1475,93,2026-05-28 13:23:00,1,3.55,2.34,0.0,5.89,Debit Card,Delivered
2392,427,72,2026-07-27 20:38:00,1,5.51,2.3,0.0,7.81,PayPal,Delivered
2393,56,8,2026-01-05 12:12:00,1,9.09,1.63,0.0,10.72,Debit Card,Delivered
2394,740,39,2025-12-10 19:05:00,1,9.63,2.78,0.0,12.41,Apple Pay,Delivered
2395,886,114,2026-08-23 13:00:00,1,10.09,2.45,0.61,11.93,Credit Card,Delivered
2396,1128,28,2026-08-12 19:36:00,3,43.44,1.82,0.0,45.26,Google Pay,Delivered
2397,788,14,2026-08-12 16:22:00,1,4.28,3.59,0.0,7.87,Credit Card,Delivered
2398,880,108,2026-01-24 19:06:00,1,3.34,3.14,0.0,6.48,Credit Card,Delivered
2399,35,52,2026-04-27 12:27:00,2,9.74,2.66,0.0,12.4,Credit Card,Delivered
2400,1144,81,2026-06-30 18:52:00,1,4.7,2.2,0.61,6.29,Debit Card,Delivered
2401,495,98,2026-05-30 14:27:00,1,7.7,2.96,0.0,10.66,PayPal,Delivered
2402,577,105,2026-04-09 12:27:00,2,31.58,1.87,0.0,33.45,Debit Card,Delivered
2403,635,83,2025-10-28 18:17:00,2,8.78,3.73,0.0,12.51,Debit Card,Delivered
2404,108,116,2026-04-19 12:28:00,1,3.17,2.47,0.0,5.64,Google Pay,Delivered
2405,742,2,2025-11-02 16:17:00,2,8.7,2.24,0.0,10.94,PayPal,Delivered
2406,572,81,2026-02-12 14:57:00,3,48.57,2.45,0.0,51.02,PayPal,Delivered
2407,351,44,2026-03-29 19:47:00,1,3.89,2.86,0.0,6.75,Debit Card,Delivered
2408,369,82,2025-09-10 18:42:00,1,6.13,3.08,0.0,9.21,Cash,Delivered
2409,52,88,2026-02-05 12:39:00,1,3.91,2.27,0.4,5.78,Credit Card,Delivered
2410,1332,94,2025-12-26 13:19:00,1,2.52,2.18,0.0,4.7,Credit Card,Delivered
2411,441,42,2025-10-11 19:40:00,1,4.63,2.47,0.0,7.1,Debit Card,Refunded
2412,1312,105,2026-04-25 22:57:00,1,4.37,1.73,0.0,6.1,PayPal,Delivered
2413,1255,62,2026-05-24 11:11:00,1,3.69,2.55,0.0,6.24,Credit Card,Delivered
2414,687,53,2026-07-24 11:51:00,2,16.56,1.93,1.57,16.92,Google Pay,Delivered
2415,1212,11,2026-05-14 21:59:00,2,19.28,2.91,0.0,22.19,Debit Card,Delivered
2416,317,104,2025-11-06 14:03:00,2,22.84,2.54,0.0,25.38,PayPal,Delivered
2417,272,72,2025-10-04 13:05:00,1,13.34,2.44,2.51,13.27,Credit Card,Delivered
2418,1349,76,2026-06-28 13:29:00,3,12.05,2.88,0.0,14.93,Google Pay,Delivered
2419,970,116,2025-09-18 23:40:00,2,11.48,2.86,0.0,14.34,Debit Card,Delivered
2420,1034,101,2026-01-17 18:31:00,1,4.16,3.38,0.0,7.54,Credit Card,Delivered
2421,1386,36,2026-01-17 12:44:00,3,34.26,2.5,0.0,36.76,Credit Card,Delivered
2422,21,119,2025-11-06 15:49:00,1,2.48,2.33,0.0,4.81,Debit Card,Delivered
2423,259,112,2026-04-20 13:16:00,1,3.11,2.93,0.0,6.04,Debit Card,Delivered
2424,1443,35,2026-06-10 12:31:00,3,16.23,2.99,0.0,19.22,Credit Card,Refunded
2425,194,10,2026-07-24 23:04:00,1,13.05,3.65,0.0,16.7,PayPal,Refunded
2426,673,75,2026-02-19 16:07:00,1,2.76,1.92,0.0,4.68,Debit Card,Delivered
2427,34,31,2026-02-06 21:44:00,1,10.95,2.35,0.0,13.3,Debit Card,Delivered
2428,489,96,2025-11-14 22:53:00,2,25.76,2.27,1.85,26.18,Credit Card,Delivered
2429,259,100,2025-10-01 13:33:00,1,3.89,2.51,0.0,6.4,Debit Card,Cancelled
2430,384,66,2026-07-04 12:43:00,1,5.52,2.52,0.0,8.04,Cash,Delivered
2431,1221,88,2026-07-04 13:57:00,3,31.53,1.41,3.19,29.75,Debit Card,Delivered
2432,414,51,2026-08-25 21:04:00,1,5.0,3.11,0.0,8.11,Apple Pay,Delivered
2433,1221,83,2025-10-16 15:43:00,2,5.54,2.96,0.0,8.5,Credit Card,Delivered
2434,1343,52,2026-07-17 18:00:00,1,4.11,2.67,0.0,6.78,Credit Card,Delivered
2435,811,88,2026-04-21 09:55:00,1,11.8,2.89,0.0,14.69,Cash,Delivered
2436,808,116,2026-07-19 08:18:00,1,5.82,3.51,0.0,9.33,PayPal,Delivered
2437,501,47,2026-01-31 15:38:00,2,3.74,2.42,0.0,6.16,PayPal,Delivered
2438,1001,112,2025-10-21 12:50:00,1,3.21,2.23,0.0,5.44,Debit Card,Delivered
2439,1211,27,2026-07-29 21:29:00,1,2.87,1.96,0.0,4.83,Apple Pay,Cancelled
2440,1295,14,2025-10-01 23:16:00,1,10.66,2.23,0.0,12.89,Google Pay,Delivered
2441,293,16,2026-05-16 23:56:00,3,12.57,3.41,0.0,15.98,Credit Card,Delivered
2442,1030,60,2026-01-12 17:09:00,1,3.12,2.47,0.0,5.59,Credit Card,Delivered
2443,210,45,2025-09-02 13:49:00,3,13.89,2.02,0.0,15.91,Google Pay,Delivered
2444,736,7,2026-08-22 18:00:00,2,27.62,2.3,5.41,24.51,Credit Card,Delivered
2445,134,31,2026-01-17 12:02:00,1,2.39,2.35,0.0,4.74,Debit Card,Delivered
2446,826,100,2026-05-05 23:00:00,2,6.68,2.51,0.0,9.19,Credit Card,Delivered
2447,1277,102,2025-11-05 20:34:00,3,16.71,2.49,0.0,19.2,Debit Card,Delivered
2448,1226,68,2026-05-04 13:06:00,2,12.26,3.29,0.0,15.55,Debit Card,Delivered
2449,1073,15,2025-12-13 21:08:00,1,10.19,2.56,0.0,12.75,Credit Card,Delivered
2450,867,42,2026-08-24 13:00:00,2,10.62,2.85,0.0,13.47,Credit Card,Delivered
2451,937,64,2026-01-24 21:56:00,1,6.41,3.36,0.97,8.8,Debit Card,Delivered
2452,150,70,2025-11-08 15:25:00,1,11.72,3.09,0.0,14.81,PayPal,Delivered
2453,1092,21,2026-03-17 22:40:00,3,14.55,2.52,0.0,17.07,Apple Pay,Delivered
2454,1023,75,2026-03-14 23:36:00,1,6.51,2.97,0.0,9.48,Apple Pay,Delivered
2455,216,34,2026-06-19 14:27:00,2,16.62,2.27,2.49,16.4,Credit Card,Delivered
2456,949,107,2026-08-24 19:05:00,3,36.3,1.7,0.0,38.0,Debit Card,Delivered
2457,578,108,2025-10-02 13:57:00,1,4.9,3.18,0.29,7.79,Google Pay,Delivered
2458,764,69,2025-09-14 21:32:00,1,5.31,2.92,0.0,8.23,PayPal,Delivered
2459,1222,5,2026-08-30 18:00:00,1,4.27,2.91,0.0,7.18,Google Pay,Delivered
2460,484,65,2025-09-26 23:26:00,1,4.33,2.44,0.0,6.77,Cash,Refunded
2461,1376,90,2026-07-08 22:26:00,1,6.69,2.76,0.0,9.45,Debit Card,Delivered
2462,626,94,2026-06-24 13:58:00,1,4.29,2.38,0.0,6.67,Credit Card,Cancelled
2463,770,21,2026-02-06 12:23:00,1,5.36,2.68,0.0,8.04,Credit Card,Delivered
2464,44,65,2026-08-17 20:59:00,1,3.27,2.41,0.0,5.68,Credit Card,Refunded
2465,184,65,2026-03-10 14:07:00,2,8.7,2.68,0.0,11.38,PayPal,Delivered
2466,423,112,2026-03-19 13:12:00,1,2.42,3.38,0.17,5.63,Credit Card,Delivered
2467,1468,72,2026-06-12 19:08:00,2,13.66,2.73,0.0,16.39,Cash,Delivered
2468,390,46,2026-03-21 19:56:00,1,15.53,3.19,0.0,18.72,PayPal,Delivered
2469,593,32,2026-05-19 19:35:00,1,2.88,2.63,0.0,5.51,Cash,Refunded
2470,1282,61,2026-05-05 14:00:00,3,30.96,2.13,0.0,33.09,PayPal,Cancelled
2471,479,21,2026-03-06 12:04:00,1,9.79,3.44,0.0,13.23,Credit Card,Delivered
2472,1220,88,2026-06-24 12:09:00,1,10.53,2.56,0.0,13.09,Credit Card,Delivered
2473,180,48,2026-08-19 21:55:00,2,18.1,1.6,0.0,19.7,Apple Pay,Delivered
2474,200,114,2025-11-10 17:57:00,1,4.24,2.08,0.0,6.32,Credit Card,Delivered
2475,19,46,2026-07-02 17:00:00,1,14.8,3.27,2.19,15.88,Google Pay,Delivered
2476,188,83,2026-04-05 23:42:00,2,5.52,2.89,0.0,8.41,Credit Card,Delivered
2477,906,3,2025-09-20 22:19:00,1,12.92,2.37,0.0,15.29,PayPal,Delivered
2478,137,64,2026-05-08 11:57:00,6,33.03,2.7,0.0,35.73,Debit Card,Delivered
2479,919,65,2026-02-04 21:08:00,1,3.05,2.45,0.47,5.03,PayPal,Delivered
2480,899,5,2026-06-20 13:05:00,1,5.15,2.65,0.0,7.8,Apple Pay,Delivered
2481,352,91,2025-10-30 21:21:00,1,15.68,2.68,0.0,18.36,Credit Card,Delivered
2482,56,98,2025-09-17 12:10:00,1,1.81,2.82,0.0,4.63,Google Pay,Delivered
2483,243,116,2025-11-20 12:41:00,1,3.51,2.49,0.67,5.33,PayPal,Delivered
2484,215,86,2025-09-24 23:55:00,2,18.26,2.79,0.0,21.05,Debit Card,Delivered
2485,793,67,2025-10-25 19:57:00,1,2.55,2.81,0.0,5.36,Cash,Delivered
2486,1397,4,2026-06-04 14:58:00,1,2.31,2.98,0.0,5.29,Apple Pay,Delivered
2487,654,5,2026-05-12 22:11:00,1,13.87,3.1,1.72,15.25,Credit Card,Delivered
2488,951,45,2026-04-16 13:03:00,1,10.7,2.58,1.92,11.36,Credit Card,Delivered
2489,456,91,2026-02-01 11:10:00,1,5.12,3.07,0.0,8.19,Google Pay,Refunded
2490,138,53,2026-08-17 15:00:00,2,18.8,2.71,0.0,21.51,PayPal,Delivered
2491,328,9,2026-07-02 21:08:00,2,7.82,2.15,0.78,9.19,Debit Card,Delivered
2492,719,21,2026-07-17 20:41:00,2,8.22,3.02,0.0,11.24,Credit Card,Delivered
2493,1289,59,2025-12-01 17:34:00,1,4.32,2.65,0.0,6.97,PayPal,Delivered
2494,373,17,2026-07-25 18:47:00,1,8.73,3.09,0.0,11.82,Credit Card,Delivered
2495,1476,4,2026-04-16 19:07:00,2,6.48,2.93,0.0,9.41,Credit Card,Delivered
2496,959,94,2026-01-05 15:26:00,1,9.48,2.91,0.0,12.39,Debit Card,Delivered
2497,534,44,2025-11-19 11:05:00,1,16.4,3.16,0.0,19.56,Credit Card,Delivered
2498,934,48,2026-04-04 12:01:00,2,18.82,2.48,0.0,21.3,PayPal,Delivered
2499,1048,57,2026-08-17 21:00:00,2,5.95,2.48,1.14,7.29,PayPal,Delivered
2500,1029,27,2025-12-25 21:33:00,2,5.72,2.03,0.82,6.93,PayPal,Delivered
2501,1299,34,2026-05-10 15:47:00,6,40.38,1.38,5.15,36.61,Credit Card,Delivered
2502,993,8,2026-03-02 14:04:00,1,2.8,2.49,0.0,5.29,Credit Card,Delivered
2503,41,66,2025-10-24 20:18:00,1,2.57,2.82,0.0,5.39,Apple Pay,Delivered
2504,566,7,2025-10-29 10:08:00,1,3.76,2.87,0.0,6.63,PayPal,Delivered
2505,1363,55,2026-05-13 19:34:00,1,14.26,2.84,0.0,17.1,Credit Card,Cancelled
2506,311,61,2026-07-03 17:33:00,2,10.32,3.51,0.0,13.83,Apple Pay,Delivered
2507,749,8,2026-05-13 16:44:00,4,27.14,2.37,0.0,29.51,Debit Card,Delivered
2508,751,22,2025-10-29 08:05:00,2,21.28,3.09,0.0,24.37,Credit Card,Delivered
2509,836,58,2026-05-02 23:02:00,2,34.24,1.83,6.79,29.28,Apple Pay,Delivered
2510,1304,18,2026-03-14 12:00:00,1,4.21,2.93,0.0,7.14,Debit Card,Delivered
2511,810,80,2026-04-05 12:38:00,1,8.02,2.15,0.0,10.17,Debit Card,Delivered
2512,1,34,2026-04-04 15:07:00,1,3.16,2.05,0.0,5.21,Google Pay,Delivered
2513,365,3,2026-07-20 21:17:00,1,15.02,2.57,0.8,16.79,Credit Card,Delivered
2514,947,1,2026-06-29 21:24:00,2,15.5,1.73,0.0,17.23,PayPal,Refunded
2515,1174,119,2025-09-28 18:24:00,3,7.14,2.34,0.56,8.92,Credit Card,Delivered
2516,971,120,2025-09-01 19:43:00,1,16.38,2.45,0.0,18.83,Cash,Delivered
2517,1099,46,2026-08-07 17:21:00,3,21.63,2.46,0.0,24.09,Debit Card,Delivered
2518,362,100,2025-12-21 10:35:00,1,3.29,3.63,0.0,6.92,Google Pay,Cancelled
2519,144,108,2025-09-25 13:43:00,1,4.12,3.29,0.0,7.41,Debit Card,Delivered
2520,1423,94,2025-11-09 15:06:00,1,4.44,3.51,0.0,7.95,Google Pay,Delivered
2521,845,35,2026-02-28 19:28:00,1,14.01,2.75,0.0,16.76,Apple Pay,Delivered
2522,1108,94,2026-07-22 20:15:00,2,16.56,2.57,1.32,17.81,Credit Card,Delivered
2523,1436,79,2026-08-05 23:45:00,1,2.05,2.66,0.0,4.71,PayPal,Delivered
2524,274,74,2026-04-30 18:07:00,1,4.01,2.99,0.0,7.0,Credit Card,Delivered
2525,1307,108,2025-12-10 20:18:00,2,36.6,1.71,0.0,38.31,Credit Card,Delivered
2526,550,12,2026-05-19 23:37:00,2,14.48,2.4,0.0,16.88,Debit Card,Delivered
2527,939,51,2026-07-03 13:32:00,1,5.69,3.2,0.0,8.89,Apple Pay,Delivered
2528,581,85,2026-01-28 17:02:00,2,24.52,2.07,0.0,26.59,Credit Card,Delivered
2529,299,34,2026-04-07 21:54:00,1,2.94,2.54,0.0,5.48,PayPal,Delivered
2530,1320,54,2026-02-28 19:04:00,3,34.15,1.78,3.51,32.42,Apple Pay,Delivered
2531,521,11,2026-07-12 22:26:00,1,14.09,3.22,0.0,17.31,Debit Card,Refunded
2532,38,15,2026-04-14 19:03:00,3,14.1,3.13,0.0,17.23,Credit Card,Delivered
2533,226,101,2025-09-19 22:34:00,1,11.67,3.1,0.0,14.77,PayPal,Delivered
2534,1443,62,2026-07-16 12:21:00,2,6.08,2.32,0.53,7.87,Credit Card,Delivered
2535,1233,111,2026-03-22 21:40:00,1,3.05,2.22,0.0,5.27,Credit Card,Delivered
2536,997,49,2026-02-05 13:37:00,3,10.9,2.15,0.0,13.05,Credit Card,Delivered
2537,1169,106,2025-11-08 11:54:00,1,6.81,2.14,0.0,8.95,Credit Card,Delivered
2538,973,30,2026-05-13 12:02:00,1,11.77,2.19,0.0,13.96,PayPal,Delivered
2539,1366,9,2025-09-07 19:38:00,1,9.32,2.43,0.0,11.75,Debit Card,Delivered
2540,150,25,2025-11-03 13:20:00,1,3.27,2.41,0.0,5.68,Google Pay,Delivered
2541,96,21,2026-05-12 12:36:00,1,9.76,2.54,0.63,11.67,Apple Pay,Delivered
2542,1043,3,2025-12-09 20:57:00,1,3.25,2.76,0.0,6.01,Cash,Delivered
2543,1448,4,2026-06-01 18:50:00,2,7.08,2.6,0.0,9.68,PayPal,Delivered
2544,872,38,2025-12-05 15:58:00,2,11.2,2.45,0.0,13.65,Credit Card,Delivered
2545,1450,56,2026-05-29 19:59:00,2,16.75,2.63,0.0,19.38,Credit Card,Delivered
2546,602,47,2026-05-08 22:46:00,2,12.58,2.43,0.0,15.01,Credit Card,Delivered
2547,1012,87,2026-05-24 21:53:00,1,10.39,2.77,2.06,11.1,Apple Pay,Delivered
2548,764,70,2026-05-26 18:41:00,1,5.43,2.7,0.0,8.13,PayPal,Cancelled
2549,1323,25,2026-06-19 22:07:00,2,26.9,3.04,0.0,29.94,Credit Card,Delivered
2550,971,120,2026-01-13 22:53:00,1,4.42,2.44,0.0,6.86,PayPal,Delivered
2551,658,65,2026-02-21 15:40:00,2,7.08,2.91,0.55,9.44,Credit Card,Delivered
2552,368,95,2025-09-26 12:51:00,1,5.52,3.68,0.0,9.2,PayPal,Delivered
2553,471,85,2026-01-05 12:19:00,2,27.96,2.79,0.0,30.75,Debit Card,Delivered
2554,113,14,2026-02-15 20:35:00,2,5.62,2.4,0.0,8.02,Credit Card,Delivered
2555,232,85,2026-06-09 23:24:00,1,5.21,2.1,0.0,7.31,Debit Card,Delivered
2556,764,25,2026-07-27 10:00:00,1,3.81,2.56,0.52,5.85,Cash,Delivered
2557,48,117,2026-05-02 18:38:00,1,5.92,2.94,0.0,8.86,PayPal,Delivered
2558,707,37,2026-08-28 13:00:00,1,2.68,2.27,0.26,4.69,Debit Card,Delivered
2559,63,74,2025-11-15 19:08:00,1,4.55,2.8,0.0,7.35,PayPal,Refunded
2560,243,116,2026-03-14 22:12:00,3,42.12,1.75,5.57,38.3,Debit Card,Delivered
2561,1038,85,2026-02-06 21:41:00,1,3.67,2.48,0.0,6.15,Credit Card,Cancelled
2562,44,65,2026-08-06 23:42:00,2,10.18,2.56,0.0,12.74,PayPal,Delivered
2563,505,50,2026-03-18 18:00:00,2,12.02,2.11,1.91,12.22,Credit Card,Delivered
2564,286,15,2026-03-28 20:20:00,3,39.84,1.72,0.0,41.56,PayPal,Delivered
2565,82,94,2026-06-12 22:49:00,2,8.8,2.74,0.0,11.54,Credit Card,Delivered
2566,313,5,2026-02-07 21:28:00,3,15.45,3.36,0.0,18.81,Apple Pay,Delivered
2567,169,65,2025-11-30 23:22:00,1,4.34,2.27,0.0,6.61,Credit Card,Delivered
2568,121,6,2025-10-18 13:51:00,1,4.77,3.11,0.0,7.88,Debit Card,Delivered
2569,998,69,2026-04-18 12:02:00,1,17.16,3.1,0.0,20.26,Debit Card,Refunded
2570,188,83,2026-04-19 12:40:00,1,3.59,2.66,0.0,6.25,Apple Pay,Delivered
2571,1409,42,2026-05-27 22:35:00,1,5.11,2.61,0.0,7.72,Cash,Delivered
2572,730,93,2026-07-03 11:23:00,2,8.76,2.97,0.0,11.73,Credit Card,Delivered
2573,612,49,2026-08-28 21:44:00,2,8.02,2.24,1.28,8.98,Credit Card,Delivered
2574,1314,88,2025-11-08 17:16:00,2,19.58,2.43,0.0,22.01,PayPal,Delivered
2575,1167,10,2026-02-06 21:37:00,1,10.56,2.45,0.0,13.01,Credit Card,Delivered
2576,631,16,2025-12-28 21:15:00,2,8.48,2.57,0.0,11.05,Credit Card,Delivered
2577,1461,34,2026-07-16 16:46:00,1,2.53,2.19,0.0,4.72,Credit Card,Delivered
2578,797,70,2025-10-14 12:25:00,1,3.04,3.35,0.0,6.39,Credit Card,Delivered
2579,1063,115,2026-05-01 20:48:00,1,13.5,2.63,0.0,16.13,PayPal,Delivered
2580,1455,32,2025-12-24 23:34:00,1,3.78,3.42,0.56,6.64,Debit Card,Delivered
2581,1085,103,2025-09-04 10:02:00,2,4.61,2.84,0.0,7.45,Debit Card,Delivered
2582,887,40,2026-04-07 13:36:00,2,6.8,2.47,0.0,9.27,Debit Card,Delivered
2583,924,118,2026-01-21 22:00:00,2,12.36,2.62,0.0,14.98,Credit Card,Delivered
2584,982,106,2026-05-11 11:43:00,1,9.33,2.39,1.4,10.32,Google Pay,Cancelled
2585,1467,61,2026-01-22 08:13:00,1,15.01,2.71,0.0,17.72,Debit Card,Delivered
2586,1052,88,2025-11-09 22:58:00,1,9.71,2.29,1.14,10.86,Google Pay,Delivered
2587,450,21,2025-10-14 21:13:00,1,3.88,2.47,0.0,6.35,Cash,Delivered
2588,33,31,2025-11-06 13:27:00,1,3.59,1.96,0.4,5.15,Debit Card,Delivered
2589,1175,50,2026-02-07 23:33:00,3,30.03,2.14,5.58,26.59,Google Pay,Delivered
2590,733,78,2025-12-08 21:08:00,1,14.65,2.82,0.0,17.47,Credit Card,Delivered
2591,623,75,2026-04-17 12:00:00,1,3.31,2.36,0.0,5.67,Debit Card,Delivered
2592,1403,103,2025-12-25 17:58:00,1,2.58,2.22,0.0,4.8,PayPal,Cancelled
2593,234,58,2026-07-03 22:21:00,1,16.73,2.6,0.0,19.33,Credit Card,Delivered
2594,57,53,2026-07-04 20:46:00,2,4.82,2.09,0.0,6.91,PayPal,Delivered
2595,1110,33,2026-08-31 19:00:00,2,7.57,2.86,0.0,10.43,Google Pay,Delivered
2596,1387,48,2026-03-10 16:12:00,1,4.1,2.59,0.0,6.69,Cash,Delivered
2597,1245,65,2025-12-30 13:00:00,1,3.54,3.21,0.0,6.75,PayPal,Delivered
2598,1307,6,2026-01-29 20:08:00,2,7.63,3.14,0.0,10.77,Apple Pay,Delivered
2599,1296,104,2026-04-08 12:59:00,1,8.73,2.88,0.0,11.61,PayPal,Delivered
2600,1029,27,2026-06-25 21:00:00,3,6.57,2.75,0.0,9.32,Debit Card,Delivered
2601,1383,93,2026-07-11 13:41:00,1,7.16,2.37,0.0,9.53,Debit Card,Delivered
2602,512,42,2026-07-28 12:01:00,1,4.16,2.34,0.0,6.5,PayPal,Delivered
2603,1118,84,2026-08-08 11:15:00,1,3.74,2.63,0.0,6.37,Debit Card,Delivered
2604,139,106,2025-11-17 21:23:00,1,6.72,2.03,0.0,8.75,Apple Pay,Delivered
2605,792,60,2026-07-24 17:21:00,1,4.84,2.64,0.0,7.48,Credit Card,Delivered
2606,436,120,2026-08-12 15:00:00,3,15.33,2.39,0.0,17.72,Apple Pay,Delivered
2607,1409,54,2026-07-19 18:02:00,1,4.85,3.34,0.0,8.19,PayPal,Delivered
2608,655,54,2025-10-20 20:35:00,1,7.42,3.22,0.0,10.64,Credit Card,Refunded
2609,315,67,2026-01-06 22:25:00,1,4.13,2.02,0.0,6.15,Google Pay,Delivered
2610,855,41,2026-08-13 14:14:00,1,18.59,2.84,0.0,21.43,PayPal,Delivered
2611,116,81,2026-08-17 13:00:00,1,3.9,3.3,0.0,7.2,Apple Pay,Delivered
2612,191,26,2025-11-20 22:59:00,1,4.89,3.01,0.0,7.9,Credit Card,Delivered
2613,648,4,2026-01-15 18:56:00,1,2.35,2.43,0.0,4.78,Credit Card,Delivered
2614,947,47,2025-12-30 19:52:00,1,1.47,2.67,0.0,4.14,Google Pay,Cancelled
2615,874,65,2026-08-03 12:16:00,1,5.15,2.47,0.0,7.62,Debit Card,Delivered
2616,84,20,2026-01-31 22:10:00,2,9.4,2.76,0.0,12.16,Debit Card,Delivered
2617,1020,85,2025-10-04 23:14:00,1,12.2,2.99,1.93,13.26,PayPal,Delivered
2618,87,48,2025-10-31 17:18:00,1,10.82,1.88,0.75,11.95,Debit Card,Delivered
2619,1224,19,2026-03-22 09:01:00,1,10.25,2.49,0.0,12.74,Cash,Delivered
2620,59,88,2025-09-05 10:18:00,4,15.88,2.08,0.0,17.96,Credit Card,Delivered
2621,41,15,2025-11-30 14:34:00,1,13.62,3.48,0.0,17.1,PayPal,Cancelled
2622,777,44,2026-04-11 18:14:00,1,5.15,2.81,1.01,6.95,Debit Card,Delivered
2623,1204,34,2026-07-10 16:59:00,1,2.52,2.7,0.0,5.22,Credit Card,Delivered
2624,1148,37,2025-10-06 19:50:00,3,5.55,1.84,0.0,7.39,PayPal,Delivered
2625,901,76,2026-08-20 13:00:00,1,6.3,3.17,0.0,9.47,Credit Card,Delivered
2626,268,36,2026-01-23 13:24:00,2,6.82,2.64,0.0,9.46,Credit Card,Delivered
2627,1430,39,2026-07-13 23:29:00,2,19.28,3.23,0.0,22.51,Debit Card,Delivered
2628,31,48,2026-06-15 13:19:00,1,8.74,2.2,0.0,10.94,Debit Card,Cancelled
2629,522,65,2026-08-06 23:03:00,2,10.2,2.15,0.0,12.35,Google Pay,Delivered
2630,1132,45,2026-04-17 19:23:00,1,4.3,2.87,0.0,7.17,PayPal,Delivered
2631,926,115,2025-11-02 11:34:00,1,2.98,2.82,0.22,5.58,Credit Card,Delivered
2632,1186,42,2026-08-09 20:15:00,2,9.72,2.41,0.0,12.13,Credit Card,Delivered
2633,1150,68,2026-08-23 23:00:00,1,15.78,2.28,0.0,18.06,PayPal,Delivered
2634,1410,34,2026-04-30 22:31:00,1,8.35,2.45,0.0,10.8,Credit Card,Delivered
2635,775,13,2026-01-07 14:00:00,1,3.77,2.75,0.0,6.52,Credit Card,Delivered
2636,1232,6,2026-06-18 11:44:00,3,12.42,2.9,0.0,15.32,Cash,Delivered
2637,234,92,2026-01-28 17:41:00,2,36.7,1.91,3.01,35.6,Apple Pay,Delivered
2638,262,46,2026-08-16 12:00:00,1,8.66,2.82,0.0,11.48,Debit Card,Refunded
2639,75,109,2025-12-10 14:08:00,3,20.97,2.91,0.0,23.88,Credit Card,Delivered
2640,307,23,2026-04-29 22:47:00,2,6.78,2.87,0.0,9.65,Apple Pay,Delivered
2641,168,8,2026-04-14 20:06:00,2,19.88,2.26,0.0,22.14,PayPal,Cancelled
2642,1237,116,2025-11-22 21:46:00,2,17.21,3.0,0.0,20.21,Debit Card,Delivered
2643,743,81,2026-01-04 19:13:00,1,16.05,3.11,0.98,18.18,PayPal,Delivered
2644,667,37,2025-11-22 12:49:00,3,16.86,2.74,0.0,19.6,Google Pay,Delivered
2645,960,9,2026-05-29 12:08:00,2,4.52,1.54,0.0,6.06,Credit Card,Cancelled
2646,540,11,2026-01-04 21:48:00,2,21.46,2.71,0.0,24.17,Apple Pay,Delivered
2647,856,66,2026-06-12 16:37:00,1,2.68,2.9,0.0,5.58,Google Pay,Delivered
2648,6,79,2025-11-24 18:02:00,3,25.62,3.32,0.0,28.94,PayPal,Delivered
2649,1070,40,2026-01-23 12:16:00,3,43.53,2.15,0.0,45.68,Cash,Delivered
2650,1308,28,2025-09-10 14:28:00,2,30.58,2.24,0.0,32.82,Credit Card,Delivered
2651,59,88,2025-09-02 12:40:00,2,23.48,3.82,0.0,27.3,Apple Pay,Delivered
2652,121,118,2025-09-11 13:44:00,2,15.64,2.79,0.0,18.43,Debit Card,Delivered
2653,205,88,2025-09-25 22:32:00,3,31.35,2.59,0.0,33.94,Debit Card,Delivered
2654,913,101,2026-08-06 21:41:00,3,11.82,3.12,0.0,14.94,PayPal,Delivered
2655,1142,37,2025-12-11 22:21:00,1,1.92,1.92,0.0,3.84,PayPal,Delivered
2656,1235,41,2026-03-14 22:19:00,1,7.49,2.11,0.0,9.6,Debit Card,Delivered
2657,1172,57,2026-08-15 20:11:00,2,3.46,2.19,0.0,5.65,Debit Card,Delivered
2658,866,105,2026-02-25 14:40:00,1,15.83,3.11,0.0,18.94,Debit Card,Cancelled
2659,1054,100,2026-01-22 18:40:00,1,3.1,2.65,0.0,5.75,Cash,Delivered
2660,420,105,2026-05-25 09:54:00,1,4.33,2.89,0.0,7.22,Apple Pay,Delivered
2661,1119,56,2026-05-30 22:31:00,1,11.58,3.56,0.0,15.14,Debit Card,Delivered
2662,275,7,2025-10-07 21:36:00,1,3.77,2.78,0.0,6.55,Debit Card,Delivered
2663,1446,92,2026-08-08 18:43:00,2,7.72,3.61,0.0,11.33,Google Pay,Delivered
2664,63,96,2025-10-15 15:52:00,2,14.26,3.13,0.0,17.39,Apple Pay,Cancelled
2665,1417,58,2026-01-03 12:30:00,3,42.39,2.25,0.0,44.64,PayPal,Delivered
2666,691,41,2026-08-14 11:44:00,1,7.5,2.71,0.0,10.21,Apple Pay,Delivered
2667,967,26,2026-03-24 14:48:00,1,5.74,3.03,0.0,8.77,Credit Card,Delivered
2668,240,25,2026-03-27 23:34:00,2,10.5,2.77,0.0,13.27,Credit Card,Delivered
2669,480,12,2026-07-09 11:32:00,1,6.31,2.64,0.0,8.95,Debit Card,Delivered
2670,1294,17,2026-05-03 23:00:00,1,4.13,2.84,0.0,6.97,Debit Card,Delivered
2671,22,97,2026-04-13 19:48:00,2,5.42,3.1,0.0,8.52,Apple Pay,Delivered
2672,288,97,2026-08-30 16:00:00,2,17.58,3.57,0.0,21.15,Apple Pay,Delivered
2673,948,46,2025-10-11 12:32:00,1,4.52,2.6,0.0,7.12,Google Pay,Delivered
2674,1207,74,2025-12-21 11:13:00,1,4.62,2.82,0.0,7.44,Credit Card,Delivered
2675,647,38,2026-06-08 19:57:00,1,14.47,3.16,0.0,17.63,Apple Pay,Cancelled
2676,132,101,2025-12-30 20:03:00,1,7.23,2.87,0.0,10.1,Cash,Delivered
2677,221,65,2026-07-28 16:51:00,1,3.01,2.06,0.36,4.71,Credit Card,Cancelled
2678,1336,10,2026-08-17 13:23:00,1,11.74,3.2,0.0,14.94,Credit Card,Delivered
2679,323,24,2026-07-18 09:00:00,1,4.27,2.26,0.0,6.53,Google Pay,Delivered
2680,868,106,2025-09-03 13:13:00,1,3.41,2.39,0.0,5.8,Credit Card,Delivered
2681,1405,120,2026-06-02 21:43:00,1,6.49,3.48,0.0,9.97,Apple Pay,Delivered
2682,564,19,2026-08-26 20:17:00,2,18.76,3.04,0.0,21.8,Debit Card,Delivered
2683,100,103,2026-06-03 12:07:00,1,2.05,2.74,0.0,4.79,Debit Card,Delivered
2684,1220,83,2026-04-21 21:27:00,1,6.24,3.36,0.0,9.6,Google Pay,Delivered
2685,1182,62,2026-04-12 12:54:00,1,11.42,2.71,0.0,14.13,Debit Card,Delivered
2686,977,52,2026-02-28 21:52:00,1,6.77,2.81,0.0,9.58,Debit Card,Delivered
2687,1354,65,2025-12-25 18:00:00,1,3.55,2.51,0.0,6.06,Credit Card,Delivered
2688,1164,120,2026-02-22 21:38:00,1,2.89,3.11,0.27,5.73,Credit Card,Delivered
2689,1033,4,2026-08-01 11:28:00,1,4.21,1.9,0.0,6.11,Debit Card,Delivered
2690,501,119,2025-10-02 21:23:00,1,2.96,1.93,0.0,4.89,PayPal,Delivered
2691,93,40,2025-10-18 21:01:00,1,8.37,2.69,1.49,9.57,Credit Card,Delivered
2692,1089,52,2026-07-17 12:09:00,3,34.63,1.92,0.0,36.55,Debit Card,Delivered
2693,1269,66,2026-06-29 12:52:00,1,6.26,3.44,0.0,9.7,Debit Card,Refunded
2694,1043,55,2026-03-06 21:57:00,1,15.38,2.4,0.0,17.78,Apple Pay,Delivered
2695,980,91,2026-01-10 16:56:00,1,5.64,2.77,0.0,8.41,Credit Card,Delivered
2696,1078,66,2026-08-11 20:00:00,1,3.3,2.78,0.0,6.08,Google Pay,Delivered
2697,416,20,2026-05-04 08:28:00,1,3.36,2.34,0.37,5.33,Google Pay,Delivered
2698,176,99,2026-03-16 12:03:00,2,11.06,2.46,0.0,13.52,Credit Card,Delivered
2699,945,59,2026-06-23 21:11:00,2,8.52,1.96,0.0,10.48,Debit Card,Delivered
2700,1415,88,2026-01-11 13:47:00,1,5.98,2.98,1.01,7.95,Apple Pay,Refunded
2701,205,83,2026-06-19 11:41:00,2,34.06,1.44,0.0,35.5,Credit Card,Refunded
2702,107,53,2026-08-15 12:59:00,2,18.82,3.17,0.0,21.99,Apple Pay,Delivered
2703,1062,21,2025-10-29 22:17:00,1,9.21,2.93,0.0,12.14,Cash,Delivered
2704,634,17,2026-06-07 14:23:00,1,3.46,2.5,0.0,5.96,PayPal,Delivered
2705,1355,68,2026-04-11 19:57:00,1,14.64,2.64,0.0,17.28,Credit Card,Cancelled
2706,708,106,2026-01-27 19:54:00,2,16.08,2.47,0.0,18.55,Credit Card,Delivered
2707,783,85,2025-11-18 15:18:00,1,13.01,2.57,0.0,15.58,Debit Card,Delivered
2708,93,53,2025-10-27 11:57:00,1,3.18,2.89,0.0,6.07,Credit Card,Delivered
2709,1429,29,2025-10-11 13:34:00,1,2.55,2.74,0.0,5.29,Apple Pay,Cancelled
2710,497,12,2025-12-07 12:59:00,3,29.37,2.37,0.0,31.74,Debit Card,Delivered
2711,658,65,2026-03-07 22:02:00,1,4.74,2.41,0.9,6.25,PayPal,Delivered
2712,944,60,2026-03-16 21:34:00,3,31.77,2.19,0.0,33.96,PayPal,Delivered
2713,1287,76,2026-08-28 22:59:00,3,11.1,3.23,0.0,14.33,Credit Card,Delivered
2714,1193,68,2026-05-29 21:57:00,2,29.24,2.55,4.89,26.9,Apple Pay,Delivered
2715,1161,13,2026-08-27 08:34:00,1,10.5,2.42,1.39,11.53,Apple Pay,Cancelled
2716,159,119,2026-06-04 21:02:00,2,4.3,1.94,0.0,6.24,Debit Card,Delivered
2717,133,6,2026-03-29 18:58:00,3,12.6,2.92,2.12,13.4,PayPal,Delivered
2718,1247,3,2026-06-26 21:09:00,1,3.84,2.2,0.0,6.04,Credit Card,Delivered
2719,1369,91,2026-06-09 23:18:00,2,6.64,2.81,0.0,9.45,PayPal,Delivered
2720,936,91,2026-06-22 14:52:00,2,20.4,2.78,0.0,23.18,Google Pay,Delivered
2721,1366,45,2025-12-02 20:31:00,1,3.44,2.19,0.0,5.63,Apple Pay,Delivered
2722,477,85,2026-05-23 14:15:00,1,10.49,2.71,1.64,11.56,Credit Card,Delivered
2723,528,75,2025-11-21 22:01:00,1,3.38,2.52,0.0,5.9,Debit Card,Delivered
2724,256,34,2025-12-25 13:10:00,3,8.8,2.14,0.0,10.94,Cash,Delivered
2725,1191,53,2026-05-16 14:46:00,1,11.94,3.35,0.0,15.29,PayPal,Refunded
2726,1005,21,2026-03-04 22:43:00,1,5.6,2.6,0.0,8.2,Debit Card,Delivered
2727,337,69,2026-06-14 12:09:00,1,11.54,2.78,0.0,14.32,PayPal,Delivered
2728,1499,14,2026-05-22 18:54:00,3,12.33,2.34,2.05,12.62,Credit Card,Delivered
2729,46,106,2026-05-29 19:25:00,1,2.76,2.7,0.0,5.46,Google Pay,Delivered
2730,1156,100,2026-01-04 19:00:00,2,8.7,2.31,0.0,11.01,Debit Card,Delivered
2731,312,60,2025-10-09 12:40:00,2,6.06,2.74,0.0,8.8,Credit Card,Delivered
2732,1176,1,2025-11-30 10:06:00,1,3.57,1.92,0.0,5.49,Credit Card,Delivered
2733,726,36,2026-01-09 16:04:00,2,10.44,2.07,0.0,12.51,Credit Card,Delivered
2734,352,91,2026-06-27 17:36:00,3,43.59,1.53,0.0,45.12,PayPal,Delivered
2735,87,119,2025-09-17 23:47:00,1,2.14,2.03,0.42,3.75,PayPal,Cancelled
2736,932,104,2026-03-19 21:56:00,1,11.52,2.79,0.0,14.31,PayPal,Delivered
2737,241,11,2026-06-14 20:48:00,3,34.0,1.54,0.0,35.54,Debit Card,Delivered
2738,675,118,2026-01-11 13:35:00,2,30.72,0.99,0.0,31.71,Apple Pay,Delivered
2739,1426,76,2025-12-23 22:31:00,3,9.93,1.88,0.0,11.81,Google Pay,Delivered
2740,1332,61,2025-11-14 13:24:00,1,6.95,2.74,0.0,9.69,PayPal,Refunded
2741,741,99,2026-02-04 23:36:00,1,13.13,2.95,0.0,16.08,PayPal,Delivered
2742,1098,8,2026-04-15 23:57:00,3,9.27,2.39,1.33,10.33,Credit Card,Delivered
2743,1235,116,2026-03-31 23:05:00,2,6.96,2.63,0.0,9.59,Google Pay,Delivered
2744,910,17,2026-07-10 13:28:00,2,8.26,2.71,0.94,10.03,Credit Card,Delivered
2745,310,78,2025-09-02 12:26:00,2,28.51,2.02,0.0,30.53,Apple Pay,Delivered
2746,1218,74,2025-12-16 20:18:00,4,26.05,2.01,0.0,28.06,Debit Card,Delivered
2747,133,92,2026-01-08 16:50:00,1,19.24,2.24,0.0,21.48,Credit Card,Delivered
2748,784,96,2026-01-21 15:32:00,1,5.79,2.75,0.0,8.54,Credit Card,Delivered
2749,1171,39,2026-05-26 19:05:00,1,9.71,2.99,0.0,12.7,Cash,Refunded
2750,856,39,2026-03-14 21:00:00,1,10.49,2.27,0.0,12.76,PayPal,Delivered
2751,524,6,2025-12-14 14:59:00,1,12.59,2.46,0.0,15.05,Debit Card,Delivered
2752,625,75,2025-09-20 14:11:00,4,14.79,2.74,0.0,17.53,Google Pay,Delivered
2753,690,74,2026-03-28 20:29:00,1,7.45,2.65,0.0,10.1,Debit Card,Delivered
2754,1117,78,2026-08-19 11:14:00,1,12.1,2.83,0.0,14.93,Google Pay,Delivered
2755,1489,68,2026-08-23 21:00:00,1,12.88,2.98,0.0,15.86,Google Pay,Delivered
2756,1168,50,2025-09-18 21:25:00,1,8.72,1.94,0.0,10.66,Apple Pay,Delivered
2757,475,41,2025-10-14 22:20:00,3,11.22,3.51,0.0,14.73,Credit Card,Delivered
2758,167,10,2026-03-28 21:54:00,2,7.34,2.53,0.47,9.4,Cash,Refunded
2759,710,61,2025-12-07 18:30:00,2,6.26,3.44,0.0,9.7,PayPal,Delivered
2760,1287,39,2025-11-24 22:37:00,2,18.01,2.89,0.0,20.9,Debit Card,Refunded
2761,953,111,2026-05-08 18:57:00,2,28.26,2.91,2.86,28.31,Apple Pay,Delivered
2762,483,74,2025-12-22 21:31:00,1,7.42,2.22,0.0,9.64,Credit Card,Delivered
2763,134,97,2026-04-08 11:42:00,1,8.12,2.72,0.0,10.84,Credit Card,Delivered
2764,379,24,2025-09-15 21:31:00,1,3.71,2.55,0.0,6.26,PayPal,Delivered
2765,1075,11,2026-08-23 11:34:00,3,40.92,1.79,3.83,38.88,PayPal,Refunded
2766,1005,21,2025-10-01 10:12:00,1,4.72,2.24,0.0,6.96,PayPal,Delivered
2767,678,15,2026-05-20 18:00:00,2,20.16,3.03,0.0,23.19,PayPal,Delivered
2768,501,47,2026-01-31 12:18:00,1,5.37,2.65,0.0,8.02,Google Pay,Delivered
2769,263,65,2026-07-18 14:17:00,2,8.74,1.9,0.0,10.64,Credit Card,Delivered
2770,1459,64,2026-04-21 21:20:00,1,3.72,2.82,0.0,6.54,Debit Card,Delivered
2771,646,10,2026-02-26 19:22:00,1,5.54,2.77,0.0,8.31,Debit Card,Delivered
2772,1151,100,2025-12-11 21:21:00,2,11.84,2.9,0.0,14.74,Google Pay,Delivered
2773,692,77,2025-11-22 21:46:00,3,52.41,2.0,0.0,54.41,Credit Card,Delivered
2774,854,16,2026-04-27 18:43:00,2,11.34,2.82,0.0,14.16,Debit Card,Delivered
2775,962,76,2026-03-03 23:35:00,1,4.91,2.87,0.43,7.35,Google Pay,Cancelled
2776,534,19,2026-04-12 13:17:00,1,6.5,3.51,0.0,10.01,PayPal,Delivered
2777,1406,22,2026-08-26 11:00:00,1,5.03,2.68,0.0,7.71,Credit Card,Delivered
2778,686,31,2026-06-28 14:00:00,1,11.11,2.99,0.0,14.1,Cash,Delivered
2779,1148,98,2025-11-05 21:45:00,1,2.45,3.02,0.0,5.47,Credit Card,Delivered
2780,1375,103,2025-12-16 11:24:00,1,2.52,3.1,0.3,5.32,PayPal,Delivered
2781,574,27,2025-11-20 17:16:00,2,3.74,2.54,0.5,5.78,Credit Card,Delivered
2782,352,91,2026-02-26 19:27:00,3,12.48,3.06,0.0,15.54,PayPal,Delivered
2783,1455,82,2025-12-16 21:33:00,1,2.89,2.75,0.0,5.64,Debit Card,Cancelled
2784,1179,56,2026-06-19 22:03:00,1,3.48,3.47,0.0,6.95,Apple Pay,Delivered
2785,1187,94,2026-03-21 13:51:00,2,22.16,2.52,0.0,24.68,PayPal,Delivered
2786,1420,79,2025-12-23 13:43:00,1,8.54,2.33,1.59,9.28,Debit Card,Delivered
2787,42,46,2025-10-01 20:16:00,1,7.16,2.62,0.0,9.78,Google Pay,Delivered
2788,1418,74,2025-10-15 22:49:00,1,13.8,3.8,0.0,17.6,Apple Pay,Delivered
2789,175,117,2025-10-03 12:45:00,2,9.0,3.41,0.68,11.73,Debit Card,Delivered
2790,218,88,2025-12-27 21:30:00,1,11.82,2.52,0.0,14.34,Debit Card,Delivered
2791,328,9,2026-01-01 13:51:00,1,4.87,1.95,0.0,6.82,Debit Card,Cancelled
2792,170,26,2025-09-18 12:12:00,3,35.94,1.98,0.0,37.92,PayPal,Delivered
2793,126,66,2026-05-17 14:19:00,1,10.41,2.7,0.0,13.11,Google Pay,Delivered
2794,188,112,2026-03-13 21:59:00,1,3.13,2.86,0.0,5.99,Credit Card,Delivered
2795,729,61,2026-08-24 21:11:00,3,11.6,2.06,0.0,13.66,Debit Card,Delivered
2796,559,58,2026-07-21 18:51:00,1,14.15,2.52,0.0,16.67,Apple Pay,Cancelled
2797,512,46,2025-09-05 21:51:00,1,7.24,3.37,0.0,10.61,Cash,Delivered
2798,258,100,2026-05-14 15:22:00,2,11.86,3.0,0.0,14.86,Credit Card,Cancelled
2799,1460,17,2026-08-21 13:27:00,1,8.87,2.3,0.0,11.17,Credit Card,Delivered
2800,499,23,2026-06-20 22:56:00,1,10.4,2.97,0.0,13.37,Apple Pay,Delivered
2801,710,52,2026-05-09 11:18:00,1,4.37,3.07,0.0,7.44,Cash,Delivered
2802,214,84,2025-10-21 22:22:00,1,8.27,3.21,0.0,11.48,Apple Pay,Delivered
2803,319,24,2026-07-26 21:00:00,1,3.96,2.49,0.0,6.45,PayPal,Delivered
2804,352,91,2026-06-27 21:21:00,2,27.58,2.53,0.0,30.11,Credit Card,Delivered
2805,1457,72,2026-03-15 19:11:00,1,4.47,2.74,0.0,7.21,Cash,Delivered
2806,265,16,2026-08-03 21:12:00,1,6.02,3.21,0.0,9.23,Apple Pay,Delivered
2807,771,102,2026-02-16 10:30:00,1,4.6,2.29,0.0,6.89,PayPal,Delivered
2808,817,77,2026-03-14 20:46:00,2,35.82,1.94,0.0,37.76,Google Pay,Delivered
2809,110,101,2026-06-14 13:49:00,1,5.66,2.86,0.0,8.52,Google Pay,Delivered
2810,527,26,2026-05-21 20:22:00,2,9.52,3.59,0.0,13.11,Credit Card,Delivered
2811,122,19,2026-03-21 20:30:00,3,14.75,2.55,0.0,17.3,Credit Card,Delivered
2812,263,82,2026-06-13 13:04:00,1,2.85,2.52,0.0,5.37,Credit Card,Delivered
2813,1013,52,2026-07-25 12:16:00,4,21.64,2.89,0.0,24.53,Google Pay,Delivered
2814,853,81,2026-04-25 20:18:00,1,16.04,2.63,3.17,15.5,PayPal,Delivered
2815,743,54,2026-07-23 23:55:00,1,7.21,2.56,0.0,9.77,PayPal,Delivered
2816,321,105,2026-08-17 20:00:00,2,8.8,3.59,0.0,12.39,Debit Card,Delivered
2817,937,63,2026-03-13 18:22:00,2,15.4,3.28,0.0,18.68,Debit Card,Delivered
2818,1357,9,2026-04-25 23:10:00,1,3.68,2.92,0.71,5.89,Debit Card,Cancelled
2819,1275,13,2026-03-29 22:09:00,1,5.57,3.05,0.0,8.62,Google Pay,Delivered
2820,260,96,2025-11-05 21:30:00,1,14.88,2.77,0.0,17.65,Debit Card,Delivered
2821,1023,110,2026-02-14 16:56:00,1,10.39,2.24,0.0,12.63,Google Pay,Delivered
2822,366,15,2026-06-24 18:00:00,2,12.6,2.45,0.0,15.05,Credit Card,Delivered
2823,1293,118,2026-05-11 13:23:00,2,9.54,2.53,0.0,12.07,Debit Card,Delivered
2824,710,85,2026-06-19 22:49:00,1,13.06,2.38,0.87,14.57,Credit Card,Delivered
2825,1115,79,2026-05-08 13:28:00,2,3.96,2.17,0.57,5.56,Debit Card,Delivered
2826,809,45,2026-07-13 21:13:00,1,3.86,2.75,0.0,6.61,PayPal,Delivered
2827,1012,108,2026-04-26 22:49:00,1,5.8,2.44,0.0,8.24,Credit Card,Delivered
2828,1403,75,2026-01-17 19:54:00,1,3.17,3.04,0.0,6.21,PayPal,Delivered
2829,203,45,2025-09-23 12:17:00,1,3.65,2.74,0.0,6.39,Credit Card,Delivered
2830,1356,100,2025-09-13 10:58:00,1,3.12,3.03,0.36,5.79,Cash,Delivered
2831,725,13,2026-08-18 20:31:00,1,5.57,2.86,0.0,8.43,Credit Card,Delivered
2832,214,84,2026-06-12 13:14:00,1,8.16,2.48,0.97,9.67,Apple Pay,Delivered
2833,650,109,2026-01-01 10:51:00,1,3.89,2.59,0.0,6.48,Google Pay,Delivered
2834,84,117,2026-08-15 14:08:00,1,4.77,2.46,0.0,7.23,Cash,Delivered
2835,812,38,2025-11-29 19:15:00,1,15.13,2.58,0.0,17.71,PayPal,Delivered
2836,709,59,2026-06-09 19:22:00,1,8.51,2.15,0.0,10.66,PayPal,Delivered
2837,587,20,2025-11-17 12:53:00,2,29.38,2.98,2.25,30.11,PayPal,Delivered
2838,667,98,2026-05-18 20:56:00,1,2.44,1.92,0.0,4.36,Apple Pay,Cancelled
2839,931,14,2025-09-26 15:11:00,1,4.06,2.84,0.0,6.9,Google Pay,Delivered
2840,1241,46,2026-05-08 17:00:00,1,15.54,3.15,0.0,18.69,PayPal,Delivered
2841,589,33,2026-02-14 22:51:00,3,12.84,2.9,0.0,15.74,Apple Pay,Delivered
2842,26,41,2026-04-01 11:32:00,3,32.22,1.59,0.0,33.81,Cash,Delivered
2843,837,47,2025-09-16 19:23:00,1,8.11,1.94,0.0,10.05,Credit Card,Delivered
2844,1418,74,2026-01-13 12:00:00,3,18.84,2.53,0.0,21.37,PayPal,Delivered
2845,593,24,2026-04-09 12:00:00,2,8.68,2.21,1.7,9.19,Credit Card,Delivered
2846,184,65,2026-04-14 20:08:00,1,3.14,2.58,0.0,5.72,Debit Card,Delivered
2847,1353,115,2025-09-03 20:33:00,2,10.14,2.75,0.0,12.89,Apple Pay,Delivered
2848,629,118,2026-07-28 20:09:00,1,15.46,3.58,0.0,19.04,Debit Card,Delivered
2849,561,38,2025-11-05 22:12:00,1,13.98,3.5,0.0,17.48,Credit Card,Delivered
2850,444,20,2026-03-10 21:07:00,1,11.89,3.41,0.0,15.3,Apple Pay,Delivered
2851,1097,116,2026-09-01 13:10:00,1,13.99,2.72,0.0,16.71,Credit Card,Delivered
2852,219,16,2026-01-28 20:42:00,1,5.31,2.28,0.0,7.59,PayPal,Delivered
2853,921,99,2026-03-19 20:42:00,3,17.09,2.83,2.53,17.39,Credit Card,Delivered
2854,524,96,2026-08-17 20:27:00,1,4.06,2.72,0.0,6.78,Cash,Delivered
2855,579,10,2025-09-25 16:49:00,1,10.68,2.9,0.0,13.58,Debit Card,Delivered
2856,324,93,2026-08-28 23:00:00,1,3.63,2.61,0.46,5.78,Apple Pay,Delivered
2857,1212,54,2026-03-25 17:08:00,1,5.49,3.16,0.0,8.65,Debit Card,Cancelled
2858,681,30,2026-05-23 21:13:00,1,3.16,2.05,0.0,5.21,Debit Card,Delivered
2859,1392,42,2026-04-14 18:00:00,1,6.58,3.4,0.0,9.98,Credit Card,Delivered
2860,1242,114,2026-02-23 21:35:00,1,2.63,2.96,0.0,5.59,Debit Card,Delivered
2861,1141,82,2026-03-19 15:19:00,2,12.18,2.35,0.0,14.53,Google Pay,Delivered
2862,676,39,2025-12-13 08:34:00,1,11.51,3.03,0.0,14.54,PayPal,Delivered
2863,1423,52,2026-01-01 18:35:00,1,4.28,2.58,0.0,6.86,Credit Card,Delivered
2864,878,67,2026-08-14 19:35:00,1,2.46,2.59,0.0,5.05,PayPal,Delivered
2865,655,46,2026-04-28 12:32:00,3,23.64,2.82,0.0,26.46,Debit Card,Delivered
2866,522,65,2026-07-12 20:00:00,1,3.71,2.29,0.0,6.0,PayPal,Delivered
2867,1371,83,2025-10-23 22:44:00,1,5.9,2.26,0.0,8.16,Apple Pay,Delivered
2868,382,63,2026-01-20 22:11:00,1,6.89,4.15,0.0,11.04,PayPal,Refunded
2869,1315,109,2025-11-22 15:32:00,2,14.12,3.01,0.0,17.13,Google Pay,Delivered
2870,343,106,2026-08-14 15:32:00,1,2.11,2.37,0.0,4.48,PayPal,Delivered
2871,1144,81,2026-08-30 22:05:00,2,35.22,2.61,3.15,34.68,Debit Card,Delivered
2872,424,2,2026-01-01 23:17:00,1,4.04,2.09,0.0,6.13,Debit Card,Delivered
2873,1253,30,2026-06-24 11:00:00,1,2.45,2.66,0.3,4.81,Google Pay,Delivered
2874,1254,3,2026-05-09 11:12:00,1,5.22,2.51,0.0,7.73,Credit Card,Delivered
2875,1096,53,2026-08-10 11:00:00,1,9.44,2.48,0.0,11.92,Credit Card,Delivered
2876,1489,77,2026-03-25 17:17:00,1,4.06,2.95,0.0,7.01,Apple Pay,Delivered
2877,769,70,2025-11-19 21:34:00,2,12.73,2.58,0.88,14.43,Debit Card,Delivered
2878,1259,50,2026-03-14 11:03:00,1,11.15,1.72,0.0,12.87,Credit Card,Delivered
2879,829,51,2026-05-23 21:10:00,1,13.19,2.53,0.0,15.72,Apple Pay,Delivered
2880,59,112,2026-05-29 12:30:00,1,4.68,2.39,0.0,7.07,Credit Card,Delivered
2881,627,106,2025-10-14 10:20:00,2,4.7,2.14,0.0,6.84,Apple Pay,Delivered
2882,49,28,2026-04-07 20:00:00,3,25.74,2.38,0.0,28.12,Debit Card,Delivered
2883,997,49,2026-01-08 20:03:00,1,9.34,2.69,0.0,12.03,Apple Pay,Delivered
2884,229,55,2026-05-23 13:15:00,2,25.06,2.7,0.0,27.76,Apple Pay,Cancelled
2885,488,71,2025-12-29 14:19:00,1,6.1,1.93,0.0,8.03,Credit Card,Delivered
2886,1308,89,2026-02-17 14:01:00,1,10.37,2.33,0.83,11.87,Apple Pay,Delivered
2887,1110,117,2026-08-31 23:00:00,1,10.57,2.88,0.0,13.45,PayPal,Delivered
2888,505,9,2026-03-27 22:00:00,2,9.36,2.39,0.0,11.75,Google Pay,Cancelled
2889,758,26,2026-02-22 19:56:00,1,4.94,2.36,0.0,7.3,Credit Card,Delivered
2890,872,2,2025-11-16 23:02:00,1,6.06,3.08,0.0,9.14,Apple Pay,Delivered
2891,530,32,2025-10-11 19:10:00,3,29.94,2.82,3.56,29.2,Cash,Cancelled
2892,1125,76,2026-08-29 12:00:00,2,12.42,3.61,1.88,14.15,Apple Pay,Delivered
2893,221,65,2026-02-14 18:01:00,1,3.23,3.29,0.0,6.52,Google Pay,Delivered
2894,640,10,2025-10-30 22:37:00,3,12.18,2.54,0.0,14.72,Debit Card,Delivered
2895,384,66,2025-09-12 20:22:00,2,5.34,2.62,0.0,7.96,Apple Pay,Delivered
2896,1019,88,2026-07-04 23:01:00,2,23.42,2.77,0.0,26.19,PayPal,Delivered
2897,961,4,2026-08-21 19:36:00,1,2.46,2.95,0.0,5.41,Debit Card,Delivered
2898,1211,47,2026-03-06 22:04:00,2,14.61,2.17,2.08,14.7,PayPal,Delivered
2899,555,109,2026-04-09 21:36:00,1,4.03,3.3,0.0,7.33,Debit Card,Delivered
2900,347,64,2025-10-31 22:39:00,1,5.14,3.17,0.0,8.31,Google Pay,Delivered
2901,50,78,2025-09-30 23:20:00,1,4.01,2.44,0.0,6.45,Apple Pay,Delivered
2902,1291,66,2025-09-30 14:36:00,3,14.97,2.2,0.0,17.17,Google Pay,Cancelled
2903,495,8,2025-11-09 20:02:00,1,3.17,2.72,0.0,5.89,PayPal,Delivered
2904,1132,93,2025-10-11 13:52:00,1,3.59,2.82,0.0,6.41,Google Pay,Delivered
2905,550,85,2026-05-27 22:55:00,1,8.11,3.11,0.0,11.22,Debit Card,Cancelled
2906,499,14,2026-06-09 19:10:00,2,19.08,1.55,0.0,20.63,PayPal,Delivered
2907,352,91,2026-05-26 12:30:00,2,23.67,2.74,0.0,26.41,Debit Card,Delivered
2908,1173,120,2026-08-26 16:00:00,1,3.61,3.3,0.0,6.91,PayPal,Delivered
2909,430,106,2026-01-12 12:46:00,1,3.23,1.74,0.0,4.97,Credit Card,Refunded
2910,445,56,2026-01-09 17:12:00,1,4.64,3.02,0.0,7.66,Apple Pay,Delivered
2911,1058,116,2025-10-25 11:23:00,1,4.37,2.57,0.51,6.43,Debit Card,Delivered
2912,777,49,2026-02-20 23:22:00,2,24.32,2.38,0.0,26.7,Cash,Delivered
2913,1120,68,2026-03-15 20:49:00,1,12.86,2.65,1.92,13.59,Google Pay,Delivered
2914,156,95,2025-11-14 23:31:00,1,11.01,3.39,0.0,14.4,PayPal,Delivered
2915,1439,64,2025-12-10 12:47:00,2,12.94,3.42,0.0,16.36,Credit Card,Delivered
2916,356,4,2026-02-19 15:04:00,1,2.34,2.39,0.0,4.73,PayPal,Delivered
2917,178,110,2025-10-06 23:05:00,1,4.43,3.36,0.0,7.79,Apple Pay,Delivered
2918,165,74,2026-04-03 21:56:00,3,46.74,1.1,0.0,47.84,Debit Card,Delivered
2919,468,26,2026-01-05 11:03:00,1,4.84,2.8,0.0,7.64,PayPal,Delivered
2920,636,83,2026-05-20 22:40:00,2,12.4,3.4,0.0,15.8,Google Pay,Delivered
2921,116,46,2026-08-10 13:00:00,2,13.33,2.81,0.0,16.14,Credit Card,Delivered
2922,934,119,2026-06-13 13:00:00,2,7.2,2.2,0.0,9.4,Debit Card,Delivered
2923,920,74,2026-01-09 21:49:00,2,12.5,2.77,0.0,15.27,Google Pay,Delivered
2924,1166,46,2026-03-12 21:28:00,3,18.8,2.7,0.0,21.5,Debit Card,Delivered
2925,25,34,2025-09-15 20:16:00,2,5.1,2.65,0.31,7.44,Google Pay,Delivered
2926,145,15,2026-08-01 08:00:00,1,13.6,2.35,2.68,13.27,PayPal,Delivered
2927,309,117,2026-05-24 13:00:00,1,5.72,3.87,0.0,9.59,Debit Card,Delivered
2928,658,65,2025-12-13 14:56:00,2,7.24,2.01,0.55,8.7,Cash,Cancelled
2929,881,60,2026-04-06 15:34:00,1,2.19,3.35,0.0,5.54,Credit Card,Delivered
2930,303,50,2025-11-29 11:27:00,1,10.45,2.77,0.95,12.27,Debit Card,Delivered
2931,539,71,2026-03-12 20:39:00,2,25.88,2.52,0.0,28.4,Credit Card,Delivered
2932,771,111,2026-05-11 22:31:00,3,34.35,1.9,0.0,36.25,Cash,Delivered
2933,817,77,2026-05-05 23:25:00,1,4.32,3.28,0.0,7.6,Credit Card,Delivered
2934,790,108,2026-03-13 21:09:00,2,36.54,2.07,1.93,36.68,Credit Card,Cancelled
2935,961,4,2026-03-28 13:26:00,3,9.81,1.68,1.68,9.81,Credit Card,Delivered
2936,1134,34,2026-02-09 18:16:00,2,7.4,2.43,0.0,9.83,PayPal,Delivered
2937,1259,45,2026-03-01 22:19:00,1,3.38,1.88,0.0,5.26,Credit Card,Delivered
2938,1449,21,2026-06-18 11:18:00,3,10.59,3.18,1.89,11.88,Debit Card,Delivered
2939,590,88,2026-02-21 13:05:00,1,5.9,3.19,0.0,9.09,PayPal,Delivered
2940,493,3,2026-01-07 13:31:00,2,29.82,2.21,0.0,32.03,PayPal,Delivered
2941,419,33,2026-08-17 20:08:00,3,10.74,2.01,0.0,12.75,PayPal,Delivered
2942,526,65,2026-08-01 23:24:00,1,3.58,2.46,0.0,6.04,PayPal,Refunded
2943,809,9,2026-07-12 18:53:00,1,4.7,2.34,0.0,7.04,PayPal,Delivered
2944,907,76,2026-06-27 19:50:00,2,9.84,2.68,1.76,10.76,Google Pay,Delivered
2945,105,86,2026-01-18 20:58:00,2,5.14,2.45,0.0,7.59,PayPal,Delivered
2946,1499,65,2026-08-17 22:08:00,1,5.06,2.52,0.0,7.58,Apple Pay,Delivered
2947,63,74,2026-04-27 13:49:00,1,4.01,2.86,0.0,6.87,Debit Card,Delivered
2948,602,29,2026-07-23 20:48:00,1,5.36,1.95,0.0,7.31,Google Pay,Delivered
2949,679,99,2025-09-08 23:18:00,1,3.86,2.35,0.0,6.21,Apple Pay,Delivered
2950,518,27,2025-10-10 23:21:00,1,2.84,2.52,0.55,4.81,PayPal,Delivered
2951,328,93,2025-09-08 15:10:00,2,6.95,2.64,0.0,9.59,Debit Card,Delivered
2952,796,65,2026-08-30 12:57:00,1,4.72,2.44,0.0,7.16,Credit Card,Delivered
2953,11,65,2025-12-26 23:30:00,1,3.82,2.16,0.0,5.98,Cash,Delivered
2954,1116,88,2025-09-15 22:17:00,2,19.8,3.38,0.0,23.18,Credit Card,Delivered
2955,1020,40,2026-06-03 11:05:00,1,3.05,3.36,0.0,6.41,PayPal,Delivered
2956,1157,99,2026-06-18 11:30:00,2,28.52,3.22,0.0,31.74,Debit Card,Delivered
2957,1225,72,2026-08-04 13:54:00,1,4.38,3.05,0.0,7.43,Debit Card,Delivered
2958,1332,52,2026-03-31 20:22:00,2,10.68,2.24,0.0,12.92,Debit Card,Delivered
2959,222,85,2026-05-08 14:46:00,1,3.7,3.19,0.0,6.89,PayPal,Delivered
2960,1253,62,2026-08-22 13:00:00,1,3.71,2.99,0.0,6.7,Credit Card,Cancelled
2961,846,51,2026-05-16 21:58:00,1,5.68,2.53,0.0,8.21,Credit Card,Cancelled
2962,186,7,2026-03-08 13:38:00,1,13.93,3.04,0.0,16.97,PayPal,Delivered
2963,1476,9,2025-09-12 23:51:00,1,4.94,2.23,0.0,7.17,Apple Pay,Delivered
2964,1218,74,2025-11-01 16:36:00,1,4.55,3.15,0.0,7.7,PayPal,Delivered
2965,404,88,2026-08-08 16:24:00,1,9.75,3.22,0.0,12.97,Cash,Delivered
2966,1336,42,2025-09-19 23:02:00,2,8.36,3.09,0.0,11.45,Credit Card,Delivered
2967,1097,20,2026-05-13 12:00:00,3,21.96,2.46,3.6,20.82,PayPal,Delivered
2968,671,90,2026-06-20 12:13:00,2,24.98,3.01,0.0,27.99,Debit Card,Delivered
2969,244,4,2026-08-12 16:50:00,1,3.35,2.66,0.0,6.01,Credit Card,Delivered
2970,1097,117,2026-02-11 20:34:00,3,30.07,1.52,0.0,31.59,Google Pay,Delivered
2971,1399,108,2025-10-22 18:35:00,3,54.69,1.68,0.0,56.37,Credit Card,Delivered
2972,290,99,2026-04-03 23:58:00,1,11.79,3.52,0.0,15.31,PayPal,Delivered
2973,1,34,2025-09-13 23:52:00,1,2.92,2.94,0.0,5.86,Credit Card,Delivered
2974,345,8,2026-01-10 10:40:00,1,10.04,2.1,0.0,12.14,Debit Card,Delivered
2975,443,86,2026-03-26 12:19:00,1,8.55,1.47,0.0,10.02,Apple Pay,Delivered
2976,569,17,2026-07-19 19:06:00,4,39.19,2.17,0.0,41.36,Apple Pay,Delivered
2977,1465,55,2026-08-17 23:00:00,1,6.26,3.61,0.0,9.87,Apple Pay,Delivered
2978,1446,92,2026-04-10 13:59:00,2,12.04,3.45,0.0,15.49,Credit Card,Delivered
2979,1007,101,2025-09-12 14:27:00,2,14.24,2.7,0.0,16.94,Credit Card,Delivered
2980,327,8,2026-02-17 13:58:00,1,2.04,2.58,0.36,4.26,Apple Pay,Delivered
2981,318,28,2026-05-02 23:10:00,1,9.01,2.39,0.5,10.9,Credit Card,Cancelled
2982,123,13,2025-09-14 12:03:00,2,7.4,3.19,0.0,10.59,Debit Card,Delivered
2983,1188,80,2026-05-28 19:32:00,2,11.06,2.25,0.0,13.31,Google Pay,Delivered
2984,332,33,2026-08-26 10:22:00,2,7.56,2.54,0.0,10.1,Debit Card,Delivered
2985,1348,65,2025-12-16 20:05:00,1,5.4,2.55,0.45,7.5,Debit Card,Delivered
2986,901,59,2026-08-21 15:00:00,2,12.26,2.45,0.0,14.71,Cash,Delivered
2987,731,65,2026-03-14 19:22:00,1,4.63,2.87,0.9,6.6,Google Pay,Delivered
2988,1394,88,2026-08-02 11:15:00,2,23.48,2.42,0.0,25.9,Credit Card,Delivered
2989,235,26,2026-04-02 11:32:00,3,18.42,4.09,0.0,22.51,Google Pay,Delivered
2990,696,4,2026-06-21 11:50:00,1,2.37,2.66,0.0,5.03,Debit Card,Delivered
2991,388,63,2026-08-05 22:00:00,3,37.29,1.92,2.68,36.53,Apple Pay,Delivered
2992,272,5,2025-12-03 21:21:00,3,37.71,1.41,0.0,39.12,Debit Card,Delivered
2993,1415,83,2026-02-08 12:45:00,2,34.26,1.64,6.14,29.76,Cash,Delivered
2994,908,2,2026-07-27 14:40:00,1,6.98,2.68,0.0,9.66,Apple Pay,Delivered
2995,242,8,2026-04-21 16:11:00,1,4.32,2.21,0.0,6.53,Debit Card,Refunded
2996,162,16,2025-11-17 12:01:00,2,11.92,2.65,0.0,14.57,Debit Card,Delivered
2997,468,26,2026-07-21 22:43:00,3,14.31,2.73,0.0,17.04,Credit Card,Delivered
2998,1251,90,2026-04-16 14:12:00,2,8.06,3.12,0.0,11.18,Credit Card,Delivered
2999,219,101,2026-01-31 20:01:00,1,14.43,3.41,0.0,17.84,Debit Card,Refunded
3000,1113,55,2026-01-19 20:52:00,1,12.56,2.42,0.0,14.98,Debit Card,Delivered
3001,159,119,2026-05-14 22:41:00,1,2.74,2.26,0.0,5.0,PayPal,Delivered
3002,506,37,2026-07-19 21:27:00,1,1.83,1.6,0.0,3.43,PayPal,Delivered
3003,784,92,2026-03-05 10:24:00,1,18.33,2.6,2.6,18.33,Credit Card,Delivered
3004,194,81,2026-07-06 12:52:00,5,79.62,2.67,0.0,82.29,Credit Card,Delivered
3005,596,120,2026-05-17 16:47:00,1,13.3,3.28,0.0,16.58,Credit Card,Refunded
3006,402,16,2025-09-27 11:31:00,2,8.16,3.09,0.0,11.25,Debit Card,Delivered
3007,70,85,2026-06-15 15:33:00,2,7.76,2.21,0.0,9.97,Debit Card,Delivered
3008,2,12,2026-03-25 23:32:00,2,22.54,2.4,0.0,24.94,Credit Card,Delivered
3009,218,88,2026-03-13 13:22:00,1,11.75,2.55,0.0,14.3,Credit Card,Delivered
3010,1123,81,2026-04-12 21:30:00,1,4.73,3.29,0.0,8.02,Credit Card,Delivered
3011,57,40,2026-06-30 13:00:00,1,5.58,3.2,0.0,8.78,Debit Card,Delivered
3012,759,109,2026-07-29 10:38:00,2,8.32,2.76,0.0,11.08,Cash,Delivered
3013,37,70,2026-07-17 12:23:00,1,3.98,3.12,0.0,7.1,Google Pay,Delivered
3014,324,50,2026-08-31 12:49:00,1,10.56,2.15,0.0,12.71,Debit Card,Delivered
3015,268,78,2026-04-08 14:21:00,1,4.74,2.89,0.0,7.63,PayPal,Delivered
3016,510,25,2026-08-19 23:00:00,1,3.15,3.18,0.0,6.33,PayPal,Delivered
3017,1116,112,2026-04-08 20:25:00,2,6.32,3.4,0.0,9.72,Debit Card,Delivered
3018,632,81,2025-12-12 12:56:00,1,6.49,2.42,0.0,8.91,Google Pay,Delivered
3019,23,79,2026-03-05 11:42:00,1,3.25,3.07,0.0,6.32,Debit Card,Delivered
3020,218,83,2026-06-20 23:43:00,1,3.61,3.73,0.65,6.69,Debit Card,Refunded
3021,457,75,2025-11-03 12:36:00,2,5.5,1.92,0.0,7.42,Google Pay,Delivered
3022,418,34,2026-02-14 13:10:00,2,9.63,1.65,0.0,11.28,Debit Card,Delivered
3023,848,7,2026-02-25 22:54:00,1,13.57,3.42,0.0,16.99,PayPal,Delivered
3024,527,26,2026-08-07 19:42:00,2,9.6,2.92,0.0,12.52,Google Pay,Delivered
3025,1116,112,2026-03-15 13:00:00,1,4.63,2.7,0.0,7.33,Debit Card,Delivered
3026,379,32,2026-01-03 20:17:00,2,7.48,3.08,0.0,10.56,Cash,Delivered
3027,1017,89,2026-01-19 15:09:00,5,59.16,1.43,0.0,60.59,Credit Card,Delivered
3028,152,51,2025-12-20 19:08:00,3,41.37,2.08,0.0,43.45,PayPal,Delivered
3029,1483,58,2025-10-25 11:29:00,1,12.99,2.31,0.0,15.3,Credit Card,Delivered
3030,1481,60,2026-05-18 22:47:00,1,4.16,3.06,0.66,6.56,PayPal,Delivered
3031,414,107,2026-06-06 20:40:00,1,17.2,3.32,0.0,20.52,Credit Card,Delivered
3032,352,91,2025-11-12 08:56:00,2,6.38,2.9,0.63,8.65,PayPal,Delivered
3033,1,34,2026-02-14 19:05:00,1,6.03,2.32,0.0,8.35,PayPal,Delivered
3034,1464,32,2026-06-02 14:37:00,1,4.24,2.61,0.0,6.85,Debit Card,Delivered
3035,58,108,2026-05-16 22:17:00,1,13.87,2.79,0.0,16.66,Google Pay,Delivered
3036,4,73,2025-09-30 12:00:00,1,5.67,2.77,0.0,8.44,Google Pay,Delivered
3037,147,65,2025-09-18 14:59:00,2,7.22,2.96,1.05,9.13,Apple Pay,Delivered
3038,443,57,2025-09-26 21:07:00,2,15.02,1.6,0.0,16.62,Apple Pay,Delivered
3039,1463,72,2026-03-05 13:19:00,1,3.0,3.57,0.46,6.11,Credit Card,Delivered
3040,250,94,2026-07-31 14:30:00,1,4.45,2.79,0.0,7.24,Debit Card,Delivered
3041,856,15,2026-08-22 21:00:00,1,10.19,3.61,0.0,13.8,Credit Card,Delivered
3042,976,58,2026-05-14 21:09:00,2,34.68,1.96,0.0,36.64,Debit Card,Delivered
3043,1200,113,2026-05-26 14:14:00,1,2.85,2.32,0.0,5.17,Credit Card,Delivered
3044,1050,41,2026-08-18 17:40:00,1,4.16,3.08,0.0,7.24,Debit Card,Delivered
3045,1478,80,2026-04-01 19:01:00,2,16.02,2.02,1.68,16.36,PayPal,Delivered
3046,993,8,2026-08-15 22:03:00,1,3.86,1.92,0.0,5.78,Credit Card,Delivered
3047,1267,116,2026-02-12 20:17:00,2,6.41,2.75,0.0,9.16,Credit Card,Delivered
3048,480,85,2025-12-06 20:58:00,3,12.06,2.74,0.0,14.8,Apple Pay,Delivered
3049,612,21,2026-08-22 21:09:00,2,21.86,3.21,0.0,25.07,Credit Card,Delivered
3050,1106,86,2026-03-10 14:39:00,1,7.63,2.35,0.0,9.98,Debit Card,Delivered
3051,1314,88,2025-12-28 16:22:00,2,23.84,3.38,0.0,27.22,Google Pay,Delivered
3052,8,8,2026-04-25 21:30:00,1,2.44,1.28,0.0,3.72,Debit Card,Delivered
3053,651,59,2026-08-20 15:00:00,1,5.16,3.43,0.0,8.59,Credit Card,Delivered
3054,1204,34,2026-05-31 18:55:00,1,3.68,2.15,0.0,5.83,Apple Pay,Delivered
3055,171,97,2026-05-28 12:24:00,1,4.24,2.89,0.0,7.13,Apple Pay,Delivered
3056,530,104,2025-09-07 20:02:00,2,22.96,3.1,0.0,26.06,PayPal,Delivered
3057,823,97,2026-03-11 20:16:00,1,8.77,2.09,0.0,10.86,PayPal,Delivered
3058,125,43,2026-07-09 22:19:00,1,12.77,3.37,0.0,16.14,Apple Pay,Delivered
3059,1374,8,2026-04-29 11:54:00,2,8.84,2.65,0.0,11.49,Debit Card,Delivered
3060,552,38,2026-05-22 22:01:00,1,15.2,3.51,0.0,18.71,Debit Card,Delivered
3061,1177,94,2026-08-23 11:17:00,1,2.83,2.74,0.0,5.57,PayPal,Delivered
3062,642,106,2026-01-04 21:10:00,1,8.78,2.35,0.0,11.13,Credit Card,Delivered
3063,603,101,2026-05-12 20:11:00,1,13.02,2.58,2.26,13.34,PayPal,Refunded
3064,1449,21,2025-09-11 15:59:00,1,5.49,2.51,0.0,8.0,Google Pay,Delivered
3065,1283,59,2025-10-27 22:45:00,1,4.25,2.69,0.0,6.94,PayPal,Delivered
3066,774,11,2026-05-13 17:56:00,1,18.61,3.15,0.0,21.76,Credit Card,Delivered
3067,697,86,2025-11-16 10:48:00,3,22.86,2.62,0.0,25.48,PayPal,Delivered
3068,1172,48,2026-06-15 18:51:00,2,14.2,1.91,0.0,16.11,Google Pay,Delivered
3069,1027,26,2026-07-15 19:33:00,1,4.81,3.05,0.0,7.86,Credit Card,Delivered
3070,1469,34,2026-07-24 21:31:00,1,3.15,2.41,0.0,5.56,PayPal,Delivered
3071,500,45,2025-09-19 14:20:00,1,3.84,1.61,0.44,5.01,Credit Card,Delivered
3072,170,26,2025-12-28 11:04:00,1,12.04,3.44,0.0,15.48,Apple Pay,Delivered
3073,293,101,2026-03-07 14:50:00,1,4.73,2.77,0.84,6.66,Credit Card,Delivered
3074,792,39,2025-09-06 20:22:00,1,10.42,2.72,0.0,13.14,PayPal,Delivered
3075,471,15,2026-07-29 19:40:00,1,3.92,3.29,0.57,6.64,PayPal,Delivered
3076,1214,65,2026-08-19 22:57:00,2,7.1,2.22,0.0,9.32,Debit Card,Delivered
3077,1313,92,2026-06-11 13:22:00,1,7.27,2.5,0.0,9.77,Google Pay,Delivered
3078,281,90,2025-12-11 19:08:00,1,6.6,1.88,0.0,8.48,Google Pay,Delivered
3079,1485,44,2025-10-13 23:23:00,1,3.15,2.76,0.0,5.91,Debit Card,Delivered
3080,947,1,2026-06-29 14:57:00,1,3.47,2.75,0.0,6.22,Debit Card,Delivered
3081,396,85,2026-05-29 16:00:00,1,12.2,1.86,0.0,14.06,PayPal,Delivered
3082,302,112,2026-08-13 23:15:00,1,4.12,2.37,0.24,6.25,Debit Card,Delivered
3083,249,65,2026-01-18 12:03:00,2,10.9,2.67,0.0,13.57,Debit Card,Delivered
3084,707,37,2026-08-16 19:00:00,2,4.55,2.16,0.0,6.71,Credit Card,Delivered
3085,107,53,2026-07-28 15:08:00,1,12.07,2.52,0.0,14.59,Credit Card,Delivered
3086,197,87,2025-10-10 11:16:00,1,4.98,2.91,0.0,7.89,PayPal,Delivered
3087,1131,103,2026-03-29 21:14:00,1,4.58,3.25,0.0,7.83,Debit Card,Delivered
3088,734,17,2026-02-20 13:02:00,2,7.48,2.62,0.0,10.1,Credit Card,Refunded
3089,793,67,2026-03-20 22:55:00,1,2.08,2.7,0.0,4.78,Google Pay,Delivered
3090,488,111,2026-01-25 16:23:00,1,7.09,3.02,0.0,10.11,Debit Card,Delivered
3091,835,113,2025-09-04 12:49:00,2,16.52,1.53,0.0,18.05,Credit Card,Cancelled
3092,515,65,2026-04-15 13:31:00,4,12.13,2.74,0.0,14.87,PayPal,Delivered
3093,68,65,2026-05-28 22:00:00,1,5.38,1.99,0.0,7.37,Google Pay,Delivered
3094,853,42,2026-05-29 15:00:00,2,12.98,2.92,0.0,15.9,Google Pay,Delivered
3095,122,49,2026-01-29 13:00:00,2,10.92,3.22,0.0,14.14,Debit Card,Delivered
3096,1034,16,2026-06-19 13:00:00,3,12.21,2.7,0.0,14.91,Apple Pay,Delivered
3097,1372,64,2026-05-23 19:35:00,5,21.09,3.52,0.0,24.61,PayPal,Delivered
3098,1002,59,2026-03-07 13:00:00,1,4.66,2.01,0.0,6.67,PayPal,Delivered
3099,866,105,2026-03-09 23:22:00,1,2.65,2.98,0.0,5.63,Debit Card,Delivered
3100,1447,16,2026-02-26 11:01:00,1,5.4,2.99,0.0,8.39,Credit Card,Delivered
3101,329,21,2026-07-09 12:48:00,2,11.0,1.71,0.0,12.71,Apple Pay,Delivered
3102,1161,13,2025-10-08 16:21:00,2,17.35,2.99,0.0,20.34,PayPal,Delivered
3103,312,85,2025-09-13 13:58:00,2,9.59,1.51,0.0,11.1,Debit Card,Cancelled
3104,1,34,2026-07-14 21:19:00,1,3.86,2.37,0.0,6.23,PayPal,Delivered
3105,362,100,2025-12-27 22:29:00,1,3.83,2.96,0.0,6.79,Debit Card,Delivered
3106,754,53,2026-05-20 20:29:00,1,9.43,2.53,0.0,11.96,Google Pay,Delivered
3107,96,21,2026-04-07 22:10:00,1,5.05,2.85,0.0,7.9,Credit Card,Delivered
3108,419,111,2026-08-16 21:00:00,1,3.44,3.73,0.0,7.17,Credit Card,Delivered
3109,75,78,2026-05-01 12:53:00,1,15.84,2.57,0.0,18.41,PayPal,Delivered
3110,365,49,2025-11-29 11:51:00,1,10.81,2.32,0.76,12.37,Credit Card,Delivered
3111,1080,17,2026-06-26 20:00:00,2,8.14,3.42,0.0,11.56,Credit Card,Delivered
3112,229,49,2025-12-21 23:45:00,1,4.69,2.86,0.0,7.55,Credit Card,Delivered
3113,396,94,2026-01-24 22:25:00,2,7.78,3.16,0.0,10.94,Apple Pay,Delivered
3114,204,99,2026-03-18 20:08:00,1,4.76,2.13,0.0,6.89,Cash,Delivered
3115,577,105,2025-09-27 12:42:00,1,3.06,1.87,0.0,4.93,PayPal,Delivered
3116,1142,37,2025-09-12 21:24:00,2,4.2,1.98,0.6,5.58,Apple Pay,Delivered
3117,807,7,2026-05-14 20:22:00,1,10.87,2.7,2.02,11.55,Google Pay,Delivered
3118,301,34,2025-10-03 23:04:00,2,5.12,2.08,0.56,6.64,Apple Pay,Delivered
3119,481,85,2026-07-27 21:14:00,2,26.08,2.48,0.0,28.56,Debit Card,Delivered
3120,1006,52,2026-04-23 12:24:00,1,12.57,1.94,0.0,14.51,Credit Card,Delivered
3121,719,21,2026-06-25 20:44:00,2,9.46,2.86,0.0,12.32,PayPal,Delivered
3122,690,74,2026-02-20 15:23:00,1,4.69,2.73,0.0,7.42,Google Pay,Delivered
3123,1298,120,2026-05-16 16:11:00,1,6.48,1.93,1.18,7.23,Google Pay,Refunded
3124,1229,64,2026-04-20 20:00:00,1,5.95,2.95,0.0,8.9,Credit Card,Delivered
3125,367,27,2026-04-20 22:02:00,2,4.5,2.24,0.0,6.74,Google Pay,Delivered
3126,1057,105,2025-12-23 21:27:00,2,8.6,3.28,0.99,10.89,Credit Card,Delivered
3127,1187,85,2026-06-09 10:29:00,1,11.85,2.47,0.0,14.32,PayPal,Delivered
3128,1350,109,2026-01-13 12:42:00,1,6.01,3.16,0.0,9.17,Google Pay,Delivered
3129,396,61,2026-06-11 14:02:00,2,30.18,2.03,0.0,32.21,Debit Card,Delivered
3130,1092,21,2026-07-24 20:37:00,1,4.97,2.44,0.0,7.41,PayPal,Delivered
3131,281,36,2025-09-04 20:47:00,3,14.4,3.04,0.0,17.44,Credit Card,Delivered
3132,667,84,2025-09-23 18:48:00,1,1.74,2.78,0.0,4.52,Cash,Delivered
3133,109,43,2026-01-09 16:58:00,2,6.24,3.21,0.0,9.45,Credit Card,Delivered
3134,906,44,2026-03-21 21:40:00,1,3.23,2.91,0.0,6.14,PayPal,Delivered
3135,1027,63,2026-07-14 11:56:00,2,30.8,2.02,0.0,32.82,Credit Card,Delivered
3136,671,43,2026-02-08 20:20:00,2,11.32,2.22,0.0,13.54,Credit Card,Delivered
3137,618,65,2026-07-08 21:08:00,3,15.21,3.06,0.0,18.27,Credit Card,Delivered
3138,364,83,2026-05-25 13:00:00,1,4.42,2.18,0.0,6.6,Credit Card,Delivered
3139,1156,100,2026-05-18 13:55:00,1,3.28,2.7,0.0,5.98,Credit Card,Delivered
3140,1366,45,2026-07-30 20:07:00,1,3.71,2.87,0.69,5.89,Credit Card,Delivered
3141,200,14,2025-12-22 12:06:00,1,9.18,2.18,0.0,11.36,Google Pay,Delivered
3142,414,107,2026-05-03 18:44:00,2,8.82,2.94,0.0,11.76,Credit Card,Delivered
3143,906,55,2026-06-19 22:21:00,1,6.05,2.13,0.0,8.18,PayPal,Delivered
3144,549,48,2026-08-20 11:30:00,3,21.36,2.14,0.0,23.5,PayPal,Delivered
3145,20,44,2025-11-24 22:05:00,1,6.11,2.36,0.0,8.47,Apple Pay,Cancelled
3146,32,103,2026-06-15 13:25:00,1,8.96,2.17,0.0,11.13,Debit Card,Refunded
3147,351,3,2025-11-21 18:49:00,1,4.51,2.99,0.0,7.5,Credit Card,Delivered
3148,1452,21,2026-08-18 12:34:00,3,13.77,3.03,0.0,16.8,Credit Card,Delivered
3149,915,103,2026-03-16 21:13:00,3,6.57,2.26,0.0,8.83,Credit Card,Delivered
3150,383,106,2026-07-17 23:09:00,1,2.92,2.43,0.21,5.14,PayPal,Delivered
3151,85,83,2026-03-28 14:39:00,4,55.52,1.58,0.0,57.1,PayPal,Delivered
3152,1135,103,2025-09-28 23:42:00,1,3.86,2.34,0.0,6.2,Apple Pay,Delivered
3153,566,28,2026-01-07 21:45:00,1,9.14,2.3,0.81,10.63,Apple Pay,Delivered
3154,591,101,2026-04-11 23:07:00,1,4.73,2.64,0.0,7.37,Google Pay,Delivered
3155,843,4,2026-04-10 20:22:00,3,10.32,1.65,0.0,11.97,Credit Card,Delivered
3156,343,8,2026-03-20 20:03:00,2,7.35,3.16,0.0,10.51,Apple Pay,Delivered
3157,1092,21,2026-05-17 23:47:00,1,3.46,3.24,0.0,6.7,Credit Card,Delivered
3158,471,52,2026-03-30 21:15:00,2,10.68,3.66,0.0,14.34,Google Pay,Delivered
3159,1059,118,2025-11-05 22:19:00,1,4.31,3.28,0.86,6.73,PayPal,Delivered
3160,777,49,2025-09-29 13:33:00,2,7.8,2.89,0.52,10.17,PayPal,Delivered
3161,223,28,2026-06-19 12:00:00,2,18.22,1.89,3.32,16.79,PayPal,Delivered
3162,936,91,2025-10-21 20:46:00,1,5.64,3.22,0.34,8.52,PayPal,Delivered
3163,113,24,2026-05-14 13:27:00,2,9.1,3.12,0.0,12.22,PayPal,Delivered
3164,1073,66,2026-08-23 16:33:00,2,5.5,2.23,0.0,7.73,Google Pay,Delivered
3165,565,49,2026-08-05 22:42:00,2,18.82,2.99,0.0,21.81,Debit Card,Delivered
3166,1006,12,2026-07-16 20:00:00,3,12.42,2.74,0.0,15.16,Apple Pay,Delivered
3167,362,100,2026-07-20 23:02:00,1,3.07,2.74,0.0,5.81,Debit Card,Cancelled
3168,611,58,2026-04-29 14:05:00,1,17.37,3.05,0.0,20.42,Credit Card,Delivered
3169,459,37,2025-10-18 13:48:00,1,1.74,2.51,0.0,4.25,Debit Card,Cancelled
3170,377,26,2026-04-03 13:52:00,2,5.62,2.67,0.65,7.64,Credit Card,Delivered
3171,514,20,2026-03-27 23:15:00,3,38.04,2.19,0.0,40.23,Debit Card,Delivered
3172,81,73,2026-03-20 16:01:00,1,6.85,2.18,0.0,9.03,Credit Card,Delivered
3173,596,117,2026-06-20 22:40:00,1,4.63,3.0,0.0,7.63,Apple Pay,Delivered
3174,185,57,2026-08-26 14:59:00,1,3.47,2.4,0.0,5.87,PayPal,Delivered
3175,778,116,2025-11-27 13:06:00,1,7.03,2.5,0.0,9.53,Credit Card,Delivered
3176,136,36,2025-09-07 21:05:00,4,13.84,3.26,0.0,17.1,PayPal,Delivered
3177,14,11,2026-08-28 20:00:00,1,13.29,2.13,0.0,15.42,Cash,Delivered
3178,659,96,2025-10-11 19:36:00,1,13.7,2.93,0.0,16.63,Credit Card,Delivered
3179,448,21,2026-02-04 16:27:00,1,4.14,2.84,0.0,6.98,Debit Card,Delivered
3180,1316,73,2026-08-07 17:28:00,1,6.83,3.4,0.0,10.23,Google Pay,Delivered
3181,397,10,2026-05-01 22:28:00,1,3.67,3.15,0.0,6.82,Credit Card,Delivered
3182,599,75,2026-08-09 12:59:00,3,19.83,1.6,1.92,19.51,Google Pay,Delivered
3183,355,12,2025-09-12 11:16:00,3,14.73,2.49,1.95,15.27,Cash,Delivered
3184,1335,79,2026-05-16 08:05:00,1,8.53,3.13,0.59,11.07,Debit Card,Delivered
3185,1183,90,2025-12-25 18:31:00,3,9.81,2.7,0.0,12.51,Debit Card,Delivered
3186,258,100,2025-09-28 22:28:00,1,2.82,2.32,0.0,5.14,Cash,Delivered
3187,377,63,2025-12-22 20:16:00,1,7.71,3.04,0.0,10.75,Credit Card,Delivered
3188,280,46,2026-08-07 23:57:00,1,15.52,3.55,0.0,19.07,Debit Card,Delivered
3189,227,109,2026-01-31 20:09:00,1,7.52,2.42,1.17,8.77,Credit Card,Refunded
3190,362,100,2026-08-01 18:08:00,3,11.49,2.34,0.0,13.83,Apple Pay,Delivered
3191,1278,83,2025-10-14 19:08:00,1,4.37,2.67,0.0,7.04,PayPal,Delivered
3192,689,48,2026-04-28 22:56:00,1,2.15,2.02,0.0,4.17,Google Pay,Delivered
3193,575,46,2026-02-07 09:53:00,1,6.62,3.17,0.0,9.79,Credit Card,Refunded
3194,287,109,2025-12-19 17:57:00,2,14.42,2.62,0.0,17.04,PayPal,Refunded
3195,277,24,2026-08-30 15:00:00,1,10.1,2.72,0.0,12.82,Apple Pay,Delivered
3196,833,15,2026-04-15 23:01:00,1,3.89,3.33,0.0,7.22,Debit Card,Delivered
3197,1127,50,2025-09-10 13:23:00,1,4.54,2.06,0.4,6.2,Google Pay,Delivered
3198,837,27,2026-04-27 10:28:00,2,15.28,2.69,0.0,17.97,Credit Card,Delivered
3199,986,16,2025-12-19 20:15:00,3,15.93,3.21,0.0,19.14,Credit Card,Delivered
3200,393,118,2026-06-21 20:36:00,1,3.92,2.32,0.0,6.24,Debit Card,Delivered
3201,1418,74,2025-11-04 14:36:00,1,3.97,3.37,0.59,6.75,Apple Pay,Delivered
3202,1234,73,2026-07-21 19:00:00,1,2.41,2.27,0.0,4.68,Apple Pay,Delivered
3203,1317,108,2026-08-21 20:20:00,1,13.81,2.24,2.15,13.9,Google Pay,Delivered
3204,1002,60,2026-07-06 14:00:00,1,4.19,2.34,0.0,6.53,PayPal,Delivered
3205,1042,95,2025-10-18 16:17:00,2,9.38,2.44,0.0,11.82,Google Pay,Delivered
3206,107,53,2026-03-20 12:10:00,1,11.91,2.54,0.0,14.45,PayPal,Delivered
3207,242,8,2026-04-18 21:58:00,1,2.6,1.87,0.0,4.47,Google Pay,Delivered
3208,199,91,2026-07-26 15:00:00,2,7.78,3.02,0.0,10.8,Google Pay,Delivered
3209,725,13,2026-01-25 20:59:00,1,4.19,2.71,0.0,6.9,Debit Card,Delivered
3210,882,87,2025-10-10 16:45:00,1,6.94,2.89,0.0,9.83,Credit Card,Delivered
3211,179,68,2025-12-14 12:07:00,1,3.93,3.21,0.0,7.14,Cash,Delivered
3212,1128,73,2025-09-21 21:27:00,2,13.7,3.37,0.0,17.07,Debit Card,Delivered
3213,825,10,2026-07-09 16:41:00,1,5.58,2.71,0.0,8.29,Apple Pay,Delivered
3214,894,99,2026-06-11 13:00:00,1,6.75,2.51,0.0,9.26,Debit Card,Delivered
3215,1376,78,2026-05-01 23:53:00,1,3.28,3.08,0.0,6.36,Debit Card,Delivered
3216,877,61,2025-12-04 22:50:00,1,5.85,3.18,0.0,9.03,Debit Card,Delivered
3217,6,103,2026-04-15 21:58:00,1,3.8,2.52,0.48,5.84,Debit Card,Delivered
3218,1154,25,2025-10-04 19:17:00,1,3.67,2.79,0.0,6.46,PayPal,Delivered
3219,1315,36,2025-10-05 20:17:00,1,11.69,2.68,0.0,14.37,Apple Pay,Delivered
3220,126,15,2025-12-25 14:37:00,1,4.89,2.43,0.64,6.68,PayPal,Delivered
3221,809,45,2025-12-04 13:47:00,1,8.5,2.28,0.0,10.78,PayPal,Delivered
3222,705,41,2025-12-27 20:16:00,1,5.52,2.76,0.0,8.28,Debit Card,Delivered
3223,227,90,2025-12-10 21:19:00,1,5.71,3.02,0.58,8.15,Debit Card,Delivered
3224,415,43,2026-05-12 18:20:00,1,7.81,3.1,0.0,10.91,Credit Card,Delivered
3225,1284,49,2026-02-06 22:37:00,1,4.04,2.39,0.0,6.43,Apple Pay,Refunded
3226,588,114,2025-10-27 15:06:00,4,39.89,1.61,0.0,41.5,Apple Pay,Delivered
3227,806,78,2026-08-03 15:30:00,3,16.56,2.47,0.87,18.16,Credit Card,Delivered
3228,1166,46,2026-04-20 16:14:00,1,8.02,2.78,0.0,10.8,PayPal,Delivered
3229,673,75,2026-01-28 21:42:00,1,7.62,2.54,0.0,10.16,Debit Card,Delivered
3230,1337,71,2026-03-05 10:44:00,2,12.04,3.18,0.0,15.22,Cash,Delivered
3231,750,46,2026-06-28 14:00:00,2,29.66,2.82,0.0,32.48,Debit Card,Delivered
3232,1479,76,2026-01-22 21:21:00,1,5.05,2.85,0.0,7.9,Google Pay,Delivered
3233,222,12,2025-09-26 19:06:00,1,4.2,2.25,0.0,6.45,Apple Pay,Delivered
3234,1333,45,2026-07-01 14:13:00,1,10.64,1.98,0.64,11.98,Cash,Delivered
3235,170,26,2026-01-19 20:13:00,3,25.32,2.96,0.0,28.28,Apple Pay,Delivered
3236,1220,112,2026-05-15 22:00:00,1,2.68,4.09,0.23,6.54,PayPal,Delivered
3237,993,106,2025-09-20 18:35:00,1,9.28,2.0,0.0,11.28,Debit Card,Delivered
3238,840,9,2025-10-04 21:39:00,2,8.54,2.5,0.0,11.04,Debit Card,Refunded
3239,1321,94,2026-01-12 13:21:00,1,8.2,2.84,0.0,11.04,Credit Card,Delivered
3240,962,76,2025-09-14 17:17:00,2,6.62,2.69,1.24,8.07,Cash,Delivered
3241,1042,89,2026-08-20 13:33:00,1,14.83,2.52,0.0,17.35,PayPal,Delivered
3242,1132,50,2025-09-15 23:09:00,1,2.94,2.66,0.0,5.6,PayPal,Cancelled
3243,1262,40,2026-03-22 13:46:00,2,29.1,2.31,0.0,31.41,Credit Card,Delivered
3244,349,6,2026-01-07 23:14:00,3,14.01,2.97,0.0,16.98,Debit Card,Delivered
3245,1268,79,2025-11-16 15:41:00,1,8.41,2.25,0.87,9.79,Credit Card,Delivered
3246,884,94,2025-10-22 18:40:00,1,4.59,3.07,0.0,7.66,Credit Card,Delivered
3247,49,7,2026-04-30 19:00:00,1,10.91,2.04,0.0,12.95,PayPal,Delivered
3248,1378,107,2025-09-19 13:32:00,1,4.87,2.9,0.0,7.77,Credit Card,Delivered
3249,1157,38,2026-06-28 13:00:00,1,14.04,2.31,0.0,16.35,PayPal,Delivered
3250,1338,87,2025-11-27 15:02:00,1,4.47,3.15,0.0,7.62,Debit Card,Delivered
3251,1159,61,2025-09-09 21:01:00,1,11.66,3.01,0.0,14.67,Debit Card,Delivered
3252,519,83,2025-10-13 21:08:00,2,8.72,1.71,0.92,9.51,Apple Pay,Cancelled
3253,525,83,2026-07-27 23:52:00,3,51.12,1.26,0.0,52.38,PayPal,Delivered
3254,415,90,2025-11-27 11:06:00,1,5.55,3.13,0.0,8.68,Debit Card,Delivered
3255,615,41,2026-07-14 21:00:00,3,48.42,1.74,0.0,50.16,Google Pay,Delivered
3256,53,8,2026-07-30 13:00:00,1,9.91,2.56,0.0,12.47,Debit Card,Delivered
3257,1119,115,2026-02-27 18:38:00,1,10.28,2.79,0.0,13.07,Apple Pay,Delivered
3258,1129,49,2026-07-09 13:07:00,1,12.35,2.82,2.11,13.06,Apple Pay,Delivered
3259,1480,66,2026-05-20 23:04:00,2,11.22,3.07,0.0,14.29,Credit Card,Delivered
3260,826,100,2026-05-22 18:00:00,2,16.28,2.28,0.0,18.56,Debit Card,Delivered
3261,1482,38,2025-11-13 17:42:00,2,13.2,2.58,0.0,15.78,Credit Card,Delivered
3262,315,14,2026-07-08 14:36:00,1,4.06,2.17,0.0,6.23,Debit Card,Delivered
3263,711,80,2025-09-08 17:06:00,1,8.95,2.59,0.0,11.54,Credit Card,Delivered
3264,1174,1,2026-03-23 12:42:00,2,7.22,1.76,0.0,8.98,Apple Pay,Delivered
3265,1185,41,2026-04-14 20:47:00,2,12.12,3.17,0.0,15.29,Credit Card,Cancelled
3266,1161,62,2026-08-14 19:50:00,1,3.3,2.55,0.0,5.85,Credit Card,Delivered
3267,700,32,2026-07-22 12:00:00,2,6.1,2.78,0.0,8.88,Credit Card,Delivered
3268,110,101,2025-12-15 12:33:00,1,16.07,2.55,1.33,17.29,Apple Pay,Delivered
3269,1299,34,2025-09-05 13:04:00,2,13.0,2.6,0.0,15.6,Credit Card,Delivered
3270,573,52,2025-11-30 17:20:00,2,6.4,3.15,0.0,9.55,PayPal,Refunded
3271,975,65,2026-08-06 13:20:00,1,3.04,2.88,0.0,5.92,Credit Card,Delivered
3272,200,114,2025-09-04 12:08:00,1,3.17,2.23,0.0,5.4,Credit Card,Delivered
3273,1405,41,2026-06-15 11:12:00,1,15.33,3.38,0.0,18.71,Apple Pay,Delivered
3274,386,103,2026-08-08 14:56:00,1,2.61,2.76,0.47,4.9,PayPal,Delivered
3275,1496,55,2025-10-12 20:59:00,1,14.42,2.51,2.75,14.18,PayPal,Delivered
3276,1074,26,2026-01-10 20:31:00,1,6.12,3.17,0.69,8.6,Google Pay,Delivered
3277,496,87,2026-07-25 13:27:00,1,16.51,3.43,0.0,19.94,Google Pay,Delivered
3278,555,36,2026-05-21 16:58:00,1,3.59,2.4,0.0,5.99,Google Pay,Delivered
3279,1469,34,2025-09-26 20:28:00,2,6.34,1.91,0.0,8.25,Credit Card,Delivered
3280,891,97,2026-08-27 14:00:00,1,4.43,2.53,0.0,6.96,Credit Card,Delivered
3281,1039,12,2026-06-21 23:02:00,1,5.31,2.12,0.0,7.43,Cash,Delivered
3282,919,65,2025-12-23 21:08:00,1,5.4,2.62,0.0,8.02,PayPal,Delivered
3283,358,106,2026-01-30 19:29:00,2,7.8,2.61,0.4,10.01,PayPal,Cancelled
3284,199,91,2026-08-09 18:00:00,3,11.7,2.86,0.0,14.56,PayPal,Delivered
3285,5,62,2026-03-10 18:03:00,2,15.36,2.47,0.0,17.83,Apple Pay,Delivered
3286,608,100,2026-06-12 13:43:00,1,2.91,3.12,0.0,6.03,PayPal,Delivered
3287,1026,65,2026-05-02 11:37:00,1,5.02,2.51,0.0,7.53,Credit Card,Delivered
3288,453,34,2026-08-20 22:03:00,1,3.92,1.96,0.56,5.32,Credit Card,Delivered
3289,334,54,2025-10-08 22:58:00,2,13.14,2.98,0.0,16.12,Debit Card,Cancelled
3290,584,66,2026-08-04 23:15:00,1,6.23,3.16,0.0,9.39,Google Pay,Delivered
3291,348,111,2026-07-29 15:19:00,1,3.55,2.56,0.0,6.11,Debit Card,Delivered
3292,653,7,2026-05-21 23:00:00,1,12.83,3.4,0.0,16.23,Google Pay,Refunded
3293,829,51,2025-10-23 21:48:00,3,10.71,2.97,0.0,13.68,PayPal,Delivered
3294,409,2,2025-11-22 16:57:00,2,8.72,2.81,0.0,11.53,Google Pay,Cancelled
3295,47,65,2026-08-10 22:57:00,2,6.6,2.63,0.0,9.23,Google Pay,Delivered
3296,153,2,2025-09-04 23:05:00,1,5.67,2.54,0.0,8.21,Debit Card,Delivered
3297,625,103,2025-10-04 19:58:00,1,2.45,1.98,0.0,4.43,PayPal,Delivered
3298,267,91,2026-08-23 21:00:00,4,52.07,2.58,8.88,45.77,Apple Pay,Delivered
3299,1200,27,2025-11-02 21:44:00,1,1.79,1.81,0.0,3.6,Credit Card,Delivered
3300,248,59,2026-06-16 20:39:00,2,8.62,3.17,0.0,11.79,Credit Card,Delivered
3301,41,15,2025-09-22 16:52:00,1,6.32,3.37,0.0,9.69,Apple Pay,Delivered
3302,930,34,2026-08-19 12:32:00,5,23.05,1.99,4.08,20.96,Google Pay,Delivered
3303,936,91,2026-01-24 23:21:00,2,7.6,3.04,0.0,10.64,Debit Card,Delivered
3304,1008,17,2026-03-14 11:39:00,1,5.02,2.86,0.0,7.88,Debit Card,Delivered
3305,238,98,2026-04-04 12:35:00,2,4.96,2.59,0.0,7.55,Google Pay,Delivered
3306,1021,51,2026-06-24 15:10:00,2,27.68,2.69,0.0,30.37,Credit Card,Delivered
3307,1295,65,2026-04-17 15:39:00,2,8.54,2.43,1.17,9.8,Google Pay,Delivered
3308,908,78,2025-09-23 13:41:00,1,4.65,3.08,0.0,7.73,Credit Card,Delivered
3309,587,116,2026-06-30 11:13:00,1,11.44,2.14,0.0,13.58,Credit Card,Delivered
3310,723,90,2026-03-09 22:00:00,1,13.05,1.96,0.0,15.01,Credit Card,Delivered
3311,1219,89,2026-03-12 18:18:00,2,29.74,2.8,0.0,32.54,Credit Card,Delivered
3312,215,48,2026-07-14 23:31:00,2,20.84,2.23,2.16,20.91,Credit Card,Delivered
3313,1086,119,2026-03-06 22:21:00,1,2.08,2.34,0.0,4.42,PayPal,Delivered
3314,405,80,2026-02-01 18:39:00,1,3.38,2.2,0.0,5.58,Credit Card,Delivered
3315,1317,118,2025-12-29 15:03:00,2,9.88,3.13,0.0,13.01,Google Pay,Delivered
3316,210,93,2026-06-14 13:11:00,1,9.94,2.78,1.37,11.35,Debit Card,Delivered
3317,776,81,2026-04-26 23:27:00,1,17.61,2.95,0.0,20.56,PayPal,Delivered
3318,601,15,2026-06-23 20:40:00,2,24.8,2.15,0.0,26.95,PayPal,Cancelled
3319,730,93,2026-07-29 22:47:00,1,2.54,2.85,0.0,5.39,Credit Card,Delivered
3320,574,113,2026-04-05 23:11:00,2,5.56,1.58,0.0,7.14,PayPal,Refunded
3321,57,40,2026-07-13 13:00:00,2,6.68,2.17,0.0,8.85,Credit Card,Refunded
3322,1287,76,2026-04-05 23:59:00,3,45.63,1.98,6.67,40.94,Apple Pay,Delivered
3323,801,27,2026-01-09 21:37:00,1,2.65,1.83,0.0,4.48,Debit Card,Delivered
3324,901,59,2026-08-22 17:00:00,1,5.16,2.38,0.0,7.54,Credit Card,Delivered
3325,783,52,2026-01-06 23:36:00,1,4.19,2.73,0.0,6.92,Apple Pay,Delivered
3326,794,90,2026-02-22 20:22:00,2,29.22,3.13,0.0,32.35,Credit Card,Delivered
3327,910,17,2025-11-24 15:01:00,1,3.81,2.81,0.0,6.62,Cash,Delivered
3328,630,106,2025-12-26 12:24:00,2,4.08,2.84,0.0,6.92,Debit Card,Delivered
3329,197,118,2026-03-26 21:00:00,1,7.06,2.64,0.78,8.92,Debit Card,Delivered
3330,44,65,2025-10-20 21:07:00,2,7.34,2.23,0.0,9.57,Debit Card,Delivered
3331,810,110,2026-04-20 13:00:00,1,10.1,1.97,0.0,12.07,Debit Card,Delivered
3332,280,10,2026-06-10 15:13:00,3,17.46,2.92,1.3,19.08,Apple Pay,Delivered
3333,682,91,2026-07-02 11:54:00,1,5.29,2.91,0.0,8.2,PayPal,Delivered
3334,908,36,2025-12-26 19:14:00,2,7.1,3.74,0.0,10.84,PayPal,Delivered
3335,894,2,2026-06-05 20:00:00,1,5.65,3.01,0.0,8.66,Credit Card,Delivered
3336,253,53,2026-02-16 22:09:00,1,8.26,1.99,0.0,10.25,Google Pay,Delivered
3337,991,21,2025-11-03 10:34:00,2,10.28,3.22,1.34,12.16,PayPal,Delivered
3338,1412,75,2026-07-18 12:19:00,2,4.0,2.15,0.0,6.15,PayPal,Delivered
3339,543,10,2026-04-14 10:00:00,1,4.86,2.35,0.0,7.21,Credit Card,Delivered
3340,178,103,2026-03-03 23:31:00,2,16.1,2.9,0.0,19.0,Credit Card,Delivered
3341,757,17,2026-01-18 18:57:00,1,8.74,2.92,0.0,11.66,Debit Card,Delivered
3342,926,5,2026-02-19 13:41:00,1,5.11,3.23,0.0,8.34,Apple Pay,Cancelled
3343,593,104,2026-06-04 09:03:00,1,3.68,2.33,0.0,6.01,PayPal,Delivered
3344,899,116,2025-12-05 11:55:00,3,41.19,2.69,2.91,40.97,Credit Card,Delivered
3345,1149,76,2026-08-01 21:05:00,3,9.0,3.04,0.0,12.04,PayPal,Delivered
3346,868,37,2026-08-23 18:28:00,2,4.78,1.94,0.65,6.07,Debit Card,Delivered
3347,1195,68,2026-02-06 21:37:00,1,2.49,3.83,0.0,6.32,Credit Card,Delivered
3348,220,15,2026-01-19 13:32:00,1,13.18,2.91,0.0,16.09,Apple Pay,Delivered
3349,440,3,2025-11-26 16:32:00,1,6.96,2.75,0.0,9.71,Credit Card,Delivered
3350,834,89,2026-06-25 20:42:00,1,3.26,2.54,0.19,5.61,PayPal,Delivered
3351,390,10,2026-05-23 13:58:00,2,7.02,1.59,0.0,8.61,Apple Pay,Delivered
3352,1492,81,2026-02-13 13:13:00,3,13.95,3.19,2.59,14.55,Credit Card,Delivered
3353,1018,46,2026-05-10 12:48:00,1,4.86,2.63,0.0,7.49,PayPal,Delivered
3354,618,65,2026-01-13 21:00:00,3,15.18,2.49,0.0,17.67,Credit Card,Delivered
3355,1162,3,2026-05-07 19:56:00,2,12.88,2.72,0.0,15.6,Apple Pay,Delivered
3356,1475,50,2026-06-27 16:23:00,2,21.08,2.09,0.0,23.17,Credit Card,Cancelled
3357,17,87,2026-02-09 19:43:00,3,52.89,2.03,0.0,54.92,Credit Card,Delivered
3358,836,58,2026-05-02 12:15:00,2,34.44,1.48,0.0,35.92,Credit Card,Delivered
3359,642,8,2026-03-26 21:55:00,1,4.35,1.67,0.0,6.02,Debit Card,Delivered
3360,1133,13,2025-09-27 21:31:00,1,4.94,2.79,0.0,7.73,Debit Card,Delivered
3361,462,90,2025-09-23 12:41:00,2,26.18,2.53,0.0,28.71,Debit Card,Delivered
3362,489,74,2025-12-06 22:13:00,2,30.4,1.04,0.0,31.44,Google Pay,Delivered
3363,1150,68,2026-08-14 15:00:00,2,4.64,2.45,0.0,7.09,Credit Card,Delivered
3364,1336,46,2025-11-09 17:45:00,3,37.03,1.95,0.0,38.98,Credit Card,Delivered
3365,216,34,2026-08-05 19:34:00,1,3.08,2.34,0.0,5.42,Credit Card,Delivered
3366,923,21,2026-04-10 21:10:00,1,9.92,3.32,0.0,13.24,PayPal,Delivered
3367,1168,9,2025-09-16 12:54:00,3,24.42,2.91,0.0,27.33,PayPal,Delivered
3368,247,108,2026-07-27 13:14:00,1,13.89,3.0,0.0,16.89,Google Pay,Delivered
3369,993,106,2025-12-20 23:06:00,1,8.01,2.03,0.0,10.04,Apple Pay,Delivered
3370,1470,117,2026-08-29 23:38:00,1,5.8,2.58,0.0,8.38,PayPal,Delivered
3371,1265,96,2025-11-22 21:33:00,3,41.22,2.0,0.0,43.22,Credit Card,Delivered
3372,292,36,2025-10-01 12:27:00,2,6.82,3.16,0.0,9.98,Apple Pay,Delivered
3373,1486,43,2025-10-18 20:23:00,2,7.82,2.98,0.0,10.8,Credit Card,Delivered
3374,536,56,2026-01-19 17:00:00,3,10.47,2.61,0.0,13.08,Apple Pay,Delivered
3375,715,98,2026-08-06 11:39:00,1,6.65,2.4,0.61,8.44,Apple Pay,Delivered
3376,438,93,2026-03-21 11:12:00,2,17.38,2.33,0.0,19.71,Credit Card,Delivered
3377,1050,116,2025-10-16 22:36:00,1,3.08,1.95,0.0,5.03,Debit Card,Delivered
3378,189,34,2025-12-26 11:53:00,1,3.0,2.19,0.0,5.19,Credit Card,Delivered
3379,1065,14,2026-05-20 13:00:00,1,9.28,2.42,1.07,10.63,Apple Pay,Delivered
3380,83,106,2026-03-19 12:34:00,1,2.98,2.63,0.37,5.24,Debit Card,Delivered
3381,1267,117,2026-07-04 19:41:00,2,34.84,1.35,0.0,36.19,Debit Card,Cancelled
3382,489,74,2025-09-17 21:34:00,4,56.24,1.42,0.0,57.66,PayPal,Delivered
3383,778,20,2025-09-02 13:32:00,2,7.52,3.22,0.0,10.74,Apple Pay,Delivered
3384,343,106,2026-05-21 21:27:00,1,2.94,1.95,0.41,4.48,PayPal,Delivered
3385,162,16,2025-10-10 12:11:00,1,5.54,2.57,0.0,8.11,Apple Pay,Delivered
3386,35,40,2026-05-08 14:40:00,1,2.78,2.87,0.0,5.65,Google Pay,Delivered
3387,1470,117,2026-01-03 13:38:00,1,12.18,3.08,1.82,13.44,Credit Card,Delivered
3388,205,88,2026-01-22 17:24:00,1,9.72,3.32,0.0,13.04,Credit Card,Delivered
3389,86,100,2026-01-02 23:00:00,2,5.82,2.62,0.0,8.44,PayPal,Delivered
3390,771,102,2026-06-10 21:00:00,1,3.73,2.68,0.0,6.41,Credit Card,Delivered
3391,1444,36,2026-06-24 13:00:00,3,14.46,2.69,0.0,17.15,PayPal,Delivered
3392,125,36,2025-09-03 23:06:00,2,26.26,2.52,0.0,28.78,Cash,Delivered
3393,384,66,2026-04-04 20:54:00,2,6.96,2.85,0.84,8.97,Debit Card,Delivered
3394,834,28,2025-10-26 17:03:00,3,38.07,1.63,0.0,39.7,Credit Card,Delivered
3395,739,52,2025-11-04 22:04:00,1,3.09,2.19,0.0,5.28,Cash,Delivered
3396,219,101,2025-11-19 21:13:00,2,6.8,2.14,0.0,8.94,Debit Card,Delivered
3397,1426,40,2026-04-22 21:15:00,1,4.42,2.63,0.0,7.05,Credit Card,Delivered
3398,538,120,2026-06-02 13:18:00,1,2.78,3.04,0.0,5.82,Debit Card,Delivered
3399,1015,65,2026-08-01 12:07:00,1,3.02,2.31,0.0,5.33,Credit Card,Delivered
3400,687,76,2026-08-25 22:06:00,1,10.27,2.15,0.0,12.42,Credit Card,Delivered
3401,879,118,2025-11-23 20:46:00,3,20.46,3.43,1.57,22.32,Credit Card,Delivered
3402,1357,93,2025-11-20 22:55:00,1,8.23,2.29,1.15,9.37,Debit Card,Delivered
3403,489,74,2025-11-17 21:04:00,1,12.98,3.18,0.0,16.16,Debit Card,Delivered
3404,1222,115,2026-08-19 22:00:00,1,10.35,3.22,0.0,13.57,Apple Pay,Delivered
3405,439,57,2026-08-03 15:00:00,1,1.64,2.88,0.0,4.52,PayPal,Delivered
3406,476,65,2026-04-03 14:41:00,1,3.26,2.56,0.0,5.82,Google Pay,Delivered
3407,50,99,2025-09-06 13:23:00,3,39.42,1.19,0.0,40.61,Google Pay,Delivered
3408,521,11,2025-09-17 12:13:00,3,41.4,1.12,0.0,42.52,Credit Card,Delivered
3409,880,74,2026-01-23 18:45:00,1,7.43,2.71,0.43,9.71,Credit Card,Refunded
3410,960,50,2026-06-23 18:38:00,1,4.1,3.11,0.0,7.21,Apple Pay,Delivered
3411,646,46,2026-02-26 12:38:00,3,18.3,2.91,0.0,21.21,Credit Card,Delivered
3412,535,78,2026-01-24 20:08:00,1,5.57,3.3,0.0,8.87,Debit Card,Delivered
3413,337,109,2025-11-08 14:32:00,1,7.56,2.37,0.0,9.93,Credit Card,Delivered
3414,1357,45,2026-05-09 17:55:00,2,21.44,3.02,3.15,21.31,Debit Card,Cancelled
3415,577,105,2025-12-27 18:30:00,1,14.84,3.11,0.0,17.95,Debit Card,Delivered
3416,459,37,2026-08-30 14:53:00,1,1.83,2.37,0.1,4.1,Google Pay,Delivered
3417,1412,103,2025-10-24 21:46:00,1,2.44,2.86,0.0,5.3,PayPal,Refunded
3418,956,77,2026-06-16 18:23:00,1,4.48,2.71,0.0,7.19,Debit Card,Delivered
3419,1273,53,2026-08-31 16:00:00,2,4.86,2.86,0.0,7.72,PayPal,Delivered
3420,584,61,2026-01-13 15:18:00,3,9.3,2.34,1.46,10.18,PayPal,Delivered
3421,646,11,2026-01-22 10:25:00,1,3.86,2.64,0.0,6.5,Credit Card,Delivered
3422,1095,96,2026-08-18 21:11:00,1,13.66,2.45,0.0,16.11,Apple Pay,Delivered
3423,1470,18,2026-05-28 23:01:00,1,3.16,2.44,0.21,5.39,Debit Card,Delivered
3424,1184,71,2025-09-18 12:43:00,2,10.66,2.1,0.0,12.76,PayPal,Delivered
3425,694,67,2026-03-20 13:16:00,1,8.37,3.49,0.0,11.86,Credit Card,Delivered
3426,897,117,2026-05-29 22:53:00,1,17.33,2.32,0.0,19.65,Credit Card,Delivered
3427,524,92,2026-01-16 21:22:00,3,21.51,3.23,0.0,24.74,PayPal,Cancelled
3428,685,19,2026-05-11 14:38:00,1,13.46,2.08,0.0,15.54,Apple Pay,Delivered
3429,582,50,2026-04-17 20:34:00,3,27.83,2.2,0.0,30.03,Debit Card,Delivered
3430,150,35,2025-12-29 22:15:00,1,9.88,2.62,0.0,12.5,Google Pay,Delivered
3431,1312,105,2025-09-03 13:40:00,1,15.92,3.41,0.0,19.33,Google Pay,Delivered
3432,206,91,2025-09-13 20:26:00,2,10.33,2.93,0.0,13.26,PayPal,Delivered
3433,402,101,2026-05-10 21:57:00,2,5.97,2.42,0.0,8.39,PayPal,Delivered
3434,380,34,2026-06-10 11:22:00,1,5.29,2.18,0.0,7.47,PayPal,Delivered
3435,334,46,2026-01-14 23:16:00,2,31.08,2.35,0.0,33.43,Debit Card,Delivered
3436,747,65,2026-02-21 23:01:00,1,5.15,3.0,0.0,8.15,Credit Card,Delivered
3437,1441,91,2026-03-07 21:32:00,2,25.8,2.53,5.08,23.25,Apple Pay,Delivered
3438,493,55,2026-07-20 18:30:00,1,2.72,2.17,0.0,4.89,Debit Card,Delivered
3439,1102,32,2026-03-12 20:45:00,1,7.61,2.32,0.0,9.93,Google Pay,Delivered
3440,1100,91,2026-03-28 20:10:00,1,5.22,3.07,0.83,7.46,Debit Card,Delivered
3441,1146,24,2026-03-23 12:18:00,1,3.98,1.88,0.0,5.86,Credit Card,Refunded
3442,934,57,2026-08-15 14:00:00,1,7.46,2.21,0.0,9.67,Credit Card,Refunded
3443,1111,13,2026-05-15 12:32:00,2,8.28,2.27,0.0,10.55,Credit Card,Delivered
3444,1143,11,2026-07-29 15:16:00,1,8.63,2.69,1.31,10.01,Apple Pay,Cancelled
3445,1025,21,2025-10-11 21:25:00,1,5.25,2.96,0.0,8.21,Credit Card,Delivered
3446,838,103,2026-01-07 22:00:00,2,14.26,2.46,0.0,16.72,Apple Pay,Delivered
3447,137,63,2026-02-26 15:23:00,3,20.76,3.34,0.0,24.1,PayPal,Delivered
3448,763,112,2026-06-07 20:58:00,1,3.08,3.25,0.0,6.33,Debit Card,Delivered
3449,1131,75,2025-10-01 20:03:00,1,3.31,3.98,0.0,7.29,PayPal,Refunded
3450,513,69,2026-05-30 17:27:00,4,29.9,3.12,4.72,28.3,Google Pay,Delivered
3451,374,17,2025-11-26 21:01:00,1,8.84,2.82,1.07,10.59,Credit Card,Delivered
3452,892,26,2025-11-08 12:33:00,3,13.66,2.8,0.0,16.46,Debit Card,Delivered
3453,199,91,2026-07-29 11:00:00,3,8.37,3.15,0.0,11.52,Debit Card,Delivered
3454,1079,44,2026-03-14 14:11:00,2,7.92,3.39,0.0,11.31,Cash,Delivered
3455,1475,45,2026-04-07 23:54:00,1,8.76,2.17,0.0,10.93,Cash,Delivered
3456,727,33,2026-02-16 23:39:00,1,2.01,2.57,0.0,4.58,Google Pay,Delivered
3457,42,46,2026-04-10 20:11:00,1,4.47,2.62,0.0,7.09,Debit Card,Delivered
3458,408,42,2026-06-21 19:42:00,1,6.57,2.35,0.0,8.92,Google Pay,Delivered
3459,48,56,2026-07-01 20:03:00,1,3.8,2.79,0.0,6.59,Debit Card,Delivered
3460,689,57,2026-05-27 16:30:00,2,5.74,1.74,0.0,7.48,PayPal,Delivered
3461,465,74,2026-03-10 13:37:00,1,13.22,2.78,0.0,16.0,Google Pay,Delivered
3462,1160,119,2025-11-19 08:08:00,1,2.39,2.41,0.0,4.8,Credit Card,Delivered
3463,1267,116,2026-05-30 09:57:00,2,10.74,2.91,1.9,11.75,Google Pay,Delivered
3464,653,73,2026-05-06 23:05:00,1,15.19,2.56,0.0,17.75,Debit Card,Delivered
3465,1467,85,2026-07-22 21:03:00,1,2.59,2.06,0.0,4.65,Google Pay,Delivered
3466,675,108,2026-05-19 21:29:00,1,11.12,3.31,0.0,14.43,PayPal,Delivered
3467,178,75,2025-10-19 22:44:00,1,3.55,1.78,0.44,4.89,Credit Card,Delivered
3468,1363,55,2026-03-27 20:32:00,2,9.0,2.81,0.0,11.81,Apple Pay,Delivered
3469,594,92,2026-05-22 20:06:00,3,17.79,3.41,0.0,21.2,Credit Card,Delivered
3470,1329,56,2026-08-30 21:05:00,3,11.22,2.83,0.0,14.05,Credit Card,Delivered
3471,1102,31,2025-12-31 12:08:00,1,10.63,3.09,0.0,13.72,Credit Card,Delivered
3472,1410,34,2026-07-11 13:58:00,2,12.92,2.48,0.0,15.4,Google Pay,Cancelled
3473,969,92,2025-12-11 19:56:00,1,5.19,2.26,0.0,7.45,Google Pay,Delivered
3474,890,95,2026-01-16 11:04:00,1,13.12,3.28,0.0,16.4,PayPal,Delivered
3475,351,19,2026-08-18 20:42:00,1,13.46,2.52,0.0,15.98,Credit Card,Delivered
3476,419,111,2026-07-22 22:00:00,2,13.86,2.62,0.0,16.48,Debit Card,Delivered
3477,494,65,2025-11-15 22:33:00,1,4.32,2.85,0.0,7.17,Credit Card,Delivered
3478,465,92,2026-07-02 14:09:00,2,28.23,2.44,0.0,30.67,Credit Card,Delivered
3479,892,26,2026-07-31 13:09:00,2,11.68,3.44,0.0,15.12,Google Pay,Delivered
3480,1306,101,2025-11-14 23:00:00,1,13.01,3.01,0.0,16.02,Credit Card,Delivered
3481,54,28,2026-06-30 22:33:00,2,20.97,3.42,0.0,24.39,Credit Card,Delivered
3482,928,42,2026-04-04 14:10:00,2,21.59,3.34,0.0,24.93,Credit Card,Delivered
3483,1138,94,2026-07-18 22:03:00,2,8.6,2.59,0.0,11.19,Google Pay,Delivered
3484,665,23,2026-03-01 22:25:00,2,22.56,2.41,0.0,24.97,Debit Card,Delivered
3485,414,77,2026-04-02 14:23:00,1,17.92,2.65,0.0,20.57,PayPal,Delivered
3486,649,28,2025-11-24 14:58:00,1,9.08,2.66,0.0,11.74,Credit Card,Delivered
3487,1243,97,2026-04-03 23:42:00,1,9.32,2.22,0.0,11.54,PayPal,Delivered
3488,1372,26,2026-01-31 21:25:00,1,3.38,2.94,0.0,6.32,Apple Pay,Delivered
3489,1026,65,2026-01-27 20:34:00,1,4.28,2.07,0.0,6.35,Credit Card,Delivered
3490,729,85,2025-12-12 23:31:00,2,23.9,2.29,0.0,26.19,Debit Card,Delivered
3491,969,58,2026-01-25 22:40:00,2,29.92,3.37,0.0,33.29,Debit Card,Delivered
3492,1016,5,2025-11-01 11:34:00,1,5.1,2.26,0.0,7.36,Google Pay,Delivered
3493,1152,77,2026-07-08 18:06:00,1,20.6,2.37,0.0,22.97,PayPal,Delivered
3494,217,69,2026-01-26 22:31:00,3,13.74,2.47,0.0,16.21,Google Pay,Cancelled
3495,113,14,2026-01-22 12:45:00,2,8.46,3.13,0.78,10.81,Debit Card,Delivered
3496,519,99,2026-08-24 11:54:00,1,4.65,2.38,0.0,7.03,PayPal,Delivered
3497,390,10,2026-02-25 22:57:00,1,10.64,2.76,0.0,13.4,PayPal,Delivered
3498,923,21,2026-05-15 21:40:00,1,4.69,2.87,0.0,7.56,Credit Card,Delivered
3499,783,12,2026-08-30 12:54:00,1,3.53,2.89,0.0,6.42,Debit Card,Delivered
3500,1378,107,2026-07-12 12:01:00,3,22.5,2.9,0.0,25.4,Credit Card,Delivered
3501,1166,10,2026-01-08 22:05:00,3,14.82,3.03,0.0,17.85,Credit Card,Delivered
3502,222,94,2026-03-14 13:11:00,1,3.96,3.06,0.51,6.51,Cash,Delivered
3503,1274,108,2026-06-28 12:05:00,1,3.8,2.3,0.3,5.8,Cash,Cancelled
3504,1157,38,2026-08-02 22:00:00,1,3.64,2.49,0.0,6.13,Apple Pay,Delivered
3505,574,47,2025-12-13 21:30:00,1,6.33,1.94,0.69,7.58,Credit Card,Delivered
3506,87,57,2026-03-12 15:32:00,2,5.72,2.13,0.0,7.85,Credit Card,Delivered
3507,1191,40,2025-09-10 20:31:00,1,3.3,3.17,0.0,6.47,Credit Card,Delivered
3508,290,69,2026-07-21 16:29:00,1,11.59,3.15,0.0,14.74,Google Pay,Delivered
3509,331,29,2026-04-05 13:51:00,1,6.62,2.25,0.0,8.87,Credit Card,Refunded
3510,706,108,2025-12-03 23:12:00,3,43.66,2.14,0.0,45.8,Credit Card,Delivered
3511,124,12,2026-02-22 19:22:00,2,21.12,3.52,0.0,24.64,PayPal,Delivered
3512,599,75,2025-09-12 20:05:00,1,6.57,1.99,0.0,8.56,Debit Card,Delivered
3513,370,107,2026-06-16 15:30:00,2,9.84,2.67,0.0,12.51,PayPal,Delivered
3514,80,37,2026-03-13 18:20:00,6,11.7,2.21,0.0,13.91,PayPal,Delivered
3515,1355,68,2025-09-02 13:12:00,1,2.24,3.09,0.0,5.33,PayPal,Delivered
3516,392,70,2026-02-16 16:32:00,1,2.66,2.97,0.0,5.63,Google Pay,Delivered
3517,817,51,2025-09-26 20:56:00,3,45.9,1.52,0.0,47.42,Credit Card,Delivered
3518,1226,68,2026-01-20 21:46:00,1,15.83,3.01,0.0,18.84,Credit Card,Delivered
3519,723,36,2026-07-11 21:07:00,2,22.88,3.1,0.0,25.98,Debit Card,Delivered
3520,440,44,2026-04-27 09:21:00,2,6.4,2.27,0.0,8.67,PayPal,Delivered
3521,1116,88,2026-02-24 19:54:00,1,9.73,2.82,0.0,12.55,Debit Card,Delivered
3522,1039,52,2026-03-06 15:12:00,1,4.84,2.43,0.0,7.27,PayPal,Delivered
3523,16,117,2026-03-04 20:53:00,1,5.71,2.22,0.0,7.93,Debit Card,Delivered
3524,1229,64,2026-04-20 22:00:00,3,10.95,3.45,0.0,14.4,PayPal,Delivered
3525,178,103,2025-11-22 21:03:00,2,4.22,2.67,0.0,6.89,Google Pay,Delivered
3526,1107,88,2026-06-26 14:59:00,1,11.76,2.4,0.0,14.16,Credit Card,Delivered
3527,150,30,2026-08-04 21:46:00,1,11.68,3.13,0.0,14.81,Google Pay,Delivered
3528,99,62,2025-10-24 12:29:00,1,4.07,3.61,0.0,7.68,PayPal,Refunded
3529,183,4,2026-07-31 12:20:00,2,14.4,2.48,2.59,14.29,Credit Card,Delivered
3530,1112,66,2025-09-12 13:27:00,3,16.53,2.12,0.0,18.65,Credit Card,Delivered
3531,681,35,2026-03-08 15:13:00,1,15.05,2.64,0.0,17.69,PayPal,Delivered
3532,903,69,2026-06-30 18:46:00,1,4.69,1.98,0.0,6.67,PayPal,Delivered
3533,422,90,2025-11-21 15:24:00,1,5.72,2.71,0.0,8.43,PayPal,Cancelled
3534,180,86,2026-08-14 20:26:00,3,22.86,2.13,0.0,24.99,Debit Card,Cancelled
3535,1179,5,2026-08-25 12:55:00,1,12.51,3.11,0.9,14.72,Credit Card,Delivered
3536,1250,105,2026-02-04 18:02:00,2,6.08,2.6,1.05,7.63,PayPal,Delivered
3537,1259,4,2026-07-23 13:23:00,1,3.12,2.79,0.0,5.91,Google Pay,Delivered
3538,98,38,2025-09-29 14:36:00,1,9.07,2.44,1.57,9.94,Debit Card,Delivered
3539,1388,67,2026-03-10 18:14:00,1,7.49,2.53,0.99,9.03,PayPal,Delivered
3540,813,75,2025-12-16 12:10:00,1,8.64,1.92,0.0,10.56,Credit Card,Delivered
3541,295,46,2026-04-17 15:31:00,2,17.44,2.45,0.0,19.89,Debit Card,Delivered
3542,299,34,2025-12-01 21:11:00,1,2.94,2.59,0.53,5.0,Apple Pay,Delivered
3543,755,7,2026-02-08 13:24:00,1,10.82,3.19,0.0,14.01,Google Pay,Delivered
3544,906,19,2026-05-27 21:05:00,1,5.92,2.5,0.0,8.42,PayPal,Delivered
3545,74,115,2025-11-15 13:01:00,1,2.52,3.0,0.45,5.07,PayPal,Delivered
3546,745,93,2026-07-05 21:44:00,3,11.05,2.75,0.0,13.8,Credit Card,Refunded
3547,360,96,2026-05-07 13:11:00,1,13.69,2.39,0.0,16.08,Debit Card,Delivered
3548,1377,3,2025-12-01 23:01:00,2,10.08,2.94,0.94,12.08,PayPal,Delivered
3549,923,21,2026-05-03 12:01:00,1,3.91,2.76,0.53,6.14,Apple Pay,Delivered
3550,558,61,2025-12-26 23:34:00,1,10.32,2.82,1.07,12.07,Credit Card,Delivered
3551,634,17,2026-03-19 13:31:00,2,7.4,2.53,0.0,9.93,Cash,Delivered
3552,1256,42,2026-04-11 21:34:00,3,34.23,1.03,5.51,29.75,Cash,Cancelled
3553,1037,17,2026-06-25 14:38:00,2,10.3,2.65,0.0,12.95,Credit Card,Delivered
3554,582,93,2026-01-06 11:39:00,1,8.69,2.37,0.0,11.06,Credit Card,Delivered
3555,1259,4,2026-02-12 10:43:00,3,9.96,2.3,0.0,12.26,Debit Card,Delivered
3556,933,59,2026-02-09 12:51:00,1,5.74,2.02,0.76,7.0,Cash,Delivered
3557,90,9,2026-07-12 15:12:00,1,4.94,2.84,0.0,7.78,Debit Card,Delivered
3558,946,111,2026-07-05 19:05:00,1,3.44,2.81,0.0,6.25,Debit Card,Delivered
3559,1408,38,2025-11-19 18:48:00,4,46.39,0.99,0.0,47.38,Google Pay,Delivered
3560,1295,14,2025-10-09 20:04:00,1,9.13,3.12,0.0,12.25,Credit Card,Delivered
3561,64,113,2026-08-18 11:24:00,1,2.73,2.45,0.0,5.18,Google Pay,Delivered
3562,1323,99,2025-10-31 20:36:00,3,44.85,2.13,0.0,46.98,Apple Pay,Cancelled
3563,1473,78,2025-11-14 21:02:00,1,4.73,2.64,0.0,7.37,Debit Card,Delivered
3564,245,6,2026-05-25 13:00:00,1,13.38,2.81,0.0,16.19,Apple Pay,Delivered
3565,957,113,2025-10-29 21:55:00,3,8.28,2.71,0.0,10.99,Apple Pay,Delivered
3566,1133,13,2025-09-24 13:50:00,3,31.32,1.93,0.0,33.25,PayPal,Delivered
3567,65,21,2026-04-09 16:41:00,3,33.69,1.7,0.0,35.39,Apple Pay,Delivered
3568,1242,114,2026-03-06 21:47:00,3,11.31,2.32,0.0,13.63,PayPal,Delivered
3569,591,16,2026-07-26 21:00:00,3,37.35,0.99,0.0,38.34,Google Pay,Delivered
3570,450,21,2026-04-27 18:45:00,1,5.27,3.13,0.0,8.4,Apple Pay,Delivered
3571,388,63,2026-08-21 15:00:00,2,6.52,3.44,0.0,9.96,Google Pay,Delivered
3572,759,99,2026-03-16 19:12:00,1,3.77,3.06,0.0,6.83,Apple Pay,Cancelled
3573,1198,3,2026-05-25 18:00:00,1,5.21,3.22,0.0,8.43,Google Pay,Cancelled
3574,1233,33,2026-02-03 23:07:00,1,4.36,2.43,0.0,6.79,Credit Card,Delivered
3575,339,70,2025-12-23 22:33:00,1,2.57,2.62,0.0,5.19,Credit Card,Delivered
3576,1241,10,2026-07-25 12:45:00,2,20.05,2.69,0.0,22.74,Debit Card,Delivered
3577,1240,112,2026-06-20 15:52:00,1,4.67,1.98,0.0,6.65,Credit Card,Delivered
3578,93,40,2026-07-06 20:09:00,1,14.38,2.44,0.0,16.82,Google Pay,Delivered
3579,469,88,2026-04-28 21:00:00,1,11.96,2.83,1.59,13.2,Credit Card,Delivered
3580,23,80,2025-12-09 12:44:00,3,9.54,2.9,1.48,10.96,Debit Card,Delivered
3581,1484,71,2026-01-19 22:00:00,2,31.56,2.0,0.0,33.56,PayPal,Delivered
3582,709,53,2025-11-01 20:19:00,1,12.13,2.42,0.0,14.55,Google Pay,Delivered
3583,406,77,2026-01-19 11:38:00,1,16.46,3.32,0.0,19.78,Credit Card,Delivered
3584,1342,8,2026-05-12 11:00:00,2,19.92,2.44,0.0,22.36,Cash,Delivered
3585,1028,17,2026-02-25 21:20:00,1,5.01,1.93,0.0,6.94,Debit Card,Delivered
3586,1411,54,2026-05-17 21:27:00,1,17.66,2.96,0.0,20.62,Credit Card,Delivered
3587,1201,58,2026-01-28 14:07:00,1,14.13,3.15,0.0,17.28,Credit Card,Delivered
3588,1434,30,2026-05-22 12:04:00,2,4.69,2.99,0.0,7.68,Google Pay,Delivered
3589,325,46,2026-01-21 13:48:00,1,3.67,2.42,0.0,6.09,Credit Card,Delivered
3590,307,65,2026-02-28 15:05:00,1,5.38,2.22,0.96,6.64,Credit Card,Delivered
3591,114,118,2025-12-29 20:34:00,2,15.54,3.66,0.0,19.2,Debit Card,Delivered
3592,515,65,2025-10-01 13:25:00,1,4.75,2.23,0.0,6.98,PayPal,Delivered
3593,827,58,2025-09-06 21:43:00,1,14.14,2.86,2.15,14.85,Debit Card,Delivered
3594,848,95,2025-11-06 13:53:00,3,10.14,1.77,0.0,11.91,Credit Card,Delivered
3595,1016,56,2026-04-14 21:09:00,1,3.33,3.34,0.0,6.67,Debit Card,Refunded
3596,1100,116,2025-10-07 23:56:00,1,11.46,3.13,0.0,14.59,PayPal,Refunded
3597,1226,68,2026-02-20 12:06:00,2,12.66,3.65,0.0,16.31,Debit Card,Delivered
3598,780,81,2026-07-30 22:00:00,1,7.02,2.47,0.0,9.49,PayPal,Delivered
3599,410,110,2026-01-16 21:30:00,2,7.47,2.99,0.0,10.46,Google Pay,Delivered
3600,659,108,2025-12-08 22:02:00,2,9.84,2.42,0.0,12.26,Apple Pay,Cancelled
3601,1309,38,2025-11-18 14:31:00,1,17.19,3.4,0.0,20.59,Apple Pay,Delivered
3602,1224,49,2026-03-08 22:52:00,2,7.82,1.81,0.0,9.63,Debit Card,Delivered
3603,1374,106,2026-07-23 17:34:00,1,6.8,2.75,0.0,9.55,PayPal,Delivered
3604,811,100,2026-04-27 13:05:00,3,17.34,2.79,0.0,20.13,Debit Card,Delivered
3605,1169,106,2025-11-26 23:44:00,5,27.18,2.6,0.0,29.78,Debit Card,Delivered
3606,620,109,2026-07-07 23:50:00,1,13.73,3.0,1.64,15.09,Credit Card,Delivered
3607,12,101,2026-08-03 12:39:00,3,12.42,3.04,0.0,15.46,PayPal,Cancelled
3608,1116,88,2026-06-05 17:24:00,1,5.5,3.75,0.0,9.25,PayPal,Delivered
3609,131,117,2025-11-20 23:40:00,1,12.44,3.55,0.75,15.24,PayPal,Delivered
3610,953,111,2025-11-01 19:20:00,3,8.97,3.05,0.0,12.02,Credit Card,Delivered
3611,1497,42,2026-08-21 18:10:00,2,12.7,2.98,0.0,15.68,Credit Card,Delivered
3612,39,115,2026-07-22 13:51:00,2,20.7,3.41,0.0,24.11,Debit Card,Delivered
3613,1101,25,2026-02-01 16:25:00,2,6.34,3.4,0.87,8.87,PayPal,Delivered
3614,1303,57,2026-02-14 18:45:00,1,2.42,2.35,0.0,4.77,Debit Card,Delivered
3615,941,91,2026-03-14 21:35:00,2,6.32,2.84,0.0,9.16,Apple Pay,Delivered
3616,1035,40,2026-07-22 17:52:00,1,3.65,2.32,0.47,5.5,PayPal,Delivered
3617,1353,56,2025-12-19 20:31:00,3,15.18,2.94,0.0,18.12,Credit Card,Delivered
3618,1166,10,2026-05-06 12:18:00,1,5.58,2.99,0.0,8.57,Credit Card,Delivered
3619,60,62,2026-08-11 21:18:00,1,10.77,3.18,0.0,13.95,PayPal,Delivered
3620,1162,55,2025-12-19 08:31:00,1,10.72,3.51,0.0,14.23,PayPal,Delivered
3621,1137,85,2025-12-13 20:56:00,3,23.54,3.19,0.0,26.73,Debit Card,Delivered
3622,343,106,2025-10-20 22:11:00,3,10.29,2.76,0.0,13.05,Credit Card,Delivered
3623,983,113,2026-05-25 21:08:00,1,3.13,2.21,0.0,5.34,Google Pay,Delivered
3624,1263,65,2025-12-10 12:15:00,1,3.81,2.44,0.0,6.25,Debit Card,Delivered
3625,1273,40,2026-08-28 22:00:00,1,14.52,3.0,0.0,17.52,Credit Card,Delivered
3626,1307,74,2026-03-03 11:36:00,1,15.18,3.08,0.0,18.26,Apple Pay,Delivered
3627,1167,42,2026-03-23 11:46:00,1,4.68,3.18,0.0,7.86,Credit Card,Delivered
3628,184,24,2025-09-07 22:33:00,1,4.22,2.21,0.0,6.43,Credit Card,Delivered
3629,728,69,2026-05-29 12:35:00,1,11.51,2.39,0.0,13.9,Apple Pay,Refunded
3630,350,35,2026-03-25 17:37:00,2,10.94,2.58,0.0,13.52,Google Pay,Delivered
3631,107,40,2026-02-19 23:07:00,1,4.44,2.98,0.0,7.42,Debit Card,Delivered
3632,396,61,2026-01-04 13:37:00,2,20.48,2.7,0.0,23.18,PayPal,Delivered
3633,1365,12,2026-04-24 21:33:00,1,4.15,3.31,0.0,7.46,Debit Card,Delivered
3634,898,56,2026-06-02 19:49:00,1,3.52,2.41,0.0,5.93,PayPal,Delivered
3635,1146,17,2026-06-08 15:05:00,1,9.83,2.2,1.05,10.98,Apple Pay,Delivered
3636,755,95,2026-01-20 17:30:00,1,4.57,2.69,0.0,7.26,Apple Pay,Delivered
3637,535,88,2026-03-02 15:55:00,2,10.98,2.55,0.0,13.53,Credit Card,Delivered
3638,725,13,2025-12-02 22:49:00,2,11.08,2.45,0.0,13.53,Credit Card,Delivered
3639,1476,4,2025-11-19 21:17:00,1,3.48,2.48,0.0,5.96,Apple Pay,Delivered
3640,431,101,2026-07-12 15:43:00,5,40.36,1.9,0.0,42.26,PayPal,Delivered
3641,467,21,2026-01-23 21:23:00,2,9.91,2.26,0.0,12.17,Google Pay,Delivered
3642,1271,103,2025-12-09 19:47:00,1,7.89,2.25,0.0,10.14,Credit Card,Delivered
3643,556,117,2026-05-25 21:38:00,1,13.96,3.09,0.0,17.05,Cash,Delivered
3644,1356,100,2026-05-13 11:28:00,1,8.15,2.66,0.0,10.81,Credit Card,Delivered
3645,1463,20,2025-12-08 14:01:00,2,25.54,2.47,0.0,28.01,Credit Card,Delivered
3646,100,80,2025-11-03 14:45:00,2,16.0,2.34,0.0,18.34,Google Pay,Delivered
3647,1003,100,2026-04-19 20:32:00,1,8.11,2.27,0.0,10.38,PayPal,Delivered
3648,142,61,2026-08-02 13:31:00,1,10.23,3.39,1.67,11.95,Debit Card,Delivered
3649,1319,57,2026-07-25 19:00:00,1,1.71,2.64,0.0,4.35,PayPal,Delivered
3650,173,5,2025-11-27 23:54:00,2,10.54,3.78,0.0,14.32,Debit Card,Delivered
3651,1332,94,2026-08-06 11:12:00,1,8.6,2.72,0.0,11.32,Cash,Delivered
3652,1155,50,2026-05-26 18:54:00,3,31.83,1.3,0.0,33.13,Apple Pay,Delivered
3653,805,36,2026-04-09 12:09:00,1,5.24,2.42,0.0,7.66,PayPal,Delivered
3654,312,85,2026-01-03 19:38:00,1,3.65,2.86,0.4,6.11,Debit Card,Delivered
3655,401,32,2026-02-20 13:29:00,2,8.5,2.4,0.0,10.9,Credit Card,Delivered
3656,647,69,2026-05-04 22:00:00,2,13.1,2.38,0.0,15.48,Apple Pay,Delivered
3657,1272,23,2026-06-24 14:32:00,2,20.0,3.11,0.0,23.11,Credit Card,Delivered
3658,1347,61,2026-03-03 23:34:00,2,20.52,2.69,0.0,23.21,Credit Card,Delivered
3659,753,41,2026-06-18 08:26:00,2,8.52,2.9,0.0,11.42,PayPal,Delivered
3660,350,70,2026-07-18 22:39:00,1,3.66,2.85,0.0,6.51,Apple Pay,Delivered
3661,847,52,2025-10-06 13:17:00,1,3.14,2.84,0.53,5.45,Debit Card,Delivered
3662,1248,41,2026-07-12 13:17:00,2,27.92,2.1,0.0,30.02,PayPal,Delivered
3663,813,75,2025-12-22 22:24:00,1,2.7,2.02,0.46,4.26,Cash,Refunded
3664,1336,46,2025-12-29 14:12:00,1,8.71,3.62,1.7,10.63,Debit Card,Cancelled
3665,15,40,2026-02-15 19:18:00,2,29.1,2.66,0.0,31.76,Credit Card,Delivered
3666,753,72,2026-08-29 21:00:00,3,14.09,2.96,0.0,17.05,Credit Card,Delivered
3667,69,88,2026-01-03 16:14:00,1,3.75,3.08,0.0,6.83,Debit Card,Delivered
3668,918,112,2026-05-12 12:24:00,2,9.3,2.61,0.0,11.91,Apple Pay,Delivered
3669,925,91,2025-12-27 22:28:00,3,15.81,2.37,0.0,18.18,Debit Card,Delivered
3670,469,83,2026-04-10 20:37:00,1,4.41,2.21,0.0,6.62,PayPal,Delivered
3671,1192,85,2026-01-09 22:23:00,1,12.01,2.27,0.0,14.28,PayPal,Delivered
3672,1427,70,2025-12-28 21:37:00,1,3.17,2.48,0.0,5.65,Debit Card,Delivered
3673,686,65,2026-02-08 21:00:00,1,5.13,2.28,0.0,7.41,Credit Card,Delivered
3674,653,95,2026-07-13 20:26:00,1,4.63,2.24,0.77,6.1,Credit Card,Delivered
3675,286,66,2025-10-14 08:00:00,3,18.99,3.04,0.0,22.03,Credit Card,Delivered
3676,43,29,2026-03-22 22:46:00,1,6.56,2.87,0.0,9.43,Credit Card,Delivered
3677,610,52,2025-12-05 22:41:00,2,9.52,2.3,0.0,11.82,Credit Card,Delivered
3678,663,71,2026-08-27 21:03:00,1,5.3,2.11,0.95,6.46,Credit Card,Delivered
3679,1153,62,2025-09-26 22:02:00,3,9.06,2.78,0.94,10.9,PayPal,Delivered
3680,1294,17,2026-07-11 12:00:00,1,8.77,3.19,1.39,10.57,Debit Card,Delivered
3681,163,56,2026-03-06 13:12:00,1,11.53,2.26,0.0,13.79,Credit Card,Delivered
3682,229,3,2026-08-27 12:53:00,1,14.9,2.24,0.0,17.14,Credit Card,Delivered
3683,841,90,2025-10-27 20:48:00,1,6.73,1.81,0.0,8.54,Credit Card,Delivered
3684,564,55,2026-07-03 16:24:00,1,2.6,2.86,0.22,5.24,PayPal,Delivered
3685,1054,100,2025-09-25 12:59:00,2,7.88,2.36,0.0,10.24,Debit Card,Delivered
3686,484,65,2025-12-15 19:31:00,1,2.56,2.93,0.0,5.49,PayPal,Delivered
3687,624,12,2026-07-03 14:59:00,1,10.5,2.97,1.21,12.26,Debit Card,Delivered
3688,667,98,2026-01-16 18:03:00,1,6.65,2.91,0.38,9.18,Credit Card,Delivered
3689,902,56,2026-04-03 13:35:00,2,10.38,3.23,0.0,13.61,Apple Pay,Delivered
3690,105,57,2026-01-23 12:49:00,1,2.66,1.65,0.0,4.31,Credit Card,Delivered
3691,1326,51,2026-07-25 17:15:00,1,5.48,2.83,0.0,8.31,Debit Card,Delivered
3692,509,12,2026-08-18 13:00:00,2,6.96,3.13,0.0,10.09,PayPal,Delivered
3693,320,64,2026-08-25 15:50:00,1,5.46,2.51,0.0,7.97,PayPal,Delivered
3694,961,4,2025-11-25 15:46:00,3,7.17,2.28,1.33,8.12,Debit Card,Delivered
3695,203,93,2026-04-05 23:39:00,1,2.94,2.46,0.0,5.4,Apple Pay,Cancelled
3696,886,14,2026-08-17 13:00:00,1,9.17,2.56,0.0,11.73,Debit Card,Delivered
3697,92,73,2026-06-19 13:59:00,1,5.68,2.88,0.0,8.56,Google Pay,Delivered
3698,396,61,2026-05-16 21:52:00,2,30.94,1.4,0.0,32.34,Credit Card,Delivered
3699,1090,52,2025-10-29 14:32:00,1,4.7,2.3,0.0,7.0,Debit Card,Delivered
3700,558,85,2025-11-29 18:23:00,2,5.3,2.86,0.0,8.16,Credit Card,Cancelled
3701,1351,8,2026-05-14 21:31:00,1,9.98,2.24,0.0,12.22,PayPal,Cancelled
3702,534,19,2026-03-05 08:59:00,2,6.54,3.61,1.05,9.1,Debit Card,Delivered
3703,1036,19,2026-03-20 23:02:00,3,16.89,2.32,0.0,19.21,PayPal,Delivered
3704,45,81,2026-01-12 17:28:00,1,7.05,2.86,0.74,9.17,Apple Pay,Delivered
3705,1465,49,2026-07-31 21:00:00,3,9.99,2.23,0.0,12.22,Debit Card,Delivered
3706,924,87,2026-08-08 22:48:00,1,4.5,2.97,0.0,7.47,PayPal,Delivered
3707,1063,56,2025-10-09 22:40:00,1,4.55,2.71,0.0,7.26,Apple Pay,Delivered
3708,488,71,2026-05-12 13:54:00,3,16.41,3.01,1.68,17.74,Google Pay,Delivered
3709,433,73,2026-08-08 19:59:00,2,11.46,2.47,0.0,13.93,Credit Card,Delivered
3710,656,23,2025-11-20 15:06:00,1,3.31,1.84,0.0,5.15,PayPal,Delivered
3711,384,15,2026-01-31 19:28:00,1,10.77,3.19,0.0,13.96,Google Pay,Delivered
3712,32,103,2026-03-26 21:55:00,1,2.57,2.84,0.0,5.41,Debit Card,Delivered
3713,1001,43,2026-06-11 14:01:00,2,10.72,3.14,1.84,12.02,PayPal,Delivered
3714,1075,46,2026-06-17 17:00:00,1,8.41,3.24,0.0,11.65,Debit Card,Cancelled
3715,1014,63,2026-08-28 20:23:00,1,6.89,3.1,0.0,9.99,Apple Pay,Delivered
3716,831,3,2026-03-23 13:32:00,1,5.17,3.0,0.0,8.17,Apple Pay,Delivered
3717,786,65,2026-07-18 20:07:00,2,6.58,2.22,0.33,8.47,Google Pay,Delivered
3718,1479,76,2026-03-09 12:20:00,1,2.6,2.51,0.0,5.11,PayPal,Cancelled
3719,791,91,2025-12-23 20:57:00,1,9.61,3.25,0.0,12.86,Debit Card,Delivered
3720,1059,118,2026-05-05 12:55:00,1,15.44,3.63,1.7,17.37,PayPal,Delivered
3721,625,75,2026-01-25 21:08:00,1,8.64,2.62,0.0,11.26,Apple Pay,Delivered
3722,50,38,2026-04-29 13:33:00,3,11.91,1.44,1.86,11.49,Apple Pay,Delivered
3723,525,30,2026-07-01 20:00:00,2,12.34,2.9,0.0,15.24,Credit Card,Delivered
3724,1083,16,2026-06-18 19:00:00,2,9.92,3.41,0.0,13.33,Debit Card,Delivered
3725,952,115,2026-03-17 16:27:00,1,4.53,2.67,0.0,7.2,PayPal,Delivered
3726,1041,83,2025-09-05 20:15:00,1,2.79,2.36,0.0,5.15,Credit Card,Delivered
3727,1122,100,2026-01-28 22:32:00,1,3.34,3.14,0.0,6.48,PayPal,Delivered
3728,328,50,2026-04-28 12:12:00,1,4.11,2.29,0.0,6.4,Google Pay,Delivered
3729,1221,83,2026-04-27 20:43:00,1,2.79,2.62,0.34,5.07,Debit Card,Delivered
3730,1072,19,2025-10-10 15:20:00,1,6.77,2.09,0.0,8.86,Credit Card,Delivered
3731,462,99,2026-07-29 20:22:00,3,19.29,2.1,1.05,20.34,Google Pay,Delivered
3732,756,33,2026-05-28 22:45:00,1,2.1,3.13,0.0,5.23,Debit Card,Delivered
3733,1287,59,2025-12-24 20:53:00,1,5.23,2.18,0.0,7.41,Google Pay,Delivered
3734,251,55,2026-02-12 12:12:00,1,6.26,3.47,0.0,9.73,Credit Card,Delivered
3735,455,62,2025-10-17 16:35:00,3,8.91,3.56,0.45,12.02,Credit Card,Delivered
3736,289,4,2026-01-11 19:18:00,1,2.32,2.02,0.0,4.34,Credit Card,Delivered
3737,458,85,2026-05-05 12:02:00,2,26.14,2.4,0.0,28.54,Debit Card,Delivered
3738,307,104,2026-07-20 20:15:00,2,19.26,2.86,0.0,22.12,Google Pay,Cancelled
3739,1210,39,2026-04-04 21:02:00,1,10.68,3.29,0.0,13.97,PayPal,Delivered
3740,1487,103,2025-12-13 21:46:00,2,5.68,2.55,0.0,8.23,Credit Card,Delivered
3741,1455,104,2026-07-28 12:28:00,1,9.44,2.32,0.0,11.76,Credit Card,Delivered
3742,538,120,2026-03-18 21:32:00,3,15.12,2.64,0.0,17.76,Apple Pay,Delivered
3743,1399,6,2026-05-30 14:26:00,2,30.62,1.86,0.0,32.48,Credit Card,Delivered
3744,123,62,2026-05-18 13:16:00,3,32.67,1.54,0.0,34.21,Credit Card,Delivered
3745,167,42,2026-01-23 19:27:00,2,11.7,3.37,2.01,13.06,PayPal,Delivered
3746,489,74,2025-09-08 19:09:00,2,12.6,2.54,0.0,15.14,Credit Card,Delivered
3747,433,89,2026-04-20 17:03:00,3,24.63,2.94,0.0,27.57,Debit Card,Delivered
3748,1377,49,2026-07-24 22:09:00,1,10.75,3.06,0.0,13.81,Debit Card,Delivered
3749,1140,73,2026-07-12 12:03:00,1,5.45,2.76,0.0,8.21,Debit Card,Delivered
3750,1130,75,2026-07-11 15:33:00,1,7.4,2.39,0.0,9.79,Credit Card,Delivered
3751,1210,60,2026-01-05 13:03:00,1,2.11,2.67,0.0,4.78,Debit Card,Delivered
3752,1088,57,2026-07-28 11:23:00,1,2.81,1.93,0.0,4.74,Credit Card,Delivered
3753,757,17,2025-09-06 14:44:00,1,5.06,2.89,0.55,7.4,Cash,Delivered
3754,89,117,2025-12-25 21:34:00,1,12.37,2.74,0.0,15.11,Debit Card,Delivered
3755,25,34,2026-04-17 19:36:00,1,8.23,2.18,0.0,10.41,Apple Pay,Delivered
3756,1464,24,2026-06-19 16:00:00,1,13.75,2.14,0.0,15.89,Debit Card,Delivered
3757,753,72,2026-08-26 17:00:00,3,21.37,3.58,3.96,20.99,Credit Card,Delivered
3758,1430,59,2025-11-03 14:09:00,1,5.31,3.02,0.0,8.33,Debit Card,Delivered
3759,47,65,2026-08-09 12:25:00,2,7.5,2.0,0.0,9.5,Apple Pay,Delivered
3760,954,71,2026-02-04 20:53:00,1,6.08,3.02,0.0,9.1,Credit Card,Delivered
3761,423,88,2025-11-01 22:56:00,1,11.64,2.52,0.0,14.16,Credit Card,Delivered
3762,547,61,2026-04-17 21:08:00,2,8.38,2.31,0.0,10.69,Apple Pay,Delivered
3763,986,16,2026-01-15 13:04:00,2,31.16,1.55,0.0,32.71,Debit Card,Delivered
3764,743,11,2026-01-22 16:27:00,2,37.36,2.09,0.0,39.45,Google Pay,Delivered
3765,202,80,2026-08-12 19:11:00,1,2.0,2.43,0.0,4.43,Credit Card,Delivered
3766,1500,28,2026-03-20 21:08:00,3,12.6,2.74,0.0,15.34,Apple Pay,Delivered
3767,1069,112,2025-09-30 13:23:00,1,3.08,2.87,0.0,5.95,PayPal,Delivered
3768,541,75,2026-08-10 12:57:00,2,6.14,2.86,0.0,9.0,Credit Card,Delivered
3769,933,76,2025-09-02 23:14:00,1,4.93,3.6,0.0,8.53,Credit Card,Delivered
3770,228,74,2026-05-09 12:05:00,1,12.89,2.71,0.0,15.6,Google Pay,Delivered
3771,645,49,2025-10-08 23:09:00,3,15.3,2.59,0.0,17.89,Debit Card,Delivered
3772,638,34,2026-05-28 20:00:00,1,6.9,2.32,0.0,9.22,Credit Card,Delivered
3773,559,118,2026-08-26 18:58:00,3,20.58,3.1,0.0,23.68,Credit Card,Delivered
3774,726,78,2025-11-01 13:57:00,2,30.1,2.2,0.0,32.3,Debit Card,Delivered
3775,1372,63,2026-08-21 22:45:00,1,12.49,2.66,0.0,15.15,PayPal,Delivered
3776,11,65,2025-12-16 12:31:00,1,3.68,3.55,0.43,6.8,Debit Card,Delivered
3777,830,117,2026-01-19 15:43:00,1,5.6,2.32,0.0,7.92,Google Pay,Delivered
3778,1411,81,2026-08-09 11:03:00,1,16.1,3.24,0.0,19.34,Credit Card,Delivered
3779,1334,110,2026-05-30 10:55:00,2,21.04,2.78,0.0,23.82,Apple Pay,Delivered
3780,1347,52,2025-12-17 21:47:00,1,5.39,2.12,0.0,7.51,Google Pay,Delivered
3781,619,109,2026-05-27 13:11:00,2,9.16,2.87,0.0,12.03,Credit Card,Delivered
3782,851,116,2026-02-24 20:17:00,1,16.66,2.1,0.0,18.76,Apple Pay,Delivered
3783,892,26,2025-10-07 21:53:00,1,4.47,2.73,0.28,6.92,Credit Card,Delivered
3784,1257,47,2026-08-09 18:00:00,1,1.79,2.25,0.0,4.04,Debit Card,Delivered
3785,1432,19,2025-11-25 20:58:00,1,17.74,2.82,0.0,20.56,Credit Card,Delivered
3786,383,106,2026-02-20 13:23:00,1,2.81,2.81,0.27,5.35,Debit Card,Delivered
3787,187,65,2026-07-22 22:35:00,2,8.48,2.3,0.0,10.78,Credit Card,Cancelled
3788,398,65,2026-03-27 13:00:00,2,7.22,2.73,0.0,9.95,Credit Card,Delivered
3789,395,2,2025-10-31 20:54:00,1,5.97,3.13,0.32,8.78,Credit Card,Delivered
3790,451,100,2026-04-10 22:50:00,3,17.64,2.74,3.34,17.04,Google Pay,Delivered
3791,1376,69,2026-03-10 21:48:00,1,6.52,2.76,0.0,9.28,Google Pay,Delivered
3792,324,9,2026-08-26 11:00:00,2,17.32,1.85,0.0,19.17,PayPal,Delivered
3793,634,17,2025-11-29 14:19:00,1,9.85,1.93,0.0,11.78,Debit Card,Delivered
3794,537,4,2026-05-19 22:02:00,3,12.39,2.1,0.0,14.49,Google Pay,Delivered
3795,409,70,2026-03-23 22:19:00,1,3.01,3.32,0.53,5.8,Cash,Delivered
3796,295,46,2026-02-04 20:40:00,1,4.39,3.44,0.57,7.26,Apple Pay,Delivered
3797,1497,46,2026-04-07 12:00:00,1,3.67,3.38,0.0,7.05,PayPal,Delivered
3798,940,88,2026-06-06 15:00:00,2,23.9,2.91,0.0,26.81,Debit Card,Delivered
3799,154,87,2025-11-18 23:33:00,2,32.92,2.03,0.0,34.95,Google Pay,Delivered
3800,983,119,2026-04-15 12:20:00,1,2.03,2.12,0.0,4.15,Debit Card,Delivered
3801,918,88,2025-09-18 21:23:00,1,10.44,2.61,0.62,12.43,PayPal,Delivered
3802,539,33,2025-09-27 16:58:00,3,12.99,1.98,0.0,14.97,Credit Card,Delivered
3803,1183,36,2026-08-28 21:02:00,2,7.14,2.84,0.0,9.98,Credit Card,Delivered
3804,1204,34,2025-12-07 11:39:00,1,2.51,2.47,0.0,4.98,Cash,Delivered
3805,1181,34,2025-10-12 08:01:00,3,25.11,2.03,0.0,27.14,PayPal,Delivered
3806,959,52,2026-08-19 14:27:00,1,3.18,3.04,0.61,5.61,PayPal,Delivered
3807,663,18,2026-01-30 22:05:00,2,5.56,3.29,0.0,8.85,Credit Card,Cancelled
3808,311,85,2025-09-01 20:13:00,1,14.13,2.23,0.0,16.36,Debit Card,Refunded
3809,66,58,2026-01-31 20:24:00,1,17.3,3.74,0.0,21.04,Debit Card,Delivered
3810,1378,107,2025-09-08 23:19:00,3,22.38,3.16,0.0,25.54,Google Pay,Delivered
3811,1262,53,2025-12-20 14:01:00,1,2.42,3.3,0.0,5.72,Debit Card,Delivered
3812,302,83,2026-08-12 22:47:00,1,4.04,2.48,0.0,6.52,Debit Card,Cancelled
3813,1205,35,2026-06-17 12:08:00,2,10.22,3.34,0.0,13.56,Credit Card,Delivered
3814,72,66,2026-01-31 12:42:00,3,18.66,2.94,0.0,21.6,Debit Card,Delivered
3815,357,86,2026-01-02 17:58:00,3,6.18,2.16,1.19,7.15,Debit Card,Delivered
3816,226,101,2026-04-03 23:14:00,3,24.1,2.4,0.0,26.5,Apple Pay,Refunded
3817,511,90,2026-04-17 21:27:00,3,19.62,2.76,0.0,22.38,Google Pay,Delivered
3818,480,53,2026-06-05 12:38:00,1,2.38,2.99,0.0,5.37,Debit Card,Cancelled
3819,769,70,2026-03-18 23:55:00,3,8.28,2.79,0.0,11.07,Debit Card,Delivered
3820,689,48,2025-09-29 21:22:00,1,4.53,2.32,0.0,6.85,Cash,Cancelled
3821,172,45,2026-07-14 21:11:00,3,13.05,2.24,0.0,15.29,Debit Card,Delivered
3822,225,111,2026-01-01 19:06:00,3,10.59,2.27,0.0,12.86,PayPal,Refunded
3823,1231,5,2026-06-27 15:21:00,1,12.53,2.87,0.0,15.4,Credit Card,Delivered
3824,823,65,2026-06-23 12:49:00,1,3.54,2.21,0.0,5.75,Debit Card,Delivered
3825,1384,103,2025-11-19 20:40:00,1,2.17,2.86,0.0,5.03,Credit Card,Delivered
3826,196,71,2026-03-07 12:13:00,1,2.41,3.13,0.0,5.54,Credit Card,Delivered
3827,463,63,2026-06-02 20:59:00,1,14.62,3.73,2.1,16.25,Credit Card,Delivered
3828,237,53,2026-01-09 19:38:00,1,9.2,2.53,0.59,11.14,Debit Card,Delivered
3829,1387,86,2026-06-17 20:41:00,1,1.59,2.26,0.21,3.64,Debit Card,Delivered
3830,239,88,2026-03-11 22:00:00,1,9.8,2.17,0.0,11.97,Apple Pay,Delivered
3831,1202,92,2026-08-02 15:54:00,1,6.01,2.6,0.41,8.2,Debit Card,Delivered
3832,289,4,2026-07-25 16:04:00,2,14.44,2.43,0.0,16.87,Credit Card,Delivered
3833,1092,21,2026-08-18 11:02:00,1,4.26,2.79,0.0,7.05,Debit Card,Delivered
3834,683,62,2025-11-22 13:41:00,2,21.64,2.61,0.0,24.25,Credit Card,Cancelled
3835,1454,26,2026-05-27 11:18:00,2,5.46,2.81,0.0,8.27,Credit Card,Delivered
3836,105,57,2026-06-02 12:56:00,1,2.53,2.38,0.0,4.91,Credit Card,Cancelled
3837,487,52,2026-02-12 16:52:00,1,11.42,2.56,0.84,13.14,Apple Pay,Delivered
3838,1085,75,2025-11-01 15:32:00,1,6.57,3.01,1.15,8.43,Debit Card,Delivered
3839,1374,8,2025-12-16 23:31:00,1,9.22,2.42,0.0,11.64,Credit Card,Delivered
3840,809,45,2026-03-07 12:10:00,1,8.84,2.22,0.0,11.06,PayPal,Delivered
3841,148,4,2026-07-14 12:10:00,3,12.84,2.87,1.12,14.59,Credit Card,Delivered
3842,944,39,2026-08-01 21:00:00,2,20.88,2.27,0.0,23.15,Apple Pay,Delivered
3843,718,100,2026-08-01 10:10:00,2,6.48,2.6,0.0,9.08,Google Pay,Delivered
3844,1163,46,2026-08-12 20:26:00,1,14.9,2.46,0.0,17.36,Credit Card,Delivered
3845,829,77,2025-10-08 21:45:00,1,5.56,2.84,0.0,8.4,Credit Card,Delivered
3846,1347,94,2026-08-30 20:04:00,2,18.78,3.23,0.0,22.01,Apple Pay,Cancelled
3847,185,48,2026-03-22 13:09:00,2,20.9,2.35,0.0,23.25,PayPal,Delivered
3848,936,91,2025-10-07 12:22:00,1,13.76,2.1,1.83,14.03,Apple Pay,Delivered
3849,1107,88,2025-10-18 23:29:00,1,6.02,2.61,0.0,8.63,PayPal,Delivered
3850,609,57,2025-12-04 22:25:00,1,3.22,2.39,0.0,5.61,Credit Card,Delivered
3851,713,98,2025-12-01 21:10:00,3,5.22,2.43,0.0,7.65,Google Pay,Delivered
3852,1043,49,2025-10-11 13:45:00,2,31.1,1.69,0.0,32.79,Credit Card,Delivered
3853,684,61,2026-01-19 16:12:00,2,23.76,2.98,3.75,22.99,Credit Card,Cancelled
3854,589,22,2026-03-20 21:07:00,3,11.28,3.03,0.0,14.31,Google Pay,Cancelled
3855,873,79,2025-12-24 12:23:00,1,2.06,2.42,0.0,4.48,PayPal,Cancelled
3856,1206,88,2026-05-02 23:59:00,1,4.85,2.85,0.56,7.14,Debit Card,Delivered
3857,203,9,2026-05-20 23:07:00,1,10.06,2.38,0.0,12.44,Credit Card,Delivered
3858,1311,61,2026-01-24 12:07:00,1,6.62,2.7,0.0,9.32,Credit Card,Cancelled
3859,301,34,2025-09-30 13:39:00,3,11.22,2.36,0.0,13.58,PayPal,Delivered
3860,147,65,2025-12-24 14:37:00,1,3.4,2.99,0.0,6.39,Google Pay,Delivered
3861,272,56,2026-04-13 17:09:00,2,15.6,2.98,0.0,18.58,PayPal,Delivered
3862,115,5,2026-01-22 16:39:00,1,13.13,2.8,0.0,15.93,Apple Pay,Delivered
3863,1428,112,2026-04-01 21:45:00,1,2.48,2.6,0.0,5.08,PayPal,Delivered
3864,438,9,2026-07-05 17:38:00,1,8.18,2.7,0.0,10.88,Credit Card,Delivered
3865,1160,48,2026-06-15 12:31:00,7,41.79,1.41,6.99,36.21,Debit Card,Delivered
3866,274,58,2026-04-16 13:27:00,1,16.73,2.78,0.0,19.51,Credit Card,Delivered
3867,794,83,2025-10-06 15:20:00,1,17.06,2.64,0.0,19.7,Credit Card,Delivered
3868,639,48,2026-05-31 18:04:00,1,2.54,2.31,0.0,4.85,Credit Card,Delivered
3869,990,8,2026-01-02 22:36:00,1,2.22,2.05,0.0,4.27,Google Pay,Delivered
3870,1483,87,2026-01-30 11:47:00,1,3.58,2.24,0.0,5.82,Credit Card,Delivered
3871,975,65,2026-05-13 21:24:00,2,7.04,3.21,0.0,10.25,Debit Card,Delivered
3872,1053,111,2026-07-03 14:44:00,1,2.96,3.44,0.0,6.4,Google Pay,Refunded
3873,394,95,2026-05-18 21:04:00,3,16.53,2.82,0.0,19.35,PayPal,Delivered
3874,183,4,2025-12-19 13:05:00,2,6.98,2.65,1.16,8.47,Credit Card,Delivered
3875,130,96,2026-02-14 15:18:00,1,5.79,2.73,0.0,8.52,Debit Card,Delivered
3876,451,100,2026-01-13 16:20:00,1,3.19,2.97,0.0,6.16,Apple Pay,Delivered
3877,833,66,2026-02-17 21:31:00,1,10.36,2.73,0.0,13.09,Debit Card,Delivered
3878,91,69,2026-06-04 12:01:00,1,4.92,2.84,0.0,7.76,Credit Card,Delivered
3879,395,109,2026-08-19 14:06:00,1,3.79,2.37,0.45,5.71,PayPal,Delivered
3880,947,86,2026-01-21 19:43:00,2,12.48,3.0,0.0,15.48,Debit Card,Delivered
3881,1311,85,2025-12-29 20:43:00,1,12.3,2.24,0.0,14.54,PayPal,Delivered
3882,1485,19,2026-07-22 11:46:00,2,22.68,3.11,0.0,25.79,Credit Card,Delivered
3883,355,66,2025-10-25 11:21:00,1,3.65,2.37,0.0,6.02,Google Pay,Delivered
3884,154,118,2026-01-21 21:40:00,1,7.69,2.04,0.0,9.73,Google Pay,Delivered
3885,860,93,2026-08-14 14:12:00,2,7.06,2.82,0.0,9.88,Debit Card,Delivered
3886,1408,69,2026-07-19 12:52:00,2,7.14,2.84,1.21,8.77,Debit Card,Delivered
3887,631,16,2026-06-23 13:00:00,1,5.41,2.31,0.0,7.72,Credit Card,Delivered
3888,1357,45,2026-07-22 20:36:00,2,6.76,2.71,0.0,9.47,PayPal,Delivered
3889,1115,75,2026-04-04 23:00:00,2,15.24,2.35,0.0,17.59,Credit Card,Delivered
3890,1349,85,2025-09-22 21:49:00,1,4.83,3.42,0.0,8.25,PayPal,Cancelled
3891,1427,30,2026-07-10 21:14:00,3,42.75,1.21,0.0,43.96,Google Pay,Delivered
3892,162,16,2026-02-27 20:01:00,1,6.06,2.6,0.0,8.66,Credit Card,Delivered
3893,618,65,2025-12-02 15:22:00,1,2.94,2.92,0.0,5.86,Credit Card,Delivered
3894,75,99,2026-02-22 23:53:00,2,9.28,2.6,0.0,11.88,Credit Card,Delivered
3895,67,87,2026-06-30 11:09:00,3,19.38,2.51,2.01,19.88,Debit Card,Delivered
3896,713,8,2026-02-27 21:16:00,2,5.58,2.42,0.0,8.0,Google Pay,Delivered
3897,993,8,2026-04-18 13:32:00,2,4.49,2.77,0.0,7.26,Credit Card,Delivered
3898,1330,115,2026-03-07 20:52:00,3,9.9,2.79,0.0,12.69,PayPal,Delivered
3899,194,10,2026-02-24 23:11:00,4,20.19,2.81,0.0,23.0,Debit Card,Delivered
3900,50,109,2026-08-14 22:21:00,1,4.02,2.47,0.0,6.49,Debit Card,Delivered
3901,157,117,2026-08-05 22:57:00,2,28.1,2.63,0.0,30.73,Credit Card,Delivered
3902,1391,64,2026-02-02 22:41:00,1,5.03,2.63,0.0,7.66,Google Pay,Delivered
3903,993,106,2026-06-23 17:33:00,1,8.03,2.82,1.11,9.74,Apple Pay,Delivered
3904,722,61,2026-05-22 15:21:00,2,30.2,1.97,0.0,32.17,Credit Card,Delivered
3905,155,100,2025-10-18 18:47:00,1,5.94,2.26,0.0,8.2,PayPal,Delivered
3906,557,17,2026-07-08 13:56:00,3,26.46,2.36,0.0,28.82,Debit Card,Delivered
3907,194,81,2026-05-16 17:25:00,1,7.02,3.19,0.0,10.21,Credit Card,Delivered
3908,46,8,2026-07-10 12:57:00,2,4.51,2.59,0.0,7.1,Debit Card,Delivered
3909,659,6,2026-06-17 22:12:00,1,12.66,2.79,0.0,15.45,Credit Card,Delivered
3910,754,59,2026-08-08 21:50:00,1,4.06,2.59,0.0,6.65,Apple Pay,Delivered
3911,679,99,2026-03-17 11:26:00,1,16.21,2.77,0.0,18.98,Debit Card,Delivered
3912,1308,28,2025-09-23 20:12:00,1,4.63,2.59,0.0,7.22,Apple Pay,Delivered
3913,1371,83,2025-12-10 21:24:00,2,8.52,3.2,0.0,11.72,Cash,Delivered
3914,183,4,2025-10-24 22:24:00,2,6.56,2.73,0.0,9.29,Debit Card,Cancelled
3915,415,78,2025-11-25 14:37:00,1,6.31,2.89,0.0,9.2,PayPal,Delivered
3916,752,14,2026-03-28 20:47:00,1,4.65,2.16,0.0,6.81,Cash,Delivered
3917,602,1,2026-08-22 13:54:00,1,3.63,2.05,0.0,5.68,Credit Card,Delivered
3918,654,56,2026-06-06 22:08:00,1,3.49,2.56,0.6,5.45,Credit Card,Delivered
3919,1062,21,2026-02-07 22:14:00,3,13.92,2.63,0.0,16.55,Debit Card,Delivered
3920,270,88,2026-02-26 11:50:00,1,3.82,2.84,0.0,6.66,Debit Card,Delivered
3921,1241,10,2026-03-09 13:05:00,1,3.96,3.52,0.0,7.48,Google Pay,Delivered
3922,398,14,2026-01-30 12:17:00,1,2.91,2.66,0.0,5.57,Debit Card,Delivered
3923,524,92,2026-04-07 15:42:00,1,3.91,2.28,0.2,5.99,Debit Card,Delivered
3924,333,7,2026-08-10 08:32:00,2,10.22,3.04,1.46,11.8,Debit Card,Delivered
3925,947,1,2025-10-09 21:00:00,3,6.93,1.75,0.0,8.68,Debit Card,Delivered
3926,1044,28,2026-01-08 16:08:00,3,48.81,1.95,0.0,50.76,Google Pay,Delivered
3927,937,64,2025-09-30 19:47:00,3,15.15,2.9,0.0,18.05,PayPal,Delivered
3928,741,109,2026-07-09 21:20:00,1,7.4,3.0,0.49,9.91,Apple Pay,Delivered
3929,455,62,2025-11-12 21:43:00,2,7.42,2.98,0.0,10.4,Credit Card,Delivered
3930,1032,34,2026-04-27 14:40:00,3,24.27,2.36,0.0,26.63,Google Pay,Delivered
3931,178,75,2025-09-24 21:49:00,1,6.52,2.08,0.0,8.6,Cash,Delivered
3932,468,26,2026-02-22 20:34:00,2,6.84,2.82,0.0,9.66,Cash,Delivered
3933,1024,45,2026-07-25 13:05:00,1,4.63,2.65,0.0,7.28,Cash,Delivered
3934,1039,52,2026-08-14 10:07:00,1,6.48,2.76,0.0,9.24,PayPal,Delivered
3935,403,37,2025-10-25 21:12:00,3,5.31,3.05,0.0,8.36,PayPal,Delivered
3936,512,54,2026-04-30 12:10:00,1,2.59,2.94,0.0,5.53,Credit Card,Delivered
3937,478,21,2025-11-22 12:33:00,3,29.76,3.08,0.0,32.84,Debit Card,Delivered
3938,1331,86,2026-05-25 16:27:00,2,4.74,2.13,0.48,6.39,Apple Pay,Cancelled
3939,859,17,2026-08-24 22:00:00,1,3.7,2.25,0.24,5.71,Debit Card,Delivered
3940,178,103,2026-06-19 21:34:00,1,4.34,2.95,0.0,7.29,PayPal,Delivered
3941,242,106,2026-07-25 21:50:00,1,1.94,2.04,0.0,3.98,PayPal,Delivered
3942,104,79,2026-01-08 13:22:00,2,3.69,1.92,0.0,5.61,PayPal,Delivered
3943,363,100,2025-09-18 22:27:00,3,17.64,2.23,1.48,18.39,Debit Card,Refunded
3944,334,81,2025-12-25 16:53:00,2,12.9,3.03,0.0,15.93,Google Pay,Delivered
3945,670,12,2025-11-19 23:25:00,1,13.39,2.41,0.0,15.8,Credit Card,Delivered
3946,1121,28,2025-10-16 19:04:00,2,27.04,2.16,4.58,24.62,Apple Pay,Delivered
3947,1318,83,2026-05-21 20:11:00,1,4.36,3.53,0.0,7.89,Credit Card,Delivered
3948,838,75,2026-07-27 22:16:00,1,7.62,1.61,0.0,9.23,Google Pay,Delivered
3949,1159,52,2026-03-11 23:33:00,2,22.64,2.51,2.92,22.23,Apple Pay,Delivered
3950,983,86,2026-03-14 09:24:00,2,3.54,2.93,0.0,6.47,Cash,Delivered
3951,477,66,2026-04-07 13:20:00,1,2.63,2.7,0.0,5.33,Credit Card,Delivered
3952,918,112,2026-07-25 20:49:00,1,5.43,3.74,0.0,9.17,Apple Pay,Delivered
3953,454,91,2025-12-11 08:00:00,1,13.88,3.11,0.0,16.99,Debit Card,Cancelled
3954,464,65,2026-03-12 14:28:00,3,8.7,2.11,0.0,10.81,Credit Card,Delivered
3955,1482,38,2026-07-14 13:16:00,2,29.3,3.06,0.0,32.36,Credit Card,Delivered
3956,1367,120,2025-11-01 19:27:00,1,4.93,2.57,0.0,7.5,Apple Pay,Delivered
3957,981,75,2026-03-31 20:36:00,1,3.17,2.38,0.17,5.38,Google Pay,Delivered
3958,890,73,2025-09-03 13:55:00,1,15.33,2.36,0.0,17.69,PayPal,Delivered
3959,1029,47,2026-07-02 19:50:00,3,16.71,2.02,0.0,18.73,Credit Card,Delivered
3960,1130,75,2026-04-28 15:00:00,3,8.19,2.77,0.0,10.96,Debit Card,Delivered
3961,83,8,2026-08-18 23:01:00,2,8.56,1.95,0.0,10.51,Credit Card,Delivered
3962,538,41,2025-12-19 11:50:00,1,3.31,2.02,0.0,5.33,Credit Card,Delivered
3963,158,44,2026-05-26 22:13:00,2,12.06,2.92,0.0,14.98,Apple Pay,Delivered
3964,794,30,2026-06-08 23:01:00,1,2.46,2.66,0.0,5.12,Credit Card,Delivered
3965,442,112,2025-09-12 19:40:00,1,8.54,3.13,0.0,11.67,PayPal,Delivered
3966,496,108,2026-06-05 20:58:00,1,13.81,2.51,0.0,16.32,Debit Card,Delivered
3967,1264,26,2026-05-18 12:42:00,1,15.34,3.47,0.0,18.81,Credit Card,Delivered
3968,307,65,2026-04-13 14:08:00,1,3.68,2.87,0.0,6.55,Debit Card,Cancelled
3969,1367,117,2026-03-25 12:17:00,1,12.18,3.0,0.0,15.18,Credit Card,Delivered
3970,632,81,2026-06-20 19:17:00,1,7.04,2.34,0.0,9.38,PayPal,Delivered
3971,287,69,2025-10-10 23:17:00,1,5.34,2.74,0.0,8.08,PayPal,Delivered
3972,215,1,2026-01-24 10:37:00,1,3.7,2.64,0.0,6.34,Google Pay,Delivered
3973,1072,3,2025-12-10 18:44:00,1,6.5,2.54,0.0,9.04,Debit Card,Delivered
3974,1354,65,2026-07-06 21:17:00,1,4.25,1.74,0.0,5.99,Credit Card,Delivered
3975,1312,105,2025-11-01 16:33:00,1,4.89,2.57,0.57,6.89,Debit Card,Delivered
3976,256,34,2026-01-19 19:00:00,1,2.94,1.9,0.0,4.84,Apple Pay,Delivered
3977,1319,29,2026-08-04 17:23:00,3,14.26,2.04,0.0,16.3,PayPal,Cancelled
3978,339,70,2026-01-23 20:10:00,3,28.93,2.18,1.72,29.39,Google Pay,Delivered
3979,689,29,2026-06-18 11:03:00,1,6.18,2.59,0.0,8.77,Credit Card,Delivered
3980,9,36,2025-11-25 19:56:00,1,11.79,3.0,0.0,14.79,Apple Pay,Cancelled
3981,389,13,2026-05-14 18:39:00,1,10.59,2.4,1.93,11.06,PayPal,Delivered
3982,480,61,2026-08-04 12:50:00,1,3.84,2.5,0.0,6.34,Credit Card,Delivered
3983,1435,33,2026-06-06 19:17:00,1,3.85,2.45,0.23,6.07,Credit Card,Delivered
3984,418,34,2025-12-18 17:12:00,2,7.88,2.47,0.0,10.35,Debit Card,Delivered
3985,415,2,2026-04-08 20:34:00,2,12.92,2.36,0.0,15.28,Debit Card,Delivered
3986,411,7,2026-07-02 19:41:00,2,21.86,2.42,0.0,24.28,Debit Card,Delivered
3987,380,34,2026-07-10 15:43:00,2,7.86,2.32,0.0,10.18,Apple Pay,Cancelled
3988,810,80,2026-06-19 21:00:00,1,3.44,2.14,0.0,5.58,Credit Card,Delivered
3989,309,117,2026-03-12 14:00:00,1,4.68,3.47,0.0,8.15,Apple Pay,Delivered
3990,436,41,2026-08-10 17:00:00,1,6.3,2.51,0.76,8.05,Debit Card,Delivered
3991,799,119,2026-02-28 16:00:00,1,2.88,2.57,0.0,5.45,Credit Card,Delivered
3992,1135,75,2026-05-21 18:09:00,2,6.9,2.84,0.46,9.28,PayPal,Delivered
3993,161,69,2026-04-04 21:12:00,2,23.84,2.2,0.0,26.04,Debit Card,Delivered
3994,523,2,2026-02-23 21:20:00,1,4.22,2.65,0.0,6.87,Credit Card,Delivered
3995,857,1,2026-06-23 10:42:00,2,7.08,1.93,0.0,9.01,PayPal,Delivered
3996,1376,38,2025-11-18 18:52:00,2,20.48,3.12,0.0,23.6,Debit Card,Delivered
3997,1416,106,2026-07-03 12:53:00,1,2.85,2.29,0.0,5.14,Debit Card,Cancelled
3998,1309,43,2026-03-25 21:23:00,1,9.08,3.12,0.0,12.2,Debit Card,Delivered
3999,758,26,2026-08-23 23:58:00,1,3.41,3.71,0.0,7.12,PayPal,Delivered
4000,148,4,2026-04-07 20:59:00,2,14.32,3.13,0.0,17.45,Apple Pay,Delivered
4001,1449,21,2026-06-06 15:48:00,1,5.54,2.33,0.0,7.87,Debit Card,Delivered
4002,933,12,2025-11-10 11:04:00,1,13.3,2.2,0.0,15.5,PayPal,Delivered
4003,1359,95,2026-05-06 14:00:00,1,5.56,2.29,0.0,7.85,PayPal,Refunded
4004,1381,85,2026-03-25 19:17:00,3,39.33,2.13,0.0,41.46,Google Pay,Delivered
4005,1189,112,2025-11-24 22:51:00,1,2.49,3.06,0.0,5.55,Credit Card,Delivered
4006,631,16,2025-09-18 18:13:00,1,6.12,3.12,0.0,9.24,PayPal,Delivered
4007,913,16,2026-02-12 23:23:00,1,6.06,3.06,0.0,9.12,Credit Card,Delivered
4008,1037,114,2025-12-06 14:15:00,1,4.44,2.42,0.0,6.86,Credit Card,Delivered
4009,1322,60,2026-04-26 08:52:00,1,4.23,2.71,0.0,6.94,Apple Pay,Cancelled
4010,340,26,2026-03-30 20:34:00,1,15.41,3.19,0.0,18.6,Debit Card,Delivered
4011,833,61,2026-03-07 13:25:00,1,3.89,2.72,0.0,6.61,Credit Card,Delivered
4012,894,90,2026-07-01 13:48:00,1,16.52,2.5,0.0,19.02,PayPal,Delivered
4013,311,52,2025-09-25 09:35:00,1,12.59,3.32,0.0,15.91,Debit Card,Delivered
4014,603,105,2026-06-14 19:36:00,2,8.72,2.36,0.0,11.08,Google Pay,Delivered
4015,1388,17,2026-02-23 13:10:00,1,3.37,2.41,0.0,5.78,Google Pay,Delivered
4016,25,34,2026-05-13 23:22:00,1,2.96,2.86,0.0,5.82,Credit Card,Cancelled
4017,754,76,2026-06-26 22:29:00,1,15.34,3.05,0.0,18.39,Apple Pay,Delivered
4018,914,103,2025-12-20 21:25:00,1,4.34,1.98,0.0,6.32,PayPal,Delivered
4019,1362,32,2025-11-27 14:20:00,1,2.79,1.7,0.0,4.49,PayPal,Delivered
4020,426,8,2026-06-02 11:59:00,1,2.54,1.9,0.0,4.44,Credit Card,Delivered
4021,590,112,2026-04-20 20:21:00,1,4.21,2.81,0.84,6.18,Google Pay,Delivered
4022,121,118,2025-11-07 10:35:00,2,9.88,2.84,0.0,12.72,PayPal,Delivered
4023,504,93,2025-12-08 16:35:00,1,4.33,2.42,0.0,6.75,Cash,Delivered
4024,1496,19,2026-07-09 11:12:00,2,13.6,2.99,0.9,15.69,Apple Pay,Delivered
4025,1149,59,2026-03-22 19:52:00,1,4.13,2.69,0.0,6.82,Debit Card,Delivered
4026,643,25,2026-07-30 19:09:00,2,22.18,3.14,0.0,25.32,Google Pay,Delivered
4027,952,56,2026-05-14 19:49:00,1,3.85,3.1,0.0,6.95,Debit Card,Delivered
4028,1447,101,2025-11-15 21:35:00,1,3.33,1.98,0.25,5.06,Google Pay,Cancelled
4029,660,39,2025-11-15 13:20:00,1,10.58,2.71,2.11,11.18,Credit Card,Delivered
4030,442,83,2026-08-19 13:16:00,1,17.12,2.67,0.0,19.79,Debit Card,Delivered
4031,1318,83,2026-05-28 16:44:00,1,2.76,2.87,0.2,5.43,Google Pay,Delivered
4032,1276,65,2026-04-05 21:26:00,1,4.64,2.48,0.0,7.12,Credit Card,Delivered
4033,775,62,2026-05-05 12:32:00,1,3.66,2.12,0.0,5.78,Google Pay,Delivered
4034,18,100,2026-01-30 22:21:00,3,17.52,2.94,0.0,20.46,Credit Card,Delivered
4035,20,3,2025-12-24 13:20:00,1,6.93,3.04,0.0,9.97,PayPal,Delivered
4036,177,66,2026-06-28 12:16:00,1,6.27,1.94,0.0,8.21,PayPal,Delivered
4037,1040,112,2026-07-24 20:54:00,4,23.36,3.45,0.0,26.81,Credit Card,Delivered
4038,264,36,2026-07-29 13:53:00,1,2.96,3.14,0.0,6.1,Google Pay,Delivered
4039,95,14,2026-06-12 15:09:00,1,2.81,2.22,0.0,5.03,Credit Card,Delivered
4040,1023,103,2026-07-16 11:08:00,4,11.34,2.04,0.0,13.38,Google Pay,Delivered
4041,722,52,2026-03-10 17:48:00,1,11.43,2.76,0.0,14.19,Cash,Delivered
4042,796,65,2026-03-29 14:00:00,1,4.19,2.63,0.0,6.82,PayPal,Delivered
4043,289,9,2025-10-01 12:12:00,1,2.82,2.68,0.0,5.5,Google Pay,Delivered
4044,323,67,2026-08-22 15:00:00,1,2.39,2.78,0.32,4.85,PayPal,Delivered
4045,363,100,2026-02-08 21:53:00,1,8.17,2.99,1.62,9.54,Cash,Delivered
4046,967,26,2026-08-22 21:00:00,1,2.73,2.62,0.0,5.35,Apple Pay,Cancelled
4047,1470,41,2025-12-30 14:43:00,1,7.41,2.74,0.0,10.15,PayPal,Delivered
4048,1374,8,2026-08-06 23:27:00,2,18.16,2.45,0.0,20.61,Cash,Delivered
4049,171,65,2025-12-05 12:27:00,1,5.36,2.49,0.0,7.85,Debit Card,Delivered
4050,1020,94,2026-01-22 22:20:00,1,4.48,2.93,0.0,7.41,Debit Card,Delivered
4051,1137,52,2026-04-23 23:04:00,1,3.91,3.11,0.27,6.75,Google Pay,Delivered
4052,61,95,2026-07-21 19:05:00,1,12.11,2.43,0.0,14.54,PayPal,Delivered
4053,957,34,2026-08-03 11:10:00,3,20.85,2.27,0.0,23.12,Credit Card,Delivered
4054,667,98,2026-06-25 22:17:00,1,7.57,2.1,0.0,9.67,Debit Card,Delivered
4055,293,101,2025-10-24 16:09:00,1,12.76,2.67,2.4,13.03,PayPal,Delivered
4056,1185,116,2025-10-11 12:16:00,2,28.04,2.14,0.0,30.18,Credit Card,Refunded
4057,1404,17,2026-05-29 22:45:00,2,6.7,2.75,0.99,8.46,PayPal,Delivered
4058,898,117,2026-07-23 16:00:00,3,33.71,2.94,4.39,32.26,Credit Card,Delivered
4059,303,45,2026-04-15 18:37:00,1,3.79,2.6,0.0,6.39,Credit Card,Delivered
4060,644,5,2026-07-31 19:31:00,2,10.4,3.71,0.0,14.11,Google Pay,Delivered
4061,774,81,2026-05-02 22:13:00,1,6.52,3.4,0.0,9.92,Debit Card,Delivered
4062,1354,65,2026-01-07 18:17:00,1,3.66,2.28,0.0,5.94,Google Pay,Delivered
4063,1186,81,2026-07-06 22:22:00,1,4.33,3.05,0.0,7.38,PayPal,Delivered
4064,1007,105,2026-06-04 12:16:00,1,4.2,3.16,0.0,7.36,Google Pay,Delivered
4065,1146,17,2026-01-16 20:18:00,1,3.74,2.87,0.0,6.61,Apple Pay,Delivered
4066,1042,89,2026-04-04 19:25:00,3,11.19,2.47,0.0,13.66,Debit Card,Delivered
4067,480,61,2026-03-31 14:39:00,1,5.12,2.76,0.0,7.88,Credit Card,Delivered
4068,201,27,2025-10-09 13:38:00,1,6.07,2.95,0.0,9.02,Google Pay,Delivered
4069,1259,4,2025-12-11 11:19:00,1,2.23,1.81,0.0,4.04,Apple Pay,Delivered
4070,831,3,2025-11-24 13:17:00,1,9.46,3.17,1.25,11.38,Credit Card,Delivered
4071,1444,43,2026-07-22 20:00:00,1,5.83,3.23,0.38,8.68,Google Pay,Delivered
4072,1022,57,2026-03-11 13:45:00,2,4.3,1.59,0.49,5.4,Debit Card,Delivered
4073,712,89,2026-03-07 21:41:00,1,5.67,2.51,0.0,8.18,Credit Card,Delivered
4074,971,116,2026-07-11 22:41:00,2,15.94,2.69,0.0,18.63,Debit Card,Delivered
4075,979,9,2025-09-03 21:14:00,2,9.76,2.79,1.01,11.54,Google Pay,Delivered
4076,1473,36,2026-06-28 21:39:00,1,5.25,2.76,0.0,8.01,Debit Card,Delivered
4077,547,61,2025-11-30 19:19:00,2,31.08,1.46,0.0,32.54,Apple Pay,Delivered
4078,571,14,2026-01-07 23:31:00,1,4.34,2.61,0.0,6.95,Debit Card,Delivered
4079,532,48,2025-10-26 21:32:00,1,2.64,2.45,0.0,5.09,Credit Card,Delivered
4080,162,101,2025-09-05 14:47:00,2,23.2,2.78,0.0,25.98,Credit Card,Delivered
4081,705,72,2025-10-14 21:54:00,1,4.41,3.45,0.0,7.86,Google Pay,Delivered
4082,669,65,2025-11-21 20:25:00,2,7.34,2.59,0.0,9.93,Credit Card,Refunded
4083,296,16,2026-01-21 21:06:00,1,15.7,3.14,1.52,17.32,Google Pay,Delivered
4084,1223,51,2025-12-25 14:01:00,1,12.12,2.52,1.5,13.14,Debit Card,Delivered
4085,1035,53,2025-10-09 18:21:00,1,8.25,2.82,0.0,11.07,Cash,Delivered
4086,363,100,2026-01-02 22:25:00,1,3.09,2.56,0.0,5.65,Credit Card,Delivered
4087,249,65,2025-10-27 23:35:00,1,4.26,2.38,0.75,5.89,PayPal,Delivered
4088,928,42,2026-05-08 14:21:00,1,5.13,3.5,0.0,8.63,Credit Card,Delivered
4089,8,106,2026-05-03 18:19:00,1,2.76,2.05,0.0,4.81,Credit Card,Delivered
4090,227,2,2026-04-10 14:00:00,2,14.2,2.55,0.0,16.75,Google Pay,Delivered
4091,660,12,2026-04-26 21:17:00,1,2.71,1.98,0.0,4.69,Credit Card,Delivered
4092,1486,43,2026-07-29 10:02:00,1,4.62,2.41,0.0,7.03,Google Pay,Refunded
4093,115,115,2026-08-12 23:25:00,1,3.32,2.12,0.0,5.44,PayPal,Delivered
4094,794,38,2025-09-21 19:37:00,3,37.32,2.23,0.0,39.55,Apple Pay,Delivered
4095,844,52,2026-08-02 13:11:00,2,9.26,2.82,0.0,12.08,Debit Card,Delivered
4096,378,12,2026-01-27 10:00:00,1,4.2,3.0,0.0,7.2,Cash,Delivered
4097,781,41,2026-07-16 19:36:00,1,13.81,2.98,0.0,16.79,Apple Pay,Delivered
4098,952,56,2025-11-14 19:11:00,1,11.57,2.41,0.0,13.98,Google Pay,Refunded
4099,206,91,2026-05-11 21:52:00,1,12.16,3.12,0.0,15.28,Credit Card,Delivered
4100,1432,49,2026-06-20 19:20:00,1,4.41,2.68,0.64,6.45,Credit Card,Delivered
4101,369,32,2025-12-07 18:54:00,1,3.46,2.81,0.46,5.81,Google Pay,Refunded
4102,554,105,2026-05-30 14:05:00,1,4.87,1.75,0.29,6.33,PayPal,Delivered
4103,37,25,2025-11-07 13:28:00,1,10.19,2.28,0.0,12.47,Debit Card,Delivered
4104,891,67,2026-08-13 13:00:00,2,4.8,2.3,0.0,7.1,Debit Card,Delivered
4105,891,114,2026-08-13 15:17:00,1,4.82,2.7,0.42,7.1,Debit Card,Delivered
4106,175,5,2025-12-19 21:21:00,1,12.45,2.17,0.0,14.62,PayPal,Delivered
4107,440,49,2026-08-17 12:22:00,1,9.42,3.67,0.0,13.09,Debit Card,Delivered
4108,1151,100,2026-05-02 20:03:00,2,27.7,3.27,0.0,30.97,Debit Card,Delivered
4109,1070,40,2026-03-04 10:13:00,1,3.57,3.2,0.0,6.77,Debit Card,Delivered
4110,461,58,2025-12-29 10:16:00,2,33.6,2.39,0.0,35.99,Debit Card,Delivered
4111,945,94,2026-03-20 13:35:00,2,8.06,2.89,1.06,9.89,Credit Card,Delivered
4112,1121,89,2026-08-27 14:17:00,1,13.44,2.31,0.0,15.75,Credit Card,Delivered
4113,561,100,2025-09-03 13:08:00,2,7.56,2.94,0.0,10.5,PayPal,Delivered
4114,264,38,2026-07-15 22:41:00,1,3.91,2.56,0.0,6.47,Cash,Delivered
4115,33,97,2025-10-25 14:19:00,3,27.18,2.49,0.0,29.67,Credit Card,Delivered
4116,1433,88,2026-07-17 17:01:00,2,23.28,3.1,0.0,26.38,Google Pay,Cancelled
4117,481,15,2026-03-19 23:10:00,2,24.94,2.45,4.46,22.93,PayPal,Delivered
4118,1210,39,2026-07-26 13:33:00,1,9.82,2.43,0.0,12.25,Cash,Delivered
4119,488,22,2025-11-06 20:12:00,2,9.56,3.18,0.0,12.74,Debit Card,Refunded
4120,1069,83,2025-09-18 21:55:00,1,14.58,2.43,2.84,14.17,PayPal,Delivered
4121,500,45,2026-02-22 13:40:00,3,10.89,2.31,1.85,11.35,PayPal,Delivered
4122,912,68,2026-06-12 11:17:00,1,3.89,2.91,0.0,6.8,Cash,Delivered
4123,1431,64,2026-06-18 21:59:00,2,31.68,2.29,0.0,33.97,Credit Card,Delivered
4124,1131,75,2026-06-07 13:42:00,1,3.23,2.78,0.0,6.01,Credit Card,Delivered
4125,247,118,2026-06-20 14:40:00,1,4.77,2.55,0.0,7.32,Google Pay,Delivered
4126,786,65,2026-06-11 16:04:00,1,4.26,1.91,0.0,6.17,Credit Card,Delivered
4127,406,77,2026-07-12 10:14:00,1,20.54,3.45,0.0,23.99,Google Pay,Delivered
4128,330,71,2025-11-02 22:36:00,2,24.44,1.9,0.0,26.34,Credit Card,Delivered
4129,1249,107,2025-11-26 22:24:00,1,19.05,3.1,0.0,22.15,Credit Card,Delivered
4130,1474,53,2025-09-02 22:51:00,2,24.38,2.66,0.0,27.04,Debit Card,Delivered
4131,1388,17,2026-02-06 12:37:00,1,8.68,2.68,0.0,11.36,Apple Pay,Delivered
4132,1259,4,2025-12-05 23:04:00,1,7.27,2.56,0.73,9.1,PayPal,Cancelled
4133,703,13,2026-04-17 20:52:00,2,20.98,2.66,0.0,23.64,Google Pay,Delivered
4134,790,92,2026-03-21 20:56:00,1,3.86,2.79,0.0,6.65,PayPal,Delivered
4135,811,100,2026-04-03 21:42:00,1,3.26,2.89,0.0,6.15,PayPal,Delivered
4136,1105,36,2026-04-29 21:46:00,1,12.2,2.87,0.0,15.07,PayPal,Delivered
4137,80,37,2026-09-01 16:08:00,1,1.81,1.2,0.0,3.01,Debit Card,Delivered
4138,1241,81,2025-10-09 19:44:00,1,4.5,2.85,0.0,7.35,PayPal,Delivered
4139,1213,58,2025-12-10 19:36:00,2,33.48,2.14,0.0,35.62,Cash,Delivered
4140,1493,55,2026-01-31 08:07:00,3,9.87,2.47,0.0,12.34,Cash,Delivered
4141,892,26,2025-09-27 08:11:00,2,8.56,3.25,0.95,10.86,Credit Card,Delivered
4142,686,65,2026-06-26 17:32:00,1,3.06,2.99,0.0,6.05,Debit Card,Delivered
4143,719,21,2026-01-20 19:22:00,1,5.0,2.8,0.0,7.8,PayPal,Delivered
4144,931,114,2025-10-31 21:34:00,1,3.7,2.63,0.43,5.9,Apple Pay,Delivered
4145,454,33,2026-03-09 21:57:00,1,13.52,2.25,0.0,15.77,Debit Card,Delivered
4146,1166,46,2025-11-10 19:37:00,1,7.98,2.84,0.0,10.82,Cash,Delivered
4147,666,1,2026-01-20 13:53:00,2,15.12,2.48,0.79,16.81,Debit Card,Delivered
4148,423,112,2026-04-24 20:01:00,1,3.11,2.59,0.0,5.7,Debit Card,Delivered
4149,1103,106,2025-12-26 13:15:00,1,2.09,2.16,0.0,4.25,Apple Pay,Delivered
4150,506,84,2026-07-03 22:53:00,1,3.76,2.52,0.72,5.56,PayPal,Delivered
4151,122,49,2025-12-03 16:43:00,1,3.35,2.9,0.62,5.63,Google Pay,Delivered
4152,784,74,2025-10-12 22:21:00,1,15.18,3.01,0.0,18.19,Credit Card,Delivered
4153,761,119,2026-02-06 12:19:00,1,2.23,1.65,0.0,3.88,Credit Card,Refunded
4154,438,50,2025-11-09 21:44:00,1,3.75,2.61,0.0,6.36,Google Pay,Delivered
4155,52,112,2026-05-10 16:00:00,2,11.34,2.12,0.0,13.46,Debit Card,Delivered
4156,714,16,2026-03-11 12:04:00,1,4.13,2.74,0.0,6.87,Credit Card,Delivered
4157,1159,61,2025-10-25 19:51:00,1,5.84,3.45,0.0,9.29,Apple Pay,Delivered
4158,1203,81,2026-01-01 13:45:00,1,16.06,3.11,2.83,16.34,Cash,Delivered
4159,317,23,2026-07-13 13:49:00,1,12.26,2.71,1.88,13.09,Cash,Delivered
4160,646,11,2026-06-26 17:28:00,2,27.92,2.55,0.0,30.47,Cash,Delivered
4161,1356,100,2026-04-23 14:17:00,2,6.7,3.38,0.0,10.08,Credit Card,Delivered
4162,517,65,2026-07-27 15:23:00,3,9.21,2.7,0.0,11.91,Google Pay,Delivered
4163,715,98,2025-10-10 15:46:00,1,3.33,1.39,0.0,4.72,Credit Card,Delivered
4164,1020,52,2026-05-26 09:14:00,1,4.76,2.4,0.0,7.16,Debit Card,Delivered
4165,686,65,2026-03-25 14:00:00,1,3.11,2.69,0.0,5.8,Credit Card,Cancelled
4166,1263,65,2026-04-07 15:29:00,2,6.4,2.49,0.0,8.89,Debit Card,Delivered
4167,541,103,2025-09-19 20:32:00,2,18.12,2.92,0.0,21.04,Credit Card,Delivered
4168,739,61,2026-01-03 18:25:00,1,7.05,2.22,0.0,9.27,Google Pay,Delivered
4169,775,70,2025-10-03 12:58:00,1,11.69,2.83,0.0,14.52,Cash,Delivered
4170,1117,78,2025-12-02 20:36:00,1,3.22,2.51,0.0,5.73,Credit Card,Delivered
4171,508,42,2026-04-23 10:47:00,1,16.37,2.94,0.0,19.31,Credit Card,Delivered
4172,414,107,2026-06-13 14:14:00,1,7.33,2.72,0.0,10.05,Credit Card,Delivered
4173,540,11,2026-08-10 20:34:00,1,16.54,2.9,0.0,19.44,PayPal,Delivered
4174,349,108,2026-08-27 20:21:00,1,5.11,3.42,0.59,7.94,Google Pay,Delivered
4175,294,35,2025-10-19 12:21:00,1,9.86,2.13,0.0,11.99,Apple Pay,Delivered
4176,1229,64,2026-08-02 14:06:00,1,3.7,3.88,0.0,7.58,Debit Card,Refunded
4177,518,86,2025-12-13 17:44:00,3,25.29,3.67,0.0,28.96,Cash,Delivered
4178,406,107,2026-07-20 15:27:00,1,5.55,2.74,0.0,8.29,PayPal,Delivered
4179,1218,74,2026-07-16 21:58:00,1,15.24,3.38,0.0,18.62,Apple Pay,Delivered
4180,1183,36,2026-08-02 21:35:00,1,12.18,3.12,0.0,15.3,Debit Card,Delivered
4181,369,24,2026-03-06 10:11:00,1,7.35,2.89,0.0,10.24,PayPal,Refunded
4182,458,94,2026-06-01 21:43:00,1,4.49,2.37,0.0,6.86,Debit Card,Delivered
4183,1232,96,2026-02-04 22:02:00,3,47.91,1.44,0.0,49.35,Credit Card,Delivered
4184,417,70,2026-07-07 22:00:00,1,10.24,2.57,0.0,12.81,PayPal,Delivered
4185,1292,3,2026-06-15 11:00:00,2,10.54,2.59,0.0,13.13,Debit Card,Delivered
4186,927,117,2025-11-13 22:02:00,1,4.72,2.3,0.0,7.02,PayPal,Delivered
4187,1000,22,2025-10-07 12:31:00,2,22.92,2.48,1.55,23.85,PayPal,Delivered
4188,801,27,2025-10-19 14:28:00,5,39.44,1.68,0.0,41.12,Debit Card,Delivered
4189,47,65,2025-11-21 15:14:00,1,5.07,3.2,0.0,8.27,Credit Card,Delivered
4190,1237,120,2026-06-18 14:06:00,1,13.43,2.43,0.0,15.86,Apple Pay,Delivered
4191,842,106,2026-08-18 14:36:00,1,3.94,3.29,0.37,6.86,Credit Card,Delivered
4192,260,74,2026-07-08 12:27:00,1,7.46,2.25,0.75,8.96,Credit Card,Delivered
4193,1250,101,2026-04-24 20:18:00,2,19.84,2.37,0.0,22.21,Debit Card,Delivered
4194,441,11,2026-07-20 19:33:00,2,13.14,2.13,0.0,15.27,Credit Card,Delivered
4195,549,119,2026-08-25 20:00:00,1,2.67,1.56,0.0,4.23,Debit Card,Delivered
4196,959,94,2026-07-29 18:52:00,1,2.55,3.13,0.33,5.35,Apple Pay,Delivered
4197,425,92,2026-08-12 13:15:00,1,6.66,2.63,0.0,9.29,Apple Pay,Delivered
4198,10,15,2025-10-25 19:22:00,3,19.23,2.66,0.0,21.89,Debit Card,Delivered
4199,483,74,2026-01-24 20:48:00,2,9.28,2.67,0.0,11.95,Credit Card,Delivered
4200,1025,21,2025-12-12 11:07:00,2,8.48,2.22,1.62,9.08,Cash,Delivered
4201,635,88,2025-10-22 23:57:00,3,12.45,2.05,0.0,14.5,Apple Pay,Delivered
4202,1069,36,2025-11-03 19:24:00,1,3.3,1.85,0.0,5.15,Credit Card,Delivered
4203,106,86,2026-08-19 20:29:00,3,22.77,2.13,0.0,24.9,PayPal,Refunded
4204,387,86,2025-11-06 19:58:00,2,3.98,2.41,0.0,6.39,Google Pay,Delivered
4205,357,57,2026-05-02 21:11:00,1,2.66,1.85,0.29,4.22,Google Pay,Delivered
4206,97,65,2026-07-16 20:09:00,1,4.73,1.62,0.0,6.35,Debit Card,Delivered
4207,971,41,2026-06-02 21:53:00,1,12.87,3.11,0.0,15.98,PayPal,Delivered
4208,316,31,2026-02-13 12:43:00,3,9.49,2.95,0.0,12.44,PayPal,Delivered
4209,709,61,2025-09-10 12:24:00,1,5.78,2.05,0.0,7.83,Apple Pay,Delivered
4210,1486,62,2026-01-31 13:06:00,2,7.34,2.22,0.0,9.56,Google Pay,Delivered
4211,372,56,2025-12-13 23:32:00,1,3.5,3.04,0.0,6.54,Debit Card,Delivered
4212,293,101,2026-07-15 14:45:00,2,25.28,2.0,0.0,27.28,Credit Card,Delivered
4213,1397,93,2026-08-12 14:02:00,3,12.75,1.82,1.88,12.69,Apple Pay,Refunded
4214,537,4,2025-11-24 13:12:00,2,14.5,2.96,0.0,17.46,Google Pay,Delivered
4215,444,117,2026-05-29 18:00:00,3,44.7,1.52,8.12,38.1,Google Pay,Delivered
4216,1080,17,2026-06-27 22:16:00,1,3.7,2.53,0.0,6.23,Credit Card,Delivered
4217,194,42,2026-07-16 20:33:00,2,9.14,2.34,0.0,11.48,Google Pay,Delivered
4218,568,100,2026-08-25 13:59:00,2,15.04,3.16,0.0,18.2,Credit Card,Delivered
4219,300,44,2026-06-09 22:41:00,1,17.63,2.66,0.0,20.29,Cash,Delivered
4220,1338,87,2026-02-19 23:30:00,2,30.72,2.16,0.0,32.88,Apple Pay,Refunded
4221,445,56,2026-01-17 21:57:00,1,3.41,2.52,0.0,5.93,Credit Card,Delivered
4222,851,120,2025-09-22 20:49:00,2,10.42,2.27,0.0,12.69,Credit Card,Delivered
4223,784,92,2026-07-21 20:35:00,1,4.05,2.7,0.0,6.75,Credit Card,Delivered
4224,740,76,2026-08-29 21:03:00,2,21.06,2.27,1.8,21.53,Credit Card,Delivered
4225,100,75,2026-08-03 22:16:00,3,6.15,2.21,0.0,8.36,Credit Card,Delivered
4226,395,109,2026-03-29 20:55:00,3,16.63,2.35,0.0,18.98,Google Pay,Cancelled
4227,1283,76,2026-07-14 19:33:00,1,15.42,2.1,0.0,17.52,Credit Card,Delivered
4228,823,65,2025-09-03 12:55:00,1,4.38,2.82,0.0,7.2,Cash,Delivered
4229,1317,108,2026-01-27 15:04:00,2,6.8,2.94,0.67,9.07,Credit Card,Delivered
4230,840,93,2025-10-10 11:10:00,1,2.71,1.96,0.0,4.67,PayPal,Delivered
4231,478,21,2026-04-03 21:08:00,1,9.93,3.4,0.0,13.33,PayPal,Delivered
4232,519,112,2025-09-01 23:05:00,1,2.86,2.39,0.0,5.25,Debit Card,Delivered
4233,1163,10,2025-12-21 11:21:00,1,4.91,3.15,0.0,8.06,Debit Card,Delivered
4234,357,29,2026-02-01 16:59:00,2,12.48,1.16,0.0,13.64,Apple Pay,Delivered
4235,900,93,2025-10-18 21:01:00,2,7.48,2.25,1.21,8.52,Credit Card,Delivered
4236,1404,17,2025-10-02 10:56:00,1,3.74,1.77,0.0,5.51,Debit Card,Delivered
4237,1269,76,2026-07-27 16:04:00,1,15.23,2.26,1.11,16.38,Apple Pay,Delivered
4238,582,9,2025-12-11 21:00:00,2,16.22,2.53,1.29,17.46,Debit Card,Delivered
4239,416,41,2026-08-25 13:00:00,1,15.28,2.84,0.0,18.12,Credit Card,Delivered
4240,933,39,2026-01-14 20:46:00,2,22.34,2.3,0.0,24.64,Credit Card,Delivered
4241,916,63,2025-09-22 20:10:00,2,28.74,3.01,3.81,27.94,PayPal,Delivered
4242,1084,46,2025-10-10 21:06:00,1,8.45,2.93,0.0,11.38,Cash,Delivered
4243,110,16,2026-05-10 13:49:00,1,5.46,2.52,0.0,7.98,Credit Card,Delivered
4244,810,79,2026-04-08 12:00:00,1,8.39,2.68,0.0,11.07,PayPal,Delivered
4245,15,40,2026-08-13 09:21:00,2,6.74,2.66,0.0,9.4,Credit Card,Delivered
4246,1487,103,2025-12-03 18:45:00,1,2.58,2.2,0.0,4.78,Google Pay,Delivered
4247,1313,74,2026-04-10 13:54:00,2,29.4,3.48,0.0,32.88,Google Pay,Delivered
4248,1110,41,2026-08-31 20:00:00,2,11.94,2.57,0.67,13.84,Debit Card,Delivered
4249,442,83,2025-09-18 19:53:00,2,12.32,2.26,0.0,14.58,Credit Card,Delivered
4250,1120,107,2026-05-15 22:20:00,1,7.43,3.26,0.0,10.69,PayPal,Delivered
4251,669,65,2025-09-06 21:51:00,1,3.68,2.76,0.25,6.19,PayPal,Delivered
4252,974,16,2026-06-18 14:38:00,1,4.15,1.96,0.0,6.11,PayPal,Delivered
4253,348,22,2026-03-03 14:12:00,3,11.34,1.93,0.0,13.27,Debit Card,Cancelled
4254,712,7,2025-12-20 11:37:00,3,37.21,1.88,5.03,34.06,Credit Card,Refunded
4255,1316,73,2026-08-10 21:20:00,1,9.68,2.41,0.0,12.09,Credit Card,Delivered
4256,285,96,2025-11-14 18:04:00,2,13.46,2.87,0.0,16.33,Apple Pay,Delivered
4257,577,105,2025-12-13 14:28:00,3,13.02,2.61,0.0,15.63,PayPal,Delivered
4258,438,93,2026-04-24 21:03:00,1,11.31,2.58,0.94,12.95,Credit Card,Delivered
4259,269,36,2026-01-06 13:25:00,2,23.56,2.99,2.31,24.24,Google Pay,Delivered
4260,596,72,2026-02-27 17:53:00,1,6.72,1.97,0.0,8.69,Google Pay,Delivered
4261,912,68,2026-06-18 16:04:00,1,14.66,2.47,0.0,17.13,Apple Pay,Delivered
4262,83,8,2026-07-31 13:40:00,2,5.56,2.88,0.0,8.44,PayPal,Delivered
4263,309,20,2026-06-20 21:14:00,1,3.64,2.9,0.0,6.54,PayPal,Delivered
4264,1226,68,2025-09-30 21:35:00,1,12.21,3.15,2.04,13.32,PayPal,Delivered
4265,392,88,2026-08-11 18:37:00,2,23.46,3.62,0.0,27.08,Credit Card,Delivered
4266,504,45,2026-02-01 21:45:00,2,15.2,2.84,0.0,18.04,Apple Pay,Delivered
4267,1010,60,2026-07-04 11:40:00,1,3.04,2.65,0.0,5.69,PayPal,Delivered
4268,1120,68,2025-12-14 16:14:00,1,12.18,2.42,0.0,14.6,PayPal,Delivered
4269,1439,63,2026-04-05 20:21:00,1,15.82,3.54,0.0,19.36,PayPal,Delivered
4270,239,112,2026-08-19 15:34:00,1,2.42,3.25,0.0,5.67,Debit Card,Delivered
4271,1133,13,2026-08-09 21:17:00,2,12.33,2.81,1.65,13.49,Apple Pay,Delivered
4272,1086,48,2026-04-27 19:50:00,1,4.01,3.02,0.0,7.03,Credit Card,Delivered
4273,187,82,2026-04-13 15:35:00,1,6.21,2.69,0.0,8.9,Google Pay,Delivered
4274,1315,2,2025-09-12 16:41:00,1,6.74,2.79,1.12,8.41,Cash,Delivered
4275,469,83,2026-04-10 21:39:00,1,4.37,3.24,0.0,7.61,PayPal,Delivered
4276,635,112,2026-02-01 11:21:00,1,4.04,2.96,0.71,6.29,Debit Card,Delivered
4277,1195,68,2025-09-06 22:42:00,3,7.71,3.25,0.0,10.96,Debit Card,Delivered
4278,786,24,2026-08-12 11:38:00,1,8.95,1.72,0.89,9.78,Google Pay,Delivered
4279,413,13,2026-02-14 12:48:00,1,3.8,2.9,0.0,6.7,Debit Card,Refunded
4280,483,74,2026-06-08 21:20:00,1,13.24,2.62,1.3,14.56,Apple Pay,Delivered
4281,1111,36,2025-09-16 15:35:00,3,39.63,1.53,0.0,41.16,Debit Card,Delivered
4282,275,95,2025-11-29 17:53:00,1,5.98,2.66,0.0,8.64,Google Pay,Delivered
4283,708,106,2026-07-26 15:22:00,2,12.6,2.04,0.0,14.64,Debit Card,Delivered
4284,1122,100,2026-08-09 11:50:00,2,6.16,3.05,0.0,9.21,PayPal,Delivered
4285,1327,65,2025-09-04 20:20:00,1,3.2,2.1,0.0,5.3,Credit Card,Delivered
4286,1240,112,2026-07-23 21:07:00,2,10.58,2.03,1.27,11.34,Cash,Delivered
4287,539,116,2025-12-22 13:02:00,1,5.34,2.73,0.0,8.07,PayPal,Delivered
4288,299,113,2025-11-18 21:29:00,1,3.0,2.81,0.49,5.32,PayPal,Delivered
4289,1402,100,2026-08-30 12:24:00,1,5.88,2.55,0.0,8.43,Credit Card,Delivered
4290,897,120,2026-03-15 21:15:00,1,13.37,2.69,0.0,16.06,PayPal,Delivered
4291,612,49,2026-06-18 21:52:00,1,5.42,2.64,0.0,8.06,Debit Card,Delivered
4292,1353,56,2025-10-22 22:50:00,1,3.52,3.8,0.4,6.92,Debit Card,Delivered
4293,1090,52,2026-06-04 21:37:00,3,14.07,3.05,0.0,17.12,Debit Card,Delivered
4294,715,37,2026-01-12 22:46:00,1,1.93,2.07,0.0,4.0,PayPal,Delivered
4295,293,101,2026-05-19 23:35:00,1,11.09,2.76,0.0,13.85,Apple Pay,Delivered
4296,123,62,2026-04-28 22:38:00,1,11.51,2.44,0.0,13.95,Debit Card,Delivered
4297,797,25,2025-09-19 21:13:00,1,2.9,3.5,0.37,6.03,Google Pay,Delivered
4298,172,50,2026-07-17 13:01:00,3,26.19,1.82,0.0,28.01,Credit Card,Delivered
4299,466,28,2025-12-15 21:35:00,2,12.96,2.37,0.0,15.33,PayPal,Delivered
4300,1023,103,2026-01-12 20:06:00,1,2.65,2.84,0.0,5.49,PayPal,Cancelled
4301,20,19,2026-06-19 23:10:00,3,21.6,3.44,0.0,25.04,Cash,Delivered
4302,1485,49,2026-07-18 21:31:00,1,5.45,2.75,0.0,8.2,Debit Card,Delivered
4303,656,31,2026-07-24 13:20:00,2,7.04,2.47,1.31,8.2,PayPal,Delivered
4304,1306,16,2026-02-14 12:23:00,1,4.02,2.86,0.0,6.88,Apple Pay,Delivered
4305,259,2,2026-01-06 13:35:00,1,11.28,2.79,0.0,14.07,Google Pay,Delivered
4306,692,107,2026-06-27 18:50:00,3,13.23,3.78,0.0,17.01,Google Pay,Delivered
4307,1438,50,2026-07-19 20:00:00,2,6.26,2.61,1.11,7.76,Debit Card,Delivered
4308,949,51,2026-04-23 13:16:00,1,7.08,2.79,0.0,9.87,Google Pay,Delivered
4309,1213,58,2025-11-26 13:18:00,3,42.66,1.98,0.0,44.64,Cash,Delivered
4310,1028,17,2025-11-18 14:14:00,2,17.66,2.95,1.72,18.89,Debit Card,Delivered
4311,1110,18,2026-08-31 21:00:00,1,6.12,2.42,0.64,7.9,PayPal,Delivered
4312,547,52,2026-07-13 14:16:00,1,4.47,2.78,0.78,6.47,Debit Card,Delivered
4313,680,17,2025-12-16 11:09:00,1,4.48,2.59,0.77,6.3,Credit Card,Delivered
4314,75,109,2026-05-24 19:52:00,1,7.66,2.3,0.0,9.96,Credit Card,Delivered
4315,389,62,2025-12-10 08:00:00,1,11.47,2.59,0.0,14.06,Credit Card,Delivered
4316,97,65,2026-05-13 20:20:00,1,3.6,2.39,0.0,5.99,PayPal,Cancelled
4317,487,85,2026-01-21 22:41:00,3,16.74,2.48,1.21,18.01,Google Pay,Delivered
4318,1089,52,2025-09-28 12:35:00,1,3.17,3.42,0.0,6.59,Debit Card,Delivered
4319,307,65,2026-03-22 22:16:00,2,8.62,2.59,0.0,11.21,Credit Card,Delivered
4320,718,100,2025-11-27 20:17:00,1,3.28,2.9,0.0,6.18,Debit Card,Delivered
4321,828,117,2026-04-20 12:01:00,1,5.84,3.06,0.0,8.9,Apple Pay,Delivered
4322,246,46,2025-09-17 13:13:00,1,8.42,2.85,0.67,10.6,Debit Card,Delivered
4323,1217,32,2026-04-22 13:00:00,2,7.6,2.4,0.49,9.51,Apple Pay,Delivered
4324,1157,43,2026-06-21 13:00:00,1,11.7,3.36,2.05,13.01,Credit Card,Delivered
4325,282,115,2026-08-13 14:00:00,3,14.01,3.4,0.0,17.41,PayPal,Delivered
4326,55,119,2026-08-13 22:00:00,1,2.19,2.64,0.11,4.72,Apple Pay,Delivered
4327,7,34,2025-12-13 13:46:00,2,6.42,2.24,0.0,8.66,Apple Pay,Delivered
4328,440,55,2025-10-03 23:26:00,3,40.37,1.9,0.0,42.27,PayPal,Delivered
4329,189,34,2026-04-16 19:49:00,1,5.93,1.95,0.0,7.88,Google Pay,Delivered
4330,27,94,2026-02-15 18:18:00,1,2.64,2.72,0.0,5.36,Credit Card,Delivered
4331,692,68,2025-12-13 20:40:00,1,12.69,2.47,0.0,15.16,PayPal,Delivered
4332,788,23,2026-04-16 21:47:00,2,6.82,2.9,0.0,9.72,Debit Card,Delivered
4333,28,112,2026-08-01 23:36:00,1,4.63,3.42,0.0,8.05,Cash,Delivered
4334,898,120,2026-03-17 08:18:00,1,5.66,2.34,0.0,8.0,PayPal,Cancelled
4335,605,110,2026-08-29 15:00:00,1,2.25,3.19,0.22,5.22,PayPal,Delivered
4336,301,34,2026-01-27 12:06:00,1,8.16,2.53,0.0,10.69,Google Pay,Delivered
4337,167,42,2026-06-16 12:22:00,1,4.98,2.57,0.0,7.55,Credit Card,Delivered
4338,1139,13,2025-10-07 12:50:00,1,5.05,2.86,0.0,7.91,Debit Card,Delivered
4339,162,101,2025-12-26 21:39:00,2,18.64,3.46,0.0,22.1,Debit Card,Delivered
4340,301,34,2026-02-19 11:21:00,2,12.06,2.78,0.0,14.84,Credit Card,Delivered
4341,1069,88,2026-04-21 22:25:00,2,23.6,3.24,0.0,26.84,PayPal,Delivered
4342,945,39,2026-03-30 21:24:00,1,10.09,2.53,0.0,12.62,Debit Card,Delivered
4343,1500,89,2026-05-14 15:25:00,3,40.29,1.38,0.0,41.67,Credit Card,Delivered
4344,61,28,2026-08-10 16:13:00,3,45.57,1.76,0.0,47.33,Credit Card,Delivered
4345,292,36,2025-11-03 20:47:00,2,10.64,2.81,0.0,13.45,Credit Card,Cancelled
4346,993,8,2026-02-23 08:05:00,3,11.46,2.23,0.0,13.69,Debit Card,Delivered
4347,345,8,2026-01-17 15:47:00,1,9.95,2.07,0.0,12.02,PayPal,Cancelled
4348,572,10,2025-10-03 12:33:00,1,5.57,2.48,0.0,8.05,Credit Card,Delivered
4349,445,5,2025-10-17 12:24:00,1,6.46,3.08,0.0,9.54,Google Pay,Delivered
4350,1213,74,2026-04-18 19:47:00,5,45.4,1.54,0.0,46.94,Credit Card,Delivered
4351,1178,114,2026-03-06 13:56:00,1,4.4,2.9,0.0,7.3,Credit Card,Delivered
4352,1209,117,2025-12-16 15:25:00,2,11.62,2.68,0.0,14.3,Debit Card,Refunded
4353,759,90,2026-07-29 21:32:00,3,43.83,1.72,0.0,45.55,Credit Card,Refunded
4354,732,83,2025-12-23 20:26:00,1,2.44,2.29,0.0,4.73,Cash,Delivered
4355,857,48,2026-04-06 14:29:00,1,10.36,2.44,0.0,12.8,Apple Pay,Delivered
4356,101,105,2026-08-27 11:21:00,1,15.87,2.73,0.0,18.6,Debit Card,Delivered
4357,820,91,2026-05-15 10:30:00,1,3.2,2.37,0.0,5.57,Cash,Delivered
4358,415,99,2026-05-25 18:01:00,1,5.56,2.67,0.0,8.23,PayPal,Delivered
4359,1407,79,2025-12-13 16:46:00,1,2.07,2.14,0.12,4.09,Apple Pay,Cancelled
4360,277,67,2026-08-18 21:00:00,2,5.04,1.95,0.0,6.99,Debit Card,Delivered
4361,53,8,2026-05-04 11:00:00,1,2.61,2.62,0.0,5.23,Credit Card,Delivered
4362,1446,92,2025-12-20 22:23:00,1,18.22,2.36,0.0,20.58,Debit Card,Delivered
4363,237,40,2026-05-29 13:41:00,1,3.34,2.86,0.0,6.2,Debit Card,Delivered
4364,777,44,2026-03-13 14:01:00,1,5.54,3.67,0.0,9.21,Cash,Delivered
4365,574,27,2025-10-18 22:20:00,1,1.91,1.9,0.0,3.81,Credit Card,Delivered
4366,404,69,2026-08-03 22:00:00,2,11.66,2.95,0.0,14.61,Credit Card,Cancelled
4367,733,69,2025-10-15 18:31:00,1,4.95,2.6,0.0,7.55,PayPal,Cancelled
4368,1099,54,2025-10-29 11:27:00,2,6.22,2.98,0.0,9.2,PayPal,Delivered
4369,171,82,2025-11-21 20:18:00,1,3.74,1.87,0.0,5.61,PayPal,Delivered
4370,993,8,2026-01-05 21:41:00,2,18.24,2.48,0.0,20.72,Debit Card,Delivered
4371,1340,65,2025-11-26 13:39:00,3,8.7,2.62,0.57,10.75,Debit Card,Delivered
4372,436,20,2026-08-20 12:00:00,1,3.86,3.76,0.36,7.26,Credit Card,Delivered
4373,1017,73,2026-08-18 18:59:00,1,4.42,1.94,0.0,6.36,Apple Pay,Delivered
4374,1381,12,2026-08-21 21:33:00,2,21.46,2.48,0.0,23.94,Debit Card,Delivered
4375,1399,108,2025-10-28 18:51:00,1,16.26,3.0,0.0,19.26,Google Pay,Delivered
4376,972,62,2026-08-31 13:00:00,1,4.0,3.11,0.69,6.42,Debit Card,Delivered
4377,1412,75,2025-10-09 22:28:00,1,3.18,2.43,0.0,5.61,Google Pay,Delivered
4378,1166,54,2026-05-17 22:35:00,1,3.65,3.39,0.0,7.04,Google Pay,Delivered
4379,769,70,2025-10-23 20:20:00,1,3.63,2.79,0.0,6.42,PayPal,Delivered
4380,189,34,2025-12-15 11:47:00,1,2.99,2.33,0.0,5.32,Apple Pay,Delivered
4381,1280,6,2025-11-14 13:27:00,1,10.97,2.13,0.0,13.1,Credit Card,Delivered
4382,430,106,2026-02-23 20:16:00,1,9.94,2.55,0.0,12.49,Credit Card,Delivered
4383,1106,86,2026-01-15 21:18:00,1,9.12,2.89,1.29,10.72,Apple Pay,Delivered
4384,968,111,2026-03-19 17:19:00,1,2.99,2.4,0.5,4.89,Credit Card,Delivered
4385,541,103,2025-11-11 14:59:00,1,8.94,2.31,0.0,11.25,Apple Pay,Delivered
4386,1163,46,2026-03-05 22:19:00,5,54.88,1.31,0.0,56.19,Credit Card,Delivered
4387,987,23,2025-10-03 15:12:00,1,8.69,2.77,0.0,11.46,Credit Card,Cancelled
4388,1119,115,2025-09-17 22:41:00,3,7.47,2.73,0.0,10.2,Debit Card,Delivered
4389,1430,60,2025-10-21 19:48:00,1,4.84,3.0,0.0,7.84,Google Pay,Delivered
4390,413,13,2025-12-07 20:25:00,2,7.46,2.73,0.0,10.19,Apple Pay,Delivered
4391,1147,34,2026-06-16 12:24:00,1,6.08,2.24,0.0,8.32,Apple Pay,Delivered
4392,60,62,2025-12-30 13:36:00,1,10.84,2.74,0.0,13.58,Apple Pay,Delivered
4393,1065,82,2026-03-24 23:00:00,1,2.85,2.65,0.0,5.5,Google Pay,Delivered
4394,234,118,2026-05-06 21:06:00,1,7.72,2.83,0.0,10.55,Credit Card,Delivered
4395,333,73,2026-06-01 17:55:00,1,6.33,2.93,0.0,9.26,Google Pay,Delivered
4396,294,70,2026-04-02 18:22:00,3,32.82,2.33,0.0,35.15,Debit Card,Delivered
4397,1247,3,2026-07-15 11:00:00,2,9.46,3.15,1.72,10.89,PayPal,Delivered
4398,561,100,2026-04-30 21:03:00,1,3.94,3.46,0.35,7.05,Apple Pay,Delivered
4399,585,101,2025-12-22 11:37:00,2,25.58,2.38,2.94,25.02,Google Pay,Delivered
4400,543,81,2026-04-04 15:06:00,1,17.7,2.58,0.0,20.28,PayPal,Cancelled
4401,937,63,2026-08-25 15:02:00,1,17.01,3.5,0.0,20.51,PayPal,Delivered
4402,1374,8,2025-09-27 20:57:00,1,2.81,1.91,0.0,4.72,Debit Card,Delivered
4403,1017,28,2025-10-04 16:07:00,1,14.53,3.41,0.79,17.15,Credit Card,Delivered
4404,152,77,2025-12-01 23:44:00,3,19.2,2.74,0.0,21.94,PayPal,Delivered
4405,773,58,2026-04-21 21:00:00,1,17.97,2.76,0.0,20.73,PayPal,Delivered
4406,162,101,2026-02-22 23:14:00,1,3.37,2.7,0.0,6.07,Debit Card,Delivered
4407,249,23,2025-12-17 18:22:00,1,10.41,2.58,0.0,12.99,Credit Card,Delivered
4408,296,101,2026-07-26 14:08:00,2,25.26,3.51,0.0,28.77,PayPal,Delivered
4409,1047,91,2025-09-03 23:36:00,1,3.37,3.32,0.23,6.46,Credit Card,Delivered
4410,1314,2,2026-03-18 11:49:00,2,15.06,3.54,0.0,18.6,Debit Card,Delivered
4411,371,119,2026-03-21 23:23:00,1,3.7,3.19,0.0,6.89,Apple Pay,Refunded
4412,1414,26,2026-06-09 11:55:00,2,9.54,2.88,0.0,12.42,Credit Card,Delivered
4413,399,12,2026-03-20 21:10:00,1,3.35,2.27,0.0,5.62,Google Pay,Delivered
4414,461,74,2025-10-20 21:56:00,1,7.36,2.89,0.0,10.25,Apple Pay,Delivered
4415,191,26,2025-12-26 20:47:00,1,4.85,3.19,0.96,7.08,Credit Card,Delivered
4416,71,116,2025-11-03 21:03:00,1,3.32,2.21,0.0,5.53,Credit Card,Delivered
4417,930,34,2026-07-12 11:00:00,2,6.22,2.6,0.0,8.82,Credit Card,Delivered
4418,612,3,2026-07-31 15:03:00,3,14.13,2.34,0.0,16.47,Google Pay,Delivered
4419,177,66,2026-01-22 14:58:00,1,2.57,2.51,0.0,5.08,Credit Card,Delivered
4420,848,89,2026-01-14 23:40:00,1,5.12,3.06,0.0,8.18,PayPal,Cancelled
4421,518,57,2026-02-17 17:12:00,2,5.4,2.47,0.0,7.87,Apple Pay,Delivered
4422,590,88,2025-10-31 11:54:00,1,11.88,2.79,0.0,14.67,Credit Card,Delivered
4423,1335,110,2026-07-07 13:18:00,2,5.2,2.58,0.44,7.34,Debit Card,Cancelled
4424,606,37,2026-05-01 22:07:00,2,3.62,2.58,0.65,5.55,Debit Card,Delivered
4425,680,17,2026-05-19 22:16:00,1,9.76,2.34,0.0,12.1,Apple Pay,Delivered
4426,1031,108,2026-01-06 23:51:00,1,3.36,2.95,0.0,6.31,Cash,Delivered
4427,1342,8,2026-08-28 12:00:00,2,19.84,2.31,0.0,22.15,Cash,Delivered
4428,1108,61,2026-02-21 21:55:00,1,5.1,2.73,0.0,7.83,Credit Card,Delivered
4429,740,60,2025-11-27 15:35:00,1,2.19,3.14,0.0,5.33,PayPal,Delivered
4430,459,8,2025-09-08 21:11:00,1,2.74,2.43,0.0,5.17,PayPal,Delivered
4431,269,69,2026-05-23 22:55:00,1,5.81,3.33,1.08,8.06,Google Pay,Delivered
4432,186,28,2026-07-11 13:31:00,1,6.44,2.56,0.0,9.0,PayPal,Delivered
4433,1139,62,2025-11-21 18:53:00,1,3.66,2.72,0.2,6.18,Debit Card,Delivered
4434,1106,1,2026-04-17 14:05:00,3,10.95,1.67,0.0,12.62,Debit Card,Delivered
4435,531,73,2026-07-31 17:14:00,3,13.11,2.38,2.27,13.22,Google Pay,Delivered
4436,1409,10,2026-05-29 13:13:00,1,13.04,2.73,0.0,15.77,PayPal,Delivered
4437,1450,5,2026-07-01 14:25:00,3,11.22,2.99,0.0,14.21,Credit Card,Delivered
4438,932,82,2026-07-25 13:51:00,1,10.04,2.38,1.76,10.66,Google Pay,Delivered
4439,394,73,2025-12-04 14:24:00,1,4.83,2.32,0.34,6.81,PayPal,Delivered
4440,760,61,2026-02-06 19:00:00,1,6.22,2.81,0.0,9.03,Credit Card,Delivered
4441,1234,89,2026-07-11 20:00:00,1,3.56,2.09,0.0,5.65,Debit Card,Delivered
4442,761,34,2026-06-16 22:57:00,1,6.83,1.63,0.0,8.46,Credit Card,Delivered
4443,741,99,2025-11-09 15:59:00,3,16.89,2.43,0.0,19.32,PayPal,Delivered
4444,799,57,2026-07-29 20:52:00,1,2.72,2.44,0.0,5.16,PayPal,Cancelled
4445,1264,64,2025-09-10 23:10:00,1,5.95,2.71,0.62,8.04,Cash,Delivered
4446,617,1,2026-01-16 17:51:00,1,2.36,2.32,0.19,4.49,Credit Card,Delivered
4447,275,7,2026-08-17 21:46:00,1,12.45,3.06,0.0,15.51,Debit Card,Delivered
4448,771,116,2026-01-07 23:21:00,3,16.2,2.98,0.0,19.18,Credit Card,Delivered
4449,951,9,2026-06-05 21:13:00,1,1.99,3.13,0.15,4.97,Credit Card,Delivered
4450,1403,75,2025-09-16 11:59:00,1,3.18,2.55,0.0,5.73,Apple Pay,Delivered
4451,170,26,2026-02-26 13:44:00,2,10.0,3.63,0.54,13.09,Apple Pay,Delivered
4452,1414,26,2026-06-13 14:15:00,1,4.24,3.31,0.0,7.55,Google Pay,Delivered
4453,1209,116,2026-07-05 21:12:00,1,5.69,2.64,0.0,8.33,PayPal,Delivered
4454,1066,103,2026-02-07 20:35:00,1,4.53,2.1,0.0,6.63,Credit Card,Delivered
4455,354,118,2025-09-28 12:31:00,1,4.67,2.88,0.0,7.55,Debit Card,Cancelled
4456,310,99,2026-03-14 17:49:00,1,6.17,2.24,0.0,8.41,PayPal,Delivered
4457,642,8,2026-05-28 16:40:00,2,5.2,2.23,0.0,7.43,PayPal,Delivered
4458,274,74,2026-02-12 21:48:00,1,6.42,2.76,0.0,9.18,Credit Card,Refunded
4459,984,61,2026-08-29 13:00:00,1,15.48,3.15,0.0,18.63,Google Pay,Refunded
4460,1129,3,2025-12-24 13:58:00,2,7.64,2.48,0.0,10.12,Google Pay,Delivered
4461,718,2,2026-06-26 20:57:00,1,5.97,2.94,0.88,8.03,Apple Pay,Delivered
4462,1038,85,2026-06-03 11:56:00,1,2.68,2.29,0.0,4.97,Credit Card,Delivered
4463,1169,106,2026-02-05 20:42:00,2,4.36,2.66,0.35,6.67,Debit Card,Delivered
4464,1370,65,2025-10-06 16:22:00,1,3.08,3.19,0.0,6.27,Apple Pay,Delivered
4465,1033,4,2026-01-06 19:09:00,1,3.18,2.1,0.0,5.28,Debit Card,Delivered
4466,351,19,2026-06-08 21:33:00,2,13.4,2.82,0.0,16.22,Debit Card,Delivered
4467,196,102,2026-07-23 12:22:00,2,11.16,3.83,0.0,14.99,PayPal,Delivered
4468,1411,10,2026-02-14 13:10:00,2,7.24,2.58,0.0,9.82,Credit Card,Delivered
4469,1161,13,2025-12-18 22:18:00,1,5.52,2.18,0.0,7.7,Credit Card,Delivered
4470,1275,30,2026-06-07 21:48:00,1,11.8,2.85,0.0,14.65,Credit Card,Delivered
4471,636,83,2026-08-09 13:17:00,1,2.87,2.33,0.0,5.2,Credit Card,Delivered
4472,237,40,2025-10-22 21:05:00,3,25.08,2.83,0.0,27.91,Debit Card,Delivered
4473,897,116,2025-12-26 17:12:00,1,4.42,3.14,0.0,7.56,Google Pay,Delivered
4474,960,45,2026-06-19 20:10:00,2,6.56,2.03,0.0,8.59,Credit Card,Delivered
4475,325,10,2025-10-18 21:11:00,2,11.72,2.29,0.0,14.01,Debit Card,Delivered
4476,705,20,2026-08-22 11:25:00,1,11.78,3.21,0.0,14.99,Credit Card,Delivered
4477,635,83,2025-11-26 20:52:00,1,17.09,3.45,0.95,19.59,Debit Card,Delivered
4478,390,42,2026-02-27 14:22:00,1,5.86,2.76,0.64,7.98,Credit Card,Delivered
4479,1226,51,2026-03-09 18:59:00,1,12.63,3.49,0.0,16.12,Debit Card,Delivered
4480,729,52,2026-01-15 14:52:00,1,12.65,3.38,0.79,15.24,Google Pay,Delivered
4481,1390,78,2025-10-18 23:09:00,2,11.18,3.05,0.0,14.23,Google Pay,Delivered
4482,3,11,2025-09-12 20:36:00,3,55.92,1.94,0.0,57.86,Debit Card,Delivered
4483,1409,11,2026-01-17 22:47:00,2,25.28,3.15,0.0,28.43,Debit Card,Cancelled
4484,993,8,2025-12-08 13:42:00,2,8.72,2.66,1.71,9.67,Apple Pay,Delivered
4485,1051,7,2026-07-28 14:13:00,3,33.96,0.99,0.0,34.95,PayPal,Delivered
4486,432,34,2026-05-01 21:42:00,1,6.46,2.23,0.0,8.69,Debit Card,Delivered
4487,119,40,2025-10-05 13:31:00,2,16.68,2.15,1.77,17.06,Google Pay,Delivered
4488,348,102,2026-06-04 23:14:00,1,4.8,2.43,0.0,7.23,Debit Card,Delivered
4489,664,100,2026-04-13 20:11:00,1,3.06,2.89,0.35,5.6,Google Pay,Delivered
4490,507,31,2026-06-27 22:00:00,2,6.98,2.54,0.0,9.52,Google Pay,Delivered
4491,290,38,2026-01-26 12:16:00,1,4.56,2.77,0.0,7.33,Google Pay,Delivered
4492,19,81,2026-05-28 16:32:00,1,6.55,2.83,0.0,9.38,Credit Card,Delivered
4493,1047,91,2026-04-25 14:24:00,1,5.23,2.72,0.27,7.68,Credit Card,Delivered
4494,1001,69,2026-03-29 23:07:00,1,5.6,2.75,0.51,7.84,Debit Card,Delivered
4495,243,117,2026-02-27 12:42:00,1,3.32,3.42,0.0,6.74,Apple Pay,Delivered
4496,1175,9,2026-05-11 21:03:00,1,8.51,2.7,1.33,9.88,Debit Card,Delivered
4497,1467,53,2026-07-17 20:28:00,2,23.78,2.3,0.0,26.08,Credit Card,Delivered
4498,1500,73,2025-11-02 22:03:00,3,6.13,2.58,0.0,8.71,Debit Card,Delivered
4499,292,90,2026-01-25 23:48:00,1,15.41,3.03,0.0,18.44,Debit Card,Delivered
4500,641,57,2026-07-07 21:19:00,1,2.77,2.17,0.0,4.94,Apple Pay,Delivered
