order_item_id,order_id,item_id,quantity,unit_price_eur,item_discount_eur
1,1,30,1,7.0,0.0
2,2,1300,2,2.67,0.47
3,3,214,1,3.05,0.0
4,4,357,2,5.06,0.0
5,5,1279,1,8.92,0.0
6,6,1268,1,3.66,0.0
7,7,1010,1,4.37,0.0
8,8,822,3,6.46,0.0
9,9,55,1,4.21,0.36
10,10,500,3,4.61,0.0
11,11,833,2,4.6,0.0
12,12,263,1,5.09,0.0
13,13,1051,1,1.98,0.0
14,14,1279,2,8.96,0.0
15,15,1302,1,4.4,0.0
16,16,105,2,4.27,0.0
17,17,1085,1,11.88,0.0
18,18,256,1,8.39,0.0
19,19,362,2,11.86,0.0
20,20,240,1,3.87,0.0
21,21,1352,1,11.16,0.0
22,22,998,2,17.65,0.0
23,22,1000,2,16.17,0.0
24,23,85,1,4.7,0.0
25,24,547,1,3.19,0.0
26,25,879,2,4.05,0.0
27,26,504,1,4.04,0.0
28,27,199,1,5.62,0.0
29,28,1192,1,13.15,0.0
30,29,793,1,2.96,0.0
31,30,253,3,4.77,0.0
32,31,1485,1,2.79,0.0
33,32,926,1,15.33,0.0
34,33,1080,1,12.13,0.0
35,34,238,2,12.69,0.0
36,35,1232,1,5.39,0.0
37,36,1036,3,2.97,0.0
38,37,233,1,6.38,0.0
39,38,397,1,4.23,0.0
40,39,1155,2,7.21,0.0
41,40,209,1,8.8,0.0
42,41,782,1,5.54,0.0
43,42,96,1,10.81,0.0
44,43,1428,1,4.46,0.0
45,44,958,2,4.51,0.0
46,45,713,1,2.87,0.0
47,46,178,1,5.8,0.0
48,47,1463,1,5.82,0.0
49,48,42,3,11.38,0.0
50,49,1434,1,2.92,0.0
51,50,1050,1,6.16,0.0
52,51,798,1,5.3,0.0
53,51,795,1,4.83,0.0
54,52,178,1,5.77,0.0
55,53,635,1,5.61,0.0
56,54,107,2,9.15,0.0
57,55,172,3,3.43,0.0
58,56,566,1,6.13,0.0
59,57,1123,3,15.21,0.0
60,58,532,1,4.38,0.0
61,59,298,2,3.55,0.0
62,60,1062,1,8.53,0.0
63,60,1048,2,6.9,0.0
64,61,962,2,15.03,0.0
65,62,643,1,4.7,0.0
66,63,412,1,3.23,0.0
67,64,575,3,1.63,0.0
68,65,404,2,6.01,0.0
69,66,1430,1,2.49,0.26
70,67,697,2,6.04,0.0
71,68,1370,1,9.09,0.0
72,68,1361,2,4.25,0.0
73,69,849,1,5.59,0.0
74,70,243,1,3.65,0.0
75,71,1231,2,14.98,0.0
76,72,116,1,2.35,0.14
77,73,766,1,3.34,0.0
78,74,873,2,12.19,1.28
79,75,991,1,3.13,0.0
80,76,569,1,6.04,0.34
81,77,1198,1,5.83,0.0
82,78,503,1,4.83,0.0
83,79,1318,1,3.12,0.0
84,80,742,1,2.91,0.0
85,81,1290,1,4.27,0.0
86,82,825,3,5.91,0.0
87,83,1190,1,4.66,0.0
88,84,506,1,6.59,0.0
89,85,1395,2,8.58,0.86
90,86,1403,1,4.68,0.0
91,87,380,1,2.52,0.0
92,88,64,2,4.36,0.0
93,89,203,1,4.18,0.0
94,90,602,2,10.81,1.84
95,91,1079,1,4.15,0.0
96,92,169,2,5.0,0.0
97,93,910,1,15.23,0.0
98,94,137,1,8.7,0.0
99,95,1289,3,9.11,0.0
100,96,1283,2,4.67,1.27
101,97,352,1,2.69,0.0
102,98,1326,2,5.53,0.0
103,99,551,1,3.4,0.0
104,100,836,1,5.85,0.0
105,101,402,1,8.42,0.0
106,102,11,1,3.68,0.45
107,103,958,2,4.36,0.0
108,104,1082,3,9.75,0.0
109,105,846,2,11.94,0.0
110,106,914,1,3.21,0.0
111,107,519,1,3.93,0.0
112,108,1217,1,6.74,0.0
113,109,624,1,10.58,0.0
114,110,654,1,4.92,0.0
115,110,651,2,11.44,0.0
116,111,1440,3,15.96,0.0
117,112,1254,2,3.86,0.0
118,113,1368,3,4.13,0.0
119,114,1287,1,8.86,0.0
120,115,1004,1,6.23,0.0
121,116,1244,2,5.97,0.0
122,117,1296,1,9.43,0.0
123,118,905,1,6.34,0.0
124,119,792,1,4.25,0.0
125,120,705,2,3.4,0.0
126,121,610,1,9.43,0.0
127,122,1277,1,2.52,0.0
128,123,1250,1,3.35,0.0
129,123,1244,2,5.92,0.0
130,124,385,2,4.16,0.0
131,125,919,1,8.65,0.0
132,126,1260,2,5.68,0.0
133,127,1494,1,5.65,0.0
134,128,878,1,6.71,0.0
135,129,304,2,5.9,0.0
136,129,306,1,4.8,0.0
137,130,1368,1,4.15,0.0
138,131,454,1,3.99,0.0
139,132,382,1,8.3,0.0
140,133,406,1,6.46,0.0
141,134,1366,3,7.48,0.0
142,135,477,1,3.21,0.0
143,136,904,1,13.24,0.0
144,137,402,1,8.43,0.0
145,138,142,1,18.63,0.0
146,139,993,1,7.35,0.0
147,139,987,3,3.47,0.0
148,140,1189,2,13.39,0.0
149,140,1184,2,5.98,0.0
150,141,158,1,2.76,0.0
151,142,917,1,2.99,0.0
152,143,773,1,17.05,0.0
153,144,235,1,4.56,0.0
154,145,995,2,7.09,0.0
155,146,810,1,2.11,0.0
156,147,602,2,10.74,0.0
157,148,1031,3,3.72,0.0
158,149,772,2,6.83,0.0
159,149,774,1,4.07,0.0
160,150,27,1,4.33,0.0
161,151,586,1,10.32,0.0
162,152,81,1,13.47,0.0
163,153,666,1,4.2,0.0
164,154,1242,1,4.14,0.0
165,155,1080,3,12.14,0.0
166,155,1086,1,10.49,0.0
167,156,421,1,3.86,0.0
168,157,845,1,5.36,0.0
169,158,389,2,2.84,0.0
170,159,853,1,11.67,0.0
171,160,1340,1,7.01,0.0
172,161,1253,1,12.82,0.0
173,161,1257,2,12.68,0.0
174,162,538,1,17.63,0.0
175,163,959,3,7.36,0.0
176,164,746,3,12.32,0.0
177,165,1496,1,2.79,0.0
178,166,419,3,15.03,0.0
179,167,1486,1,2.1,0.0
180,168,412,1,3.16,0.0
181,169,696,1,3.26,0.0
182,170,885,1,6.37,0.0
183,171,255,1,4.82,0.0
184,172,1246,1,3.29,0.0
185,173,897,1,4.86,0.0
186,174,1155,3,7.18,0.0
187,175,1244,1,5.84,0.0
188,176,940,2,4.64,0.0
189,177,724,2,8.46,0.0
190,178,408,3,3.01,0.0
191,179,56,1,3.54,0.0
192,180,708,1,2.72,0.0
193,181,726,1,6.09,0.0
194,182,756,1,3.07,0.4
195,183,709,1,1.61,0.0
196,184,409,1,3.83,0.0
197,185,551,1,3.31,0.0
198,186,44,3,5.5,1.47
199,187,207,3,9.75,0.0
200,188,1322,1,3.92,0.0
201,189,1302,1,4.47,0.45
202,190,624,2,10.59,0.0
203,191,148,1,13.96,0.0
204,192,574,1,8.03,0.0
205,193,930,1,10.43,0.0
206,194,1281,2,2.38,0.0
207,195,784,1,15.71,0.0
208,195,788,1,17.58,0.0
209,196,1198,3,5.97,0.0
210,197,58,1,2.39,0.0
211,197,55,1,4.25,0.0
212,198,1436,1,3.34,0.0
213,199,1360,3,7.17,0.0
214,200,819,1,2.74,0.0
215,201,764,1,4.52,0.0
216,202,886,1,15.22,0.0
217,203,1469,3,10.57,0.0
218,204,1088,1,3.35,0.0
219,205,662,1,3.13,0.0
220,206,1076,1,17.63,0.0
221,207,677,3,7.35,1.62
222,208,1298,2,3.58,0.0
223,209,881,1,13.21,1.62
224,210,754,3,10.28,0.0
225,211,1303,1,4.85,0.0
226,212,1366,1,7.47,0.0
227,213,1058,1,3.98,0.0
228,214,1425,3,10.71,0.0
229,215,483,2,4.97,0.0
230,216,328,1,12.68,0.95
231,217,549,1,3.64,0.0
232,218,249,1,12.2,0.0
233,219,958,1,4.35,0.0
234,220,1086,1,10.45,0.0
235,221,74,3,4.67,0.0
236,222,408,3,2.88,0.0
237,223,1484,1,3.78,0.0
238,224,591,1,1.85,0.0
239,225,783,3,6.01,0.0
240,226,952,3,6.92,0.0
241,227,446,3,17.17,0.0
242,228,917,2,2.94,0.0
243,229,408,2,3.06,0.0
244,230,366,2,15.53,0.0
245,230,367,2,10.37,0.0
246,231,1493,2,14.0,0.0
247,232,59,1,3.38,0.0
248,233,766,2,3.42,0.54
249,234,1468,1,5.53,0.0
250,235,638,1,5.47,0.0
251,236,1170,1,2.79,0.0
252,236,1165,1,4.58,0.0
253,236,1176,1,8.19,0.0
254,236,1177,2,9.5,0.0
255,236,1172,1,3.98,0.0
256,237,1290,3,4.35,0.0
257,238,911,1,4.55,0.0
258,239,233,2,6.46,0.0
259,240,308,1,2.79,0.18
260,241,915,1,3.13,0.0
261,241,914,3,3.36,0.0
262,242,1092,2,3.96,0.0
263,243,1014,1,2.71,0.0
264,244,155,1,13.42,0.0
265,245,648,1,5.89,0.0
266,246,344,2,6.3,0.0
267,247,797,1,3.11,0.24
268,248,175,3,10.64,0.0
269,249,532,1,4.4,0.0
270,250,679,1,13.31,0.0
271,251,1275,2,4.41,0.0
272,252,1207,1,2.69,0.0
273,252,1208,2,3.33,0.0
274,253,136,1,5.8,0.78
275,254,587,1,4.44,0.0
276,255,1227,1,3.82,0.0
277,256,718,1,16.84,0.0
278,257,1191,1,9.29,0.0
279,257,1181,1,3.71,0.51
280,258,159,1,9.84,0.0
281,259,1365,2,3.77,0.0
282,260,763,1,2.97,0.0
283,261,1304,1,4.33,0.0
284,262,1099,2,3.69,0.0
285,263,90,1,13.74,0.0
286,264,1143,1,6.57,0.0
287,265,243,2,3.53,0.0
288,266,1178,1,3.76,0.0
289,267,408,1,2.93,0.0
290,268,824,1,12.81,0.0
291,269,1066,3,4.5,0.0
292,270,294,1,10.24,0.0
293,271,1248,1,3.03,0.0
294,272,1250,1,3.27,0.0
295,273,556,1,8.67,0.5
296,274,1016,1,3.34,0.0
297,275,1498,1,3.7,0.0
298,276,924,1,15.25,0.0
299,277,904,2,13.21,0.0
300,278,935,2,4.27,0.84
301,279,306,1,4.83,0.0
302,280,208,1,9.74,0.0
303,281,120,1,4.72,0.0
304,282,1285,1,2.42,0.3
305,283,1443,1,5.86,0.0
306,284,1193,1,5.58,0.0
307,285,89,1,4.33,0.0
308,286,1244,1,5.9,0.0
309,287,792,1,4.42,0.0
310,288,719,1,14.22,0.0
311,289,1313,2,6.81,0.0
312,289,1317,1,8.04,0.0
313,290,1430,1,2.5,0.0
314,291,906,1,12.9,0.0
315,291,909,1,7.41,0.0
316,291,904,2,13.21,0.0
317,291,907,2,15.57,2.91
318,292,459,1,9.68,0.0
319,293,1083,1,5.59,0.0
320,294,1012,1,17.0,1.68
321,295,964,1,3.16,0.0
322,296,1314,3,6.28,0.0
323,297,846,1,11.94,0.0
324,298,407,1,6.85,0.0
325,299,1217,1,6.75,0.0
326,300,860,1,3.98,0.0
327,301,1132,3,15.74,0.0
328,302,1296,1,9.41,0.0
329,303,39,1,14.87,0.0
330,304,1104,1,6.77,0.0
331,305,549,2,3.62,0.0
332,306,657,1,3.25,0.0
333,307,1097,1,8.87,1.1
334,308,858,1,3.64,0.0
335,309,160,1,3.58,0.0
336,310,698,1,11.55,0.0
337,311,81,2,13.42,0.0
338,312,210,1,3.77,0.0
339,313,513,1,5.8,0.0
340,314,1490,2,2.48,0.0
341,315,410,1,3.72,0.52
342,316,908,1,3.96,0.0
343,317,504,1,4.07,0.0
344,318,299,1,12.73,0.0
345,319,883,2,5.96,0.0
346,319,888,2,4.38,0.0
347,320,1083,1,5.53,0.0
348,321,799,1,3.31,0.0
349,322,1192,2,13.08,0.0
350,323,1013,2,6.27,0.0
351,323,1011,1,3.58,0.22
352,324,439,2,7.24,0.0
353,325,538,1,17.63,2.49
354,326,1161,3,3.59,0.0
355,327,32,3,14.38,0.0
356,328,1252,3,9.82,0.0
357,329,1468,1,5.64,0.0
358,330,919,1,8.75,0.0
359,331,835,1,10.56,0.0
360,332,316,2,2.8,0.0
361,333,1274,2,9.89,0.0
362,334,311,1,15.46,0.0
363,335,1010,1,4.35,0.0
364,336,447,1,14.43,1.04
365,337,1500,2,16.23,0.0
366,338,1249,2,13.86,2.61
367,339,1133,2,5.36,0.0
368,340,347,1,1.57,0.0
369,341,19,1,7.75,0.0
370,342,152,1,14.09,0.0
371,343,1304,2,4.31,0.0
372,344,975,1,3.34,0.0
373,345,1446,1,13.68,0.0
374,346,888,1,4.35,0.0
375,347,98,1,2.75,0.0
376,348,43,1,5.92,0.75
377,349,256,1,8.5,0.0
378,350,262,3,10.74,0.0
379,351,1022,1,8.37,0.0
380,352,299,2,12.75,0.0
381,353,73,1,13.87,0.0
382,354,495,1,3.66,0.0
383,355,862,1,12.05,0.0
384,356,385,2,4.23,0.0
385,357,103,1,2.78,0.0
386,358,262,1,10.72,0.0
387,359,1135,1,12.84,0.0
388,360,1122,3,13.74,0.0
389,361,1469,1,10.58,0.0
390,362,905,3,6.32,0.0
391,363,103,1,2.85,0.0
392,364,925,2,3.76,0.96
393,365,418,2,3.63,0.0
394,366,1061,1,2.64,0.0
395,367,1444,3,13.73,0.0
396,368,913,2,3.47,0.72
397,369,471,1,8.35,0.0
398,370,677,1,7.48,0.0
399,371,154,1,5.37,0.0
400,372,488,1,16.11,0.0
401,373,489,1,4.03,0.24
402,374,462,3,10.37,0.0
403,375,80,2,4.19,0.0
404,376,1437,1,13.38,0.0
405,377,930,1,10.39,1.0
406,378,1259,1,14.38,0.0
407,379,134,2,3.66,0.7
408,380,914,1,3.34,0.0
409,381,930,1,10.45,0.0
410,382,801,3,3.71,1.43
411,383,793,1,2.99,0.0
412,384,970,1,16.0,0.0
413,385,800,1,3.59,0.0
414,386,1151,1,4.3,0.0
415,387,578,2,5.83,0.0
416,388,604,1,5.36,0.0
417,389,620,1,2.94,0.0
418,390,1474,1,15.44,1.18
419,391,1435,2,5.01,0.0
420,392,913,1,3.4,0.0
421,393,385,2,4.15,0.97
422,394,346,1,2.31,0.0
423,395,1270,1,5.58,0.0
424,396,653,1,4.75,0.0
425,397,1117,1,15.71,0.0
426,398,393,1,2.9,0.0
427,399,593,1,8.97,0.0
428,400,397,2,4.14,0.0
429,401,722,2,4.28,0.0
430,402,500,1,4.7,0.0
431,403,159,1,9.89,0.0
432,404,370,2,14.24,0.0
433,405,978,3,3.21,0.0
434,406,699,1,5.1,0.0
435,407,1302,1,4.38,0.3
436,408,887,1,9.07,0.0
437,409,717,1,17.33,0.0
438,410,204,1,15.62,0.0
439,411,1395,3,8.48,0.0
440,411,1397,2,4.71,0.0
441,412,1163,2,2.82,0.0
442,413,1301,2,2.89,0.0
443,414,302,3,3.29,0.0
444,415,83,1,3.28,0.0
445,416,759,2,10.24,0.0
446,417,757,1,11.83,0.0
447,418,1432,2,5.3,0.0
448,419,1355,1,3.37,0.0
449,420,155,2,13.29,0.0
450,421,34,2,7.47,0.0
451,422,394,1,4.37,0.0
452,422,397,3,4.25,0.0
453,423,282,1,3.49,0.0
454,424,478,2,4.38,0.0
455,425,172,1,3.39,0.0
456,426,798,1,5.42,0.0
457,427,75,1,15.33,0.0
458,428,1346,1,4.97,0.0
459,429,1385,1,2.99,0.0
460,430,907,1,15.47,0.0
461,431,474,1,3.6,0.0
462,432,1355,2,3.37,0.0
463,433,1050,1,6.15,0.0
464,434,283,2,11.26,0.0
465,435,162,1,13.45,1.24
466,436,1031,1,3.73,0.0
467,437,2,1,3.47,0.0
468,438,492,1,3.88,0.0
469,439,1064,1,3.5,0.0
470,440,17,2,8.97,1.74
471,441,512,1,16.36,0.0
472,442,760,1,10.84,0.79
473,443,1323,1,4.52,0.35
474,444,1164,3,2.69,0.0
475,445,628,2,4.96,0.0
476,446,421,1,3.86,0.0
477,447,654,2,4.76,0.0
478,448,670,1,11.56,0.0
479,449,120,2,4.65,0.0
480,450,579,1,1.54,0.0
481,451,21,2,13.43,0.0
482,452,606,1,4.49,0.0
483,453,474,1,3.58,0.0
484,454,831,1,12.22,0.0
485,455,789,1,3.62,0.0
486,455,790,2,5.12,0.0
487,456,401,1,2.92,0.0
488,457,1373,2,4.57,0.0
489,458,142,3,18.57,0.0
490,459,1460,1,11.58,0.0
491,460,835,1,10.61,0.0
492,461,589,3,2.19,0.79
493,462,1281,1,2.31,0.0
494,463,56,2,3.42,0.0
495,464,903,2,3.72,0.0
496,465,843,1,4.27,0.0
497,466,876,1,12.97,1.73
498,467,837,1,4.58,0.0
499,468,328,1,12.76,0.0
500,469,1191,1,9.25,0.0
501,470,308,2,2.77,0.0
502,471,795,1,4.79,0.0
503,472,233,1,6.4,0.0
504,473,1244,2,5.95,0.0
505,474,804,1,10.35,1.42
506,475,331,1,15.09,0.0
507,476,291,2,13.75,1.46
508,477,792,2,4.29,0.0
509,478,549,1,3.74,0.0
510,479,354,1,5.26,0.0
511,480,171,1,9.98,0.0
512,481,105,1,4.35,0.0
513,482,1080,2,12.13,0.0
514,483,542,1,3.86,0.0
515,484,1103,1,5.61,0.0
516,485,174,1,9.23,0.66
517,486,1178,1,3.77,0.0
518,487,212,1,3.42,0.0
519,488,962,1,15.01,0.0
520,489,145,1,6.52,0.0
521,490,59,1,3.38,0.0
522,491,56,2,3.48,0.0
523,492,1490,1,2.45,0.0
524,493,685,2,4.55,0.0
525,494,1245,1,8.2,0.0
526,495,618,1,8.64,0.0
527,496,1257,1,12.68,0.0
528,496,1265,1,4.82,0.0
529,497,967,1,5.55,0.0
530,498,700,1,3.84,0.0
531,499,1090,3,10.6,0.0
532,500,1009,2,4.25,0.0
533,501,1448,1,14.77,0.0
534,502,755,2,6.64,0.0
535,503,771,1,15.28,0.0
536,504,133,2,18.26,0.0
537,505,189,3,13.15,0.0
538,506,908,1,4.02,0.0
539,507,586,1,10.31,0.0
540,508,289,2,10.17,0.0
541,509,756,2,2.97,0.0
542,510,326,2,1.88,0.35
543,511,77,1,5.3,0.0
544,511,76,1,10.85,0.0
545,512,552,1,16.09,0.0
546,513,801,3,3.62,0.0
547,514,905,1,6.35,0.0
548,515,271,1,12.19,0.0
549,516,1286,2,2.93,0.0
550,517,717,2,17.32,0.0
551,518,302,1,3.35,0.0
552,519,789,1,3.67,0.0
553,520,55,1,4.24,0.0
554,521,213,2,5.14,0.64
555,522,1455,1,12.03,0.0
556,523,776,1,15.88,1.58
557,524,1188,1,4.62,0.0
558,525,919,2,8.72,0.0
559,526,864,1,5.47,0.0
560,527,103,1,2.8,0.0
561,528,760,1,10.81,0.0
562,529,370,1,14.33,0.0
563,530,1170,1,2.77,0.0
564,531,702,2,11.52,0.0
565,532,1078,3,11.78,0.0
566,533,971,2,16.54,0.0
567,534,874,2,2.44,0.0
568,535,954,1,17.53,0.0
569,536,299,1,12.75,0.0
570,537,420,1,13.16,0.0
571,538,929,1,2.98,0.0
572,539,208,2,9.66,0.0
573,540,600,1,13.53,0.0
574,541,700,1,3.81,0.0
575,542,1463,1,5.83,0.0
576,543,361,2,9.27,0.0
577,544,560,1,8.41,0.0
578,545,969,2,14.67,2.13
579,546,316,1,2.84,0.0
580,547,145,1,6.56,0.0
581,548,1180,2,8.17,0.0
582,549,338,2,14.81,0.0
583,550,976,1,2.06,0.0
584,551,67,2,6.62,0.0
585,552,401,1,2.88,0.0
586,553,835,1,10.64,0.0
587,554,480,1,15.67,0.0
588,555,800,1,3.54,0.0
589,556,1379,1,5.13,0.0
590,557,1095,1,13.51,0.0
591,558,1455,2,12.13,0.0
592,559,744,2,2.09,0.55
593,560,1304,2,4.2,1.05
594,561,755,1,6.53,0.0
595,562,1311,1,7.91,0.52
596,562,1312,1,8.7,0.74
597,563,433,1,4.85,0.0
598,564,669,2,7.13,0.0
599,564,674,2,5.83,0.0
600,565,535,1,3.47,0.28
601,566,1488,1,8.09,0.0
602,567,786,2,5.15,0.0
603,568,876,1,12.92,0.0
604,569,791,1,5.05,0.0
605,570,1319,1,2.88,0.0
606,571,1342,1,6.53,0.0
607,572,374,1,3.42,0.0
608,573,1449,1,16.7,0.0
609,574,90,1,13.85,0.0
610,575,211,1,8.81,0.0
611,576,1381,1,4.5,0.0
612,577,580,1,6.31,0.0
613,578,1110,2,4.07,0.0
614,579,479,1,14.59,0.0
615,580,271,1,12.21,0.0
616,581,133,1,18.22,0.0
617,582,531,1,3.16,0.0
618,583,665,2,9.23,0.0
619,584,532,1,4.36,0.0
620,585,71,3,4.12,0.0
621,586,338,1,14.65,0.0
622,587,356,3,6.53,0.0
623,588,207,1,9.81,0.0
624,589,1191,1,9.3,0.0
625,590,788,1,17.54,0.0
626,590,785,1,4.42,0.0
627,591,1085,1,11.87,0.0
628,592,1366,3,7.44,3.01
629,593,396,1,3.43,0.0
630,594,1012,3,17.07,0.0
631,595,478,3,4.42,0.0
632,596,263,1,4.99,0.0
633,597,1014,1,2.84,0.0
634,598,82,1,10.14,0.0
635,599,202,1,4.35,0.0
636,600,405,3,5.22,0.0
637,601,735,1,4.02,0.0
638,602,1195,1,13.7,0.0
639,603,825,2,6.14,0.0
640,604,451,1,10.31,0.0
641,605,1420,1,4.44,0.0
642,606,922,1,7.56,0.0
643,607,609,2,3.35,0.0
644,608,723,1,10.32,0.0
645,609,412,1,3.09,0.0
646,610,300,3,2.84,0.0
647,611,1003,1,5.18,0.0
648,612,1435,1,5.08,0.0
649,613,995,1,7.03,0.66
650,614,371,1,6.13,0.0
651,615,794,1,5.09,0.0
652,616,1290,1,4.4,0.0
653,616,1279,2,8.92,0.0
654,617,649,2,4.15,0.0
655,618,207,2,9.95,0.0
656,619,1462,1,12.19,0.0
657,620,77,1,5.36,0.0
658,621,678,1,6.55,0.0
659,622,1213,1,2.36,0.0
660,623,897,1,4.93,0.71
661,624,797,1,3.02,0.0
662,625,972,2,7.24,0.0
663,626,1252,1,9.71,0.0
664,627,717,1,17.24,0.0
665,628,106,1,9.98,0.0
666,628,102,2,2.69,0.0
667,629,1189,1,13.36,0.0
668,630,891,2,14.0,2.33
669,631,792,2,4.33,0.0
670,632,1184,1,6.09,0.0
671,633,25,2,6.53,0.0
672,634,1303,2,4.91,0.0
673,635,190,3,6.27,0.0
674,636,405,2,5.3,0.0
675,637,767,1,6.88,0.0
676,638,1476,2,7.83,0.0
677,639,767,1,6.89,0.0
678,640,799,1,3.33,0.0
679,641,449,1,6.17,0.0
680,642,793,2,3.02,0.0
681,643,1393,1,3.36,0.0
682,644,295,2,5.26,0.0
683,645,1239,2,6.39,0.0
684,646,979,1,8.34,0.0
685,647,227,3,3.22,0.0
686,648,913,1,3.53,0.0
687,649,348,1,4.01,0.0
688,650,490,2,4.33,0.0
689,651,684,3,18.39,0.0
690,652,396,2,3.53,0.0
691,653,447,1,14.45,0.0
692,654,1305,1,15.87,0.0
693,655,102,1,2.66,0.0
694,656,1448,2,14.74,0.0
695,656,1444,2,13.83,0.0
696,657,41,1,6.38,0.0
697,658,53,1,9.87,0.0
698,659,105,1,4.27,0.0
699,660,1144,1,8.47,0.0
700,661,417,1,12.08,0.0
701,662,1239,2,6.3,0.0
702,663,152,1,14.11,0.0
703,664,376,1,11.0,0.0
704,665,1316,1,9.97,0.0
705,665,1307,2,9.28,0.0
706,666,1312,1,8.69,0.0
707,667,1098,2,3.8,0.0
708,668,56,2,3.45,0.0
709,669,1407,3,1.48,0.0
710,670,614,1,3.07,0.0
711,671,1345,2,3.78,0.0
712,672,929,2,2.89,0.0
713,673,162,1,13.34,1.42
714,674,572,1,7.76,0.0
715,675,161,1,4.22,0.0
716,676,244,2,10.19,0.0
717,677,1459,2,4.8,0.0
718,678,504,2,3.97,0.0
719,679,382,2,8.24,0.98
720,680,449,1,6.14,0.87
721,681,471,1,8.33,0.0
722,682,770,1,15.08,0.0
723,683,1176,2,8.25,0.0
724,684,558,2,14.84,0.0
725,685,103,1,2.84,0.0
726,686,1206,1,8.8,0.0
727,687,1117,2,15.71,0.0
728,688,289,3,10.09,0.0
729,688,290,1,9.2,0.0
730,688,288,3,4.47,0.0
731,688,291,1,13.79,0.0
732,689,1082,3,9.72,0.0
733,690,199,3,5.66,0.0
734,691,300,1,2.85,0.0
735,692,1388,1,14.17,0.0
736,693,659,2,3.52,0.0
737,694,368,3,11.77,0.0
738,695,140,3,10.84,0.0
739,696,214,1,2.88,0.0
740,697,602,1,10.88,0.0
741,698,397,2,4.21,0.0
742,699,857,1,2.83,0.0
743,700,799,1,3.26,0.0
744,701,50,1,6.85,0.0
745,702,1261,2,3.35,0.0
746,703,78,1,10.45,0.0
747,704,235,1,4.69,0.0
748,705,1480,1,4.89,0.0
749,706,165,1,12.36,0.0
750,707,232,2,10.3,0.0
751,708,533,1,3.98,0.0
752,709,1299,1,2.49,0.0
753,710,1300,1,2.66,0.0
754,711,660,1,2.45,0.0
755,712,489,2,4.06,0.0
756,713,1303,1,4.91,0.0
757,714,1402,1,2.77,0.0
758,715,536,1,12.51,0.0
759,716,259,1,4.21,0.0
760,717,56,1,3.54,0.52
761,718,463,1,11.17,0.0
762,719,133,1,18.22,0.0
763,720,136,1,5.88,0.0
764,721,800,1,3.6,0.0
765,722,521,1,7.91,0.0
766,723,409,1,3.9,0.0
767,724,174,1,9.27,0.0
768,725,851,1,11.62,1.45
769,726,840,2,16.93,0.0
770,727,743,1,10.63,0.0
771,728,844,3,17.21,0.0
772,729,535,1,3.52,0.0
773,730,174,1,9.23,0.0
774,731,88,1,12.82,0.0
775,732,1130,1,13.81,0.0
776,733,1142,3,7.17,0.0
777,734,465,2,8.49,1.61
778,735,450,1,4.45,0.36
779,735,445,1,5.6,0.0
780,735,449,2,6.26,0.0
781,736,944,3,6.95,0.0
782,737,1008,2,9.26,2.54
783,738,1320,1,3.36,0.0
784,739,794,1,5.09,0.0
785,740,108,1,3.07,0.0
786,741,418,1,3.65,0.0
787,742,1009,1,4.29,0.0
788,743,956,2,6.41,0.0
789,744,761,2,11.49,0.0
790,745,61,2,5.04,0.52
791,746,730,3,9.16,2.39
792,747,573,3,1.8,0.0
793,748,1109,1,6.58,0.0
794,749,24,3,6.95,0.0
795,750,827,2,2.51,0.0
796,751,965,1,4.97,0.0
797,752,473,2,5.56,0.0
798,753,209,1,8.8,0.0
799,754,966,1,4.03,0.0
800,755,1123,1,15.18,0.0
801,756,643,3,4.73,0.0
802,757,757,1,11.78,0.0
803,758,1308,1,1.91,0.0
804,759,186,1,4.83,0.0
805,759,196,2,4.85,0.0
806,760,586,1,10.48,0.0
807,761,619,1,4.03,0.29
808,762,804,1,10.37,0.0
809,763,805,1,5.52,0.47
810,764,1236,1,6.13,0.0
811,765,1370,1,9.12,0.0
812,766,1065,3,16.45,0.0
813,766,1075,1,13.62,0.0
814,766,1063,1,16.43,0.0
815,767,1012,3,17.13,0.0
816,768,1285,2,2.52,0.0
817,769,405,1,5.27,0.0
818,770,1471,2,6.12,0.0
819,771,473,1,5.47,0.0
820,772,298,3,3.67,0.0
821,773,845,1,5.32,0.0
822,774,375,1,1.88,0.0
823,775,779,2,7.63,0.0
824,776,797,1,3.1,0.0
825,777,1371,1,7.59,0.0
826,778,1246,1,3.31,0.0
827,779,18,3,8.72,0.0
828,780,145,1,6.4,0.0
829,781,875,1,6.12,0.0
830,782,265,2,9.28,0.0
831,783,1500,2,16.3,0.0
832,784,400,1,3.2,0.0
833,785,715,1,18.0,0.0
834,786,1181,1,3.72,0.0
835,787,806,1,3.67,0.0
836,788,787,1,6.6,0.47
837,789,795,1,4.79,0.0
838,790,1252,2,9.77,0.0
839,791,402,1,8.35,0.0
840,792,690,1,14.21,0.0
841,793,274,3,10.54,3.1
842,794,610,2,9.4,0.0
843,795,964,1,3.31,0.32
844,796,746,1,12.21,0.0
845,797,870,1,5.49,0.0
846,798,1229,1,14.23,0.0
847,799,1045,1,5.24,0.0
848,800,809,1,7.42,0.0
849,800,811,1,9.87,0.0
850,801,312,1,15.45,0.0
851,802,652,2,4.78,0.0
852,803,1412,1,2.46,0.33
853,804,1287,3,8.88,0.0
854,805,1002,1,4.32,0.0
855,806,1434,1,2.97,0.0
856,807,1480,1,4.89,0.0
857,808,1191,3,9.34,0.0
858,809,1193,2,5.55,0.0
859,810,1246,1,3.32,0.3
860,811,112,1,8.11,0.0
861,812,831,2,12.18,1.76
862,813,1245,2,8.07,0.0
863,814,900,3,2.32,0.0
864,815,256,1,8.41,0.0
865,816,634,1,4.66,0.0
866,817,435,1,2.78,0.0
867,818,1317,1,8.07,0.0
868,819,441,3,2.71,0.0
869,820,296,1,3.27,0.0
870,821,894,1,9.63,0.0
871,822,510,1,5.13,0.0
872,823,790,2,5.32,0.0
873,824,260,1,5.54,0.0
874,824,258,3,9.78,0.0
875,825,1309,2,2.98,0.44
876,826,550,1,3.82,0.0
877,827,1056,1,2.72,0.36
878,828,58,1,2.37,0.0
879,829,173,2,10.54,0.0
880,830,972,1,7.12,0.0
881,831,973,1,16.12,0.0
882,832,231,1,17.58,0.0
883,833,750,1,5.13,0.0
884,834,1330,1,4.46,0.0
885,835,1404,1,2.82,0.0
886,836,1477,2,4.33,0.0
887,837,440,1,1.85,0.0
888,837,442,1,1.78,0.0
889,837,444,2,2.07,0.0
890,837,441,1,2.64,0.0
891,838,262,2,10.63,0.0
892,839,1257,1,12.72,0.0
893,840,303,1,4.85,0.0
894,841,1151,2,4.3,0.0
895,842,106,3,9.99,0.0
896,843,1489,1,2.37,0.0
897,844,865,2,10.28,0.0
898,845,790,1,5.18,0.0
899,846,460,1,11.46,0.0
900,847,913,1,3.41,0.0
901,848,171,1,9.98,0.0
902,849,1125,2,10.04,0.0
903,850,919,3,8.65,0.0
904,851,437,2,2.91,0.0
905,852,854,1,3.23,0.0
906,853,719,1,14.18,0.0
907,854,172,3,3.43,0.0
908,855,260,2,5.55,0.0
909,856,1494,1,5.57,0.0
910,857,946,1,18.13,0.0
911,858,1129,1,3.78,0.0
912,859,1301,1,3.19,0.0
913,860,1079,1,4.2,0.0
914,861,583,1,5.48,0.0
915,862,1250,1,3.28,0.0
916,863,1100,1,5.61,0.0
917,864,1077,1,4.91,0.0
918,865,637,1,15.3,0.0
919,866,1253,1,12.76,0.0
920,867,510,1,5.05,0.0
921,868,781,1,7.94,0.0
922,869,523,1,9.01,0.0
923,870,395,1,13.6,0.0
924,871,508,1,4.24,0.0
925,872,259,2,4.22,0.0
926,873,983,1,8.38,0.0
927,874,335,2,4.12,0.0
928,875,703,1,3.95,0.0
929,876,1074,1,4.45,0.0
930,877,57,2,7.18,0.0
931,878,1280,2,2.17,0.0
932,879,495,1,3.65,0.0
933,880,1150,1,3.71,0.0
934,881,934,1,11.97,0.89
935,882,707,1,1.67,0.0
936,883,715,1,18.02,1.78
937,884,217,1,4.45,0.0
938,885,363,1,11.56,0.0
939,885,361,2,9.26,2.16
940,886,406,1,6.45,0.0
941,887,579,1,1.54,0.0
942,888,699,2,5.19,0.0
943,889,379,2,9.23,0.0
944,890,1079,3,4.2,0.0
945,891,1457,1,17.36,0.0
946,892,31,2,11.31,0.0
947,893,1492,1,6.47,0.0
948,894,829,1,3.77,0.0
949,895,799,2,3.22,0.0
950,896,873,1,12.26,0.0
951,897,290,2,9.07,0.0
952,898,397,2,4.2,0.0
953,899,1250,1,3.32,0.0
954,899,1248,1,2.96,0.0
955,900,181,2,9.92,0.0
956,901,159,1,9.87,0.0
957,902,319,3,6.88,0.0
958,903,1004,2,6.24,1.43
959,904,116,1,2.33,0.0
960,905,114,2,3.9,0.0
961,906,461,1,10.63,0.0
962,907,801,1,3.64,0.47
963,908,560,1,8.49,0.62
964,909,537,2,5.46,0.0
965,910,111,2,4.3,0.0
966,911,765,2,10.82,0.0
967,912,972,1,7.24,0.0
968,913,395,1,13.56,0.0
969,914,1204,1,7.17,0.0
970,915,1450,1,4.6,0.0
971,916,818,1,8.9,0.0
972,917,797,1,3.06,0.0
973,918,153,1,5.52,0.0
974,919,1149,1,3.94,0.0
975,920,560,1,8.38,0.0
976,921,1208,1,3.39,0.0
977,922,532,1,4.35,0.0
978,923,240,1,3.88,0.0
979,924,797,1,3.08,0.0
980,925,171,2,9.9,0.0
981,926,1443,1,5.77,0.0
982,927,101,3,2.43,0.0
983,928,200,1,5.27,0.0
984,929,76,3,10.97,0.0
985,930,1500,1,16.44,0.0
986,931,319,2,6.83,0.0
987,932,848,1,16.91,1.98
988,933,210,3,3.72,0.0
989,934,1046,1,2.63,0.0
990,935,793,1,2.96,0.0
991,936,1203,3,4.07,0.0
992,937,76,1,10.93,0.0
993,938,1436,3,3.49,0.0
994,939,606,1,4.41,0.5
995,940,1038,1,11.96,0.96
996,941,317,1,2.87,0.0
997,942,652,2,4.77,0.0
998,943,221,1,4.35,0.0
999,944,370,1,14.35,0.0
1000,945,1401,1,5.7,0.0
1001,946,352,2,2.75,0.0
1002,947,633,3,3.66,0.0
1003,948,636,1,5.28,0.37
1004,949,711,1,2.66,0.0
1005,950,774,2,4.06,0.0
1006,950,770,3,15.11,0.0
1007,951,144,2,18.66,0.0
1008,952,294,1,10.21,0.0
1009,953,73,1,13.78,0.0
1010,954,1107,1,14.93,0.0
1011,955,194,1,3.59,0.0
1012,956,205,1,4.03,0.0
1013,957,1498,1,3.61,0.0
1014,958,1079,3,4.21,0.0
1015,959,806,1,3.63,0.0
1016,960,744,1,2.11,0.0
1017,961,800,2,3.57,0.0
1018,962,795,2,4.75,0.0
1019,963,769,1,3.74,0.0
1020,964,98,1,2.77,0.0
1021,965,980,2,3.51,0.0
1022,966,1162,1,10.84,0.0
1023,967,927,1,4.22,0.59
1024,968,908,1,4.04,0.44
1025,969,1444,1,13.72,0.0
1026,970,1353,1,18.29,0.0
1027,971,488,2,16.15,0.0
1028,972,71,3,3.98,0.0
1029,973,1314,2,6.27,0.0
1030,974,187,3,3.93,0.0
1031,975,299,2,12.73,0.0
1032,976,872,1,5.32,0.0
1033,977,466,2,10.11,0.0
1034,978,904,2,13.17,0.0
1035,979,801,1,3.62,0.0
1036,980,608,3,12.31,0.0
1037,981,739,2,4.07,0.0
1038,982,829,1,3.88,0.0
1039,983,1496,1,2.85,0.0
1040,984,1151,2,4.36,0.0
1041,985,1165,1,4.51,0.0
1042,986,820,2,8.45,0.0
1043,987,179,3,4.32,0.0
1044,988,1037,2,11.86,0.0
1045,989,1247,3,3.82,0.0
1046,990,525,1,12.38,1.54
1047,991,741,2,10.93,0.0
1048,992,336,1,6.06,0.0
1049,993,869,1,11.41,0.0
1050,994,95,1,11.24,0.0
1051,995,979,1,8.46,0.0
1052,996,910,1,15.24,0.0
1053,997,300,2,2.8,0.0
1054,998,1498,1,3.61,0.0
1055,999,1106,1,14.92,0.0
1056,1000,1007,1,10.0,0.0
1057,1001,723,2,10.34,0.0
1058,1001,732,1,4.28,0.0
1059,1002,937,1,6.33,0.0
1060,1003,609,1,3.29,0.0
1061,1004,1070,1,7.23,0.0
1062,1005,1290,3,4.46,0.0
1063,1006,1485,1,2.85,0.38
1064,1007,894,2,9.64,0.0
1065,1008,173,3,10.54,0.0
1066,1009,365,3,4.7,0.0
1067,1010,998,1,17.69,0.0
1068,1011,308,1,2.86,0.0
1069,1012,1336,1,15.18,0.0
1070,1013,238,2,12.67,0.0
1071,1014,1182,1,11.13,0.0
1072,1014,1188,1,4.7,0.0
1073,1015,800,1,3.52,0.0
1074,1016,694,1,14.31,0.0
1075,1017,1021,1,8.31,0.0
1076,1018,1167,2,4.25,0.0
1077,1019,108,1,3.08,0.0
1078,1020,1122,1,13.89,0.0
1079,1021,526,1,5.12,0.0
1080,1022,903,1,3.77,0.0
1081,1023,658,2,6.53,0.0
1082,1024,207,1,9.79,0.0
1083,1025,968,1,6.94,0.0
1084,1026,1273,1,4.43,0.0
1085,1027,642,3,12.0,4.14
1086,1028,267,1,11.53,0.0
1087,1029,1051,1,1.99,0.0
1088,1030,1338,1,4.84,0.0
1089,1031,680,1,17.69,0.0
1090,1032,794,1,5.09,0.0
1091,1033,405,1,5.28,0.57
1092,1034,823,1,15.86,0.0
1093,1035,701,1,3.53,0.0
1094,1036,1258,1,7.11,0.0
1095,1037,106,1,9.99,0.0
1096,1038,792,1,4.38,0.0
1097,1039,999,1,4.65,0.0
1098,1040,1101,3,14.82,0.0
1099,1041,105,3,4.3,0.0
1100,1042,782,1,5.56,0.0
1101,1043,1247,1,3.81,0.0
1102,1044,696,2,3.3,0.0
1103,1045,801,1,3.69,0.0
1104,1046,161,1,4.17,0.0
1105,1047,695,1,15.31,0.0
1106,1048,733,1,4.5,0.0
1107,1049,672,1,6.67,0.0
1108,1050,1277,2,2.55,0.0
1109,1051,1385,2,3.05,0.0
1110,1052,1265,2,4.76,0.0
1111,1053,1248,1,3.06,0.0
1112,1054,1458,2,13.97,0.0
1113,1055,1011,1,3.58,0.0
1114,1055,1012,1,17.03,0.0
1115,1056,1389,1,6.76,0.0
1116,1057,680,3,17.64,0.0
1117,1058,523,2,8.97,0.0
1118,1059,787,2,6.57,0.0
1119,1060,805,3,5.57,0.0
1120,1061,687,1,12.66,0.0
1121,1062,1084,1,6.11,0.0
1122,1063,457,1,6.46,0.0
1123,1064,606,1,4.38,0.0
1124,1065,52,1,4.96,0.0
1125,1066,1207,1,2.65,0.0
1126,1067,1250,1,3.33,0.0
1127,1068,1013,1,6.19,0.0
1128,1069,1437,1,13.5,0.73
1129,1069,1433,1,10.28,0.0
1130,1070,521,1,7.97,0.0
1131,1071,1221,3,2.31,0.0
1132,1072,1256,1,12.75,0.0
1133,1073,1451,1,11.46,0.0
1134,1074,96,1,10.68,0.0
1135,1075,1451,1,11.43,1.23
1136,1076,1001,1,6.59,0.0
1137,1077,211,1,8.84,0.0
1138,1078,1302,1,4.38,0.0
1139,1079,104,1,9.08,0.0
1140,1080,1243,2,9.34,0.0
1141,1081,762,1,3.7,0.0
1142,1082,1399,2,2.7,0.0
1143,1083,668,1,8.33,0.0
1144,1084,1000,1,16.13,0.0
1145,1085,93,1,3.67,0.0
1146,1086,762,2,3.72,0.0
1147,1087,547,1,3.18,0.0
1148,1088,518,1,3.11,0.0
1149,1089,229,3,6.83,0.0
1150,1090,1178,2,3.67,0.0
1151,1091,548,1,4.61,0.52
1152,1092,150,1,3.8,0.0
1153,1093,919,2,8.67,0.0
1154,1094,1363,1,11.1,0.0
1155,1095,785,1,4.39,0.0
1156,1096,163,1,4.16,0.0
1157,1097,772,2,6.86,0.0
1158,1098,431,1,5.37,0.0
1159,1099,1416,1,3.68,0.54
1160,1100,557,2,7.23,0.0
1161,1100,554,1,4.39,0.0
1162,1101,239,1,14.69,0.0
1163,1102,409,1,3.81,0.29
1164,1103,1431,1,5.15,0.0
1165,1104,1409,1,2.65,0.34
1166,1105,483,2,5.0,0.0
1167,1106,974,2,13.48,0.0
1168,1107,1386,1,3.37,0.0
1169,1108,1442,3,4.39,0.0
1170,1109,459,1,9.75,0.0
1171,1110,796,2,2.88,0.0
1172,1111,190,1,6.37,0.0
1173,1112,1302,2,4.35,0.0
1174,1113,904,1,13.36,0.0
1175,1114,49,3,4.77,0.0
1176,1115,905,1,6.33,0.0
1177,1116,800,1,3.56,0.0
1178,1117,873,2,12.27,0.0
1179,1118,764,1,4.51,0.0
1180,1119,607,3,4.05,0.0
1181,1120,57,2,7.21,0.0
1182,1120,55,2,4.24,0.0
1183,1121,899,1,6.8,0.0
1184,1121,901,1,6.41,0.0
1185,1122,787,1,6.58,0.0
1186,1123,1371,1,7.57,0.0
1187,1124,171,1,10.04,0.0
1188,1125,1026,1,2.23,0.0
1189,1126,901,1,6.39,0.0
1190,1127,1164,1,2.73,0.0
1191,1128,1434,2,2.94,0.0
1192,1129,957,1,20.5,0.0
1193,1130,1326,1,5.5,0.0
1194,1131,1444,2,13.69,0.0
1195,1132,1148,2,18.25,0.0
1196,1133,892,1,5.47,0.0
1197,1134,675,1,4.86,0.0
1198,1135,257,1,3.98,0.41
1199,1136,1244,1,5.82,0.0
1200,1137,1059,3,2.58,0.0
1201,1138,720,1,10.26,1.01
1202,1139,333,2,3.87,0.0
1203,1140,711,1,2.73,0.0
1204,1141,589,2,2.22,0.0
1205,1142,409,1,3.94,0.0
1206,1143,1299,1,2.33,0.0
1207,1144,201,3,6.09,0.0
1208,1145,1199,1,13.72,0.0
1209,1146,756,1,3.18,0.0
1210,1147,153,1,5.62,0.0
1211,1148,1401,1,5.7,0.0
1212,1149,1166,1,3.55,0.0
1213,1150,230,3,9.48,0.0
1214,1151,156,1,4.86,0.0
1215,1152,1375,1,3.57,0.0
1216,1153,408,1,2.96,0.18
1217,1154,30,2,7.08,0.0
1218,1155,797,2,3.08,0.0
1219,1156,1420,1,4.4,0.0
1220,1157,822,1,6.39,0.0
1221,1158,1108,3,16.45,0.0
1222,1159,1473,1,4.73,0.0
1223,1160,781,1,7.91,0.0
1224,1161,898,1,5.73,0.0
1225,1162,1150,2,3.68,0.0
1226,1163,1322,1,3.85,0.0
1227,1164,619,3,4.02,0.0
1228,1165,115,1,9.36,0.0
1229,1166,1240,3,6.39,0.0
1230,1167,732,1,4.24,0.0
1231,1168,276,1,3.4,0.3
1232,1169,699,2,5.22,0.0
1233,1170,909,1,7.45,0.81
1234,1171,1079,2,4.15,0.87
1235,1172,1487,1,2.81,0.0
1236,1173,200,2,5.21,0.0
1237,1174,1128,1,9.73,0.0
1238,1175,467,1,10.52,0.0
1239,1176,415,1,14.04,0.0
1240,1177,1497,2,13.43,0.0
1241,1178,257,1,4.05,0.0
1242,1179,1,3,9.46,0.0
1243,1180,949,1,16.55,0.0
1244,1181,1079,1,4.01,0.0
1245,1182,594,2,2.53,0.0
1246,1183,571,3,13.49,0.0
1247,1184,950,3,7.35,0.0
1248,1185,1130,1,13.84,0.0
1249,1186,269,3,13.69,0.0
1250,1187,475,1,14.49,0.0
1251,1188,160,1,3.65,0.0
1252,1189,726,1,6.08,0.0
1253,1190,1442,1,4.47,0.0
1254,1191,800,1,3.62,0.43
1255,1192,1466,2,4.96,0.0
1256,1193,77,1,5.32,0.0
1257,1194,156,1,4.95,0.0
1258,1195,1471,1,6.17,0.0
1259,1196,646,1,3.9,0.0
1260,1197,1495,1,4.91,0.0
1261,1198,576,2,1.79,0.0
1262,1199,844,3,17.13,0.0
1263,1200,483,2,5.05,0.0
1264,1201,1286,1,2.92,0.0
1265,1202,1201,2,6.74,0.0
1266,1203,526,2,5.18,1.06
1267,1204,940,2,4.52,0.0
1268,1205,1071,1,3.57,0.0
1269,1206,5,1,4.73,0.0
1270,1207,182,2,4.6,0.0
1271,1208,1066,2,4.6,0.0
1272,1209,64,1,4.36,0.0
1273,1210,520,1,5.81,0.58
1274,1211,707,2,1.73,0.0
1275,1212,798,1,5.42,0.0
1276,1213,1201,2,6.73,0.0
1277,1214,684,1,18.39,0.0
1278,1215,1321,3,2.72,0.0
1279,1216,844,2,17.13,0.0
1280,1217,104,1,9.09,0.0
1281,1218,412,1,3.24,0.0
1282,1219,939,1,5.05,0.0
1283,1220,250,3,9.91,0.0
1284,1221,799,1,3.29,0.43
1285,1222,937,1,6.14,0.0
1286,1223,189,1,13.24,0.0
1287,1224,1071,3,3.5,0.0
1288,1225,801,1,3.64,0.0
1289,1226,166,1,7.28,0.0
1290,1226,154,1,5.19,0.0
1291,1227,403,3,2.6,0.52
1292,1228,359,1,6.91,0.0
1293,1229,424,1,3.54,0.0
1294,1230,108,2,2.93,0.0
1295,1231,506,1,6.63,0.0
1296,1232,1250,1,3.32,0.31
1297,1233,891,3,14.08,0.0
1298,1234,296,1,3.21,0.0
1299,1235,349,2,8.18,0.0
1300,1236,235,1,4.67,0.0
1301,1237,1307,1,9.23,0.0
1302,1238,930,2,10.48,0.0
1303,1239,479,1,14.53,0.0
1304,1240,255,2,4.68,0.0
1305,1241,851,3,11.55,0.0
1306,1242,306,1,4.85,0.0
1307,1243,1300,2,2.57,0.0
1308,1244,1212,1,4.5,0.0
1309,1245,540,3,16.51,0.0
1310,1246,11,1,3.72,0.0
1311,1247,367,2,10.3,0.0
1312,1248,1152,1,3.67,0.0
1313,1249,163,2,4.21,0.0
1314,1250,251,1,3.46,0.0
1315,1251,159,3,9.81,0.0
1316,1252,1078,1,11.68,0.0
1317,1253,827,1,2.52,0.0
1318,1254,519,1,3.85,0.23
1319,1255,1218,2,1.84,0.26
1320,1256,1365,1,3.79,0.0
1321,1257,400,1,3.14,0.0
1322,1257,403,1,2.59,0.0
1323,1258,625,1,10.54,0.0
1324,1259,805,1,5.61,0.0
1325,1260,469,2,9.63,0.0
1326,1261,407,1,6.87,0.0
1327,1262,1191,2,9.25,0.0
1328,1263,1323,1,4.57,0.0
1329,1264,1258,2,7.19,0.0
1330,1265,1454,1,5.51,0.0
1331,1266,765,1,10.83,0.57
1332,1267,919,1,8.7,0.75
1333,1268,1049,1,7.64,0.0
1334,1269,1301,2,3.05,0.0
1335,1270,405,2,5.33,0.0
1336,1271,999,1,4.71,0.0
1337,1272,46,2,3.28,0.7
1338,1273,268,1,4.66,0.0
1339,1274,1249,1,13.77,0.0
1340,1275,1263,1,12.95,0.0
1341,1276,916,1,2.64,0.0
1342,1276,918,1,2.81,0.0
1343,1277,208,1,9.74,0.0
1344,1278,422,1,5.14,0.58
1345,1279,726,1,6.12,0.0
1346,1280,665,2,9.3,0.0
1347,1281,502,3,4.61,0.0
1348,1282,938,2,15.64,0.0
1349,1283,1241,2,11.84,0.0
1350,1284,782,1,5.42,0.0
1351,1285,1485,3,2.75,0.0
1352,1286,965,1,5.04,0.0
1353,1286,972,2,7.21,0.0
1354,1287,769,1,3.77,0.0
1355,1287,772,2,6.84,0.0
1356,1288,1167,2,4.3,0.0
1357,1289,51,2,14.96,0.0
1358,1290,466,1,10.08,0.0
1359,1291,832,1,2.24,0.0
1360,1292,792,1,4.27,0.0
1361,1293,699,1,5.05,0.0
1362,1294,1125,1,10.06,0.0
1363,1294,1127,3,14.48,0.0
1364,1295,132,1,5.83,0.0
1365,1296,300,1,2.94,0.0
1366,1297,622,1,4.59,0.0
1367,1298,1400,1,3.16,0.0
1368,1299,1137,1,7.21,0.0
1369,1300,341,1,5.71,0.0
1370,1301,1084,1,5.94,0.0
1371,1302,1458,2,13.95,0.0
1372,1303,802,2,2.67,0.0
1373,1304,1063,2,16.48,0.0
1374,1305,239,1,14.59,0.0
1375,1306,802,1,2.73,0.0
1376,1307,855,1,2.91,0.0
1377,1308,1499,1,2.85,0.0
1378,1309,1222,1,3.42,0.0
1379,1310,715,3,17.98,6.52
1380,1310,718,1,16.76,0.0
1381,1311,479,1,14.55,0.0
1382,1312,1437,1,13.58,0.0
1383,1313,54,1,3.78,0.0
1384,1314,442,1,1.87,0.0
1385,1315,473,3,5.49,0.0
1386,1316,793,1,2.97,0.0
1387,1317,589,1,2.14,0.0
1388,1318,1434,1,2.83,0.0
1389,1319,745,1,2.45,0.0
1390,1320,803,2,6.23,0.0
1391,1321,407,1,6.86,0.0
1392,1322,1257,1,12.7,0.0
1393,1323,1304,2,4.23,0.0
1394,1324,665,1,9.39,0.0
1395,1325,1117,1,15.71,0.0
1396,1326,859,1,9.77,0.0
1397,1327,113,1,10.12,0.0
1398,1328,819,1,2.73,0.0
1399,1329,309,2,4.92,0.0
1400,1330,415,2,14.08,0.0
1401,1331,1085,3,11.86,0.0
1402,1332,949,1,16.49,0.0
1403,1333,1069,1,10.36,0.0
1404,1334,245,1,4.63,0.0
1405,1335,362,1,11.81,0.0
1406,1336,151,1,15.24,0.0
1407,1337,75,3,15.31,0.0
1408,1338,743,2,10.69,0.0
1409,1339,1059,1,2.5,0.24
1410,1340,403,2,2.64,0.0
1411,1341,1245,2,8.18,0.0
1412,1342,1130,1,13.86,0.0
1413,1343,405,1,5.23,0.0
1414,1344,654,2,4.89,0.0
1415,1345,144,1,18.7,0.0
1416,1346,548,1,4.52,0.0
1417,1347,471,1,8.27,0.0
1418,1348,580,1,6.35,0.0
1419,1349,88,1,12.82,0.0
1420,1350,1154,1,9.1,0.0
1421,1351,943,1,19.34,2.85
1422,1352,1385,1,2.98,0.0
1423,1353,648,1,5.8,0.0
1424,1354,1301,1,3.03,0.0
1425,1354,1302,3,4.33,0.0
1426,1355,120,1,4.8,0.0
1427,1356,408,1,2.96,0.0
1428,1357,1482,1,2.44,0.0
1429,1358,777,1,12.41,0.0
1430,1359,325,1,3.27,0.27
1431,1360,38,1,18.88,0.0
1432,1361,114,2,3.97,0.0
1433,1362,123,1,8.48,0.0
1434,1363,203,3,4.26,0.0
1435,1364,102,2,2.51,0.0
1436,1365,799,2,3.3,0.0
1437,1366,697,2,6.01,0.0
1438,1367,96,1,10.7,0.0
1439,1368,241,3,6.21,0.0
1440,1369,1170,1,2.75,0.0
1441,1370,551,2,3.39,0.0
1442,1371,719,1,14.17,0.0
1443,1372,530,1,5.91,0.0
1444,1373,309,1,4.98,0.0
1445,1374,975,1,3.32,0.39
1446,1375,1416,2,3.66,0.0
1447,1376,1273,1,4.43,0.0
1448,1377,1276,3,2.87,0.0
1449,1378,1129,1,3.81,0.0
1450,1379,800,1,3.51,0.0
1451,1380,387,2,2.98,0.0
1452,1380,388,2,10.03,0.0
1453,1380,393,1,2.96,0.0
1454,1381,1100,1,5.67,0.0
1455,1382,1202,1,4.17,0.0
1456,1383,766,2,3.36,0.0
1457,1384,44,2,5.53,0.0
1458,1385,1246,1,3.31,0.46
1459,1386,75,1,15.32,0.0
1460,1387,420,1,13.07,0.0
1461,1388,1376,1,4.39,0.0
1462,1389,1126,1,3.19,0.0
1463,1390,1255,2,16.11,0.0
1464,1391,364,1,2.41,0.14
1465,1392,520,2,5.83,0.0
1466,1393,358,1,6.99,0.0
1467,1394,1436,1,3.44,0.0
1468,1395,100,2,2.61,0.0
1469,1396,97,2,13.88,2.82
1470,1397,1302,1,4.42,0.34
1471,1397,1305,1,15.81,0.0
1472,1398,1120,1,5.12,0.0
1473,1399,1263,2,13.01,0.0
1474,1399,1256,1,12.8,1.82
1475,1400,752,1,7.01,0.44
1476,1400,756,1,3.1,0.0
1477,1400,751,1,15.46,1.66
1478,1401,55,1,4.24,0.0
1479,1402,879,2,4.04,0.0
1480,1403,969,1,14.62,0.0
1481,1404,910,1,15.11,0.0
1482,1405,884,1,4.48,0.0
1483,1406,502,1,4.62,0.0
1484,1407,911,1,4.61,0.0
1485,1408,404,2,6.01,0.0
1486,1409,97,1,13.78,0.0
1487,1410,59,1,3.3,0.0
1488,1411,1307,1,9.27,0.0
1489,1412,906,3,12.99,0.0
1490,1413,1482,2,2.31,0.0
1491,1414,796,1,2.91,0.0
1492,1415,58,1,2.34,0.0
1493,1416,370,1,14.29,0.0
1494,1416,367,2,10.28,0.0
1495,1417,170,3,4.17,1.69
1496,1418,648,2,5.92,0.0
1497,1419,1310,2,2.12,0.0
1498,1420,696,1,3.37,0.0
1499,1421,793,2,3.04,0.0
1500,1422,1138,1,5.15,0.0
1501,1423,997,1,6.51,0.0
1502,1424,1251,2,2.82,0.0
1503,1425,1328,1,15.33,0.0
1504,1426,1163,1,2.84,0.0
1505,1427,108,3,3.06,0.0
1506,1428,1010,1,4.31,0.0
1507,1429,24,1,6.9,0.0
1508,1430,795,2,4.85,0.0
1509,1431,202,2,4.28,0.0
1510,1432,717,1,17.34,0.0
1511,1433,1497,2,13.36,0.0
1512,1434,1253,2,12.83,0.0
1513,1435,199,1,5.7,0.45
1514,1436,657,1,3.32,0.44
1515,1437,207,3,9.85,0.0
1516,1438,1275,1,4.34,0.0
1517,1439,27,2,4.24,0.0
1518,1440,888,2,4.32,0.0
1519,1441,795,3,4.77,0.0
1520,1442,174,1,9.24,0.0
1521,1443,1048,1,6.91,0.0
1522,1444,102,1,2.62,0.0
1523,1445,765,2,10.84,0.0
1524,1446,570,1,7.76,0.8
1525,1447,141,1,3.63,0.0
1526,1448,1461,1,4.62,0.0
1527,1449,778,1,13.72,0.0
1528,1450,718,2,16.68,0.0
1529,1451,73,1,13.86,0.0
1530,1452,917,1,3.01,0.0
1531,1453,361,1,9.3,0.0
1532,1454,1433,3,10.32,0.0
1533,1455,1187,1,3.36,0.0
1534,1456,414,2,4.8,0.0
1535,1457,637,1,15.34,0.0
1536,1458,1246,2,3.22,0.0
1537,1459,595,2,7.27,0.0
1538,1460,731,1,5.16,0.0
1539,1461,1171,2,8.28,0.0
1540,1462,372,2,3.2,0.0
1541,1463,1302,1,4.41,0.0
1542,1463,1300,1,2.54,0.0
1543,1463,1303,1,4.98,0.0
1544,1464,758,1,3.84,0.0
1545,1465,1431,2,5.13,0.0
1546,1466,1274,2,9.92,0.0
1547,1467,1175,1,4.54,0.0
1548,1468,911,1,4.61,0.0
1549,1469,1290,2,4.37,0.54
1550,1470,1011,3,3.61,0.0
1551,1471,308,1,2.73,0.0
1552,1472,544,2,4.43,0.0
1553,1473,795,2,4.77,0.0
1554,1474,162,1,13.35,0.0
1555,1475,1367,1,6.15,0.0
1556,1476,127,1,3.97,0.0
1557,1477,780,1,14.75,0.0
1558,1478,806,1,3.59,0.0
1559,1479,155,2,13.29,0.0
1560,1480,454,2,3.93,0.0
1561,1481,718,2,16.75,2.36
1562,1482,793,1,3.1,0.0
1563,1483,250,2,9.85,0.0
1564,1484,96,1,10.79,0.0
1565,1485,1402,1,2.74,0.0
1566,1486,336,2,6.14,0.0
1567,1487,1014,2,2.8,0.0
1568,1488,1499,1,2.87,0.0
1569,1488,1500,1,16.35,0.0
1570,1489,229,2,6.75,0.0
1571,1490,1244,1,5.95,0.0
1572,1491,776,1,15.86,0.0
1573,1492,1274,2,9.93,2.11
1574,1493,1197,1,15.94,0.0
1575,1494,1290,2,4.31,0.0
1576,1495,1199,2,13.72,0.0
1577,1496,794,1,5.11,0.0
1578,1497,1206,2,8.72,0.0
1579,1498,524,1,12.71,0.0
1580,1499,527,2,6.05,0.0
1581,1500,1410,1,2.34,0.0
1582,1501,473,1,5.52,0.0
1583,1502,755,1,6.69,0.0
1584,1503,595,1,7.17,0.52
1585,1504,1189,2,13.37,3.68
1586,1505,196,1,4.85,0.0
1587,1505,186,2,4.8,0.0
1588,1506,4,1,3.36,0.0
1589,1507,745,3,2.36,1.05
1590,1508,1398,1,4.49,0.0
1591,1509,999,3,4.58,0.0
1592,1510,207,1,9.73,0.0
1593,1511,879,3,4.02,0.0
1594,1512,703,1,4.01,0.0
1595,1513,1022,1,8.33,0.0
1596,1514,1408,3,8.28,0.0
1597,1515,1233,1,11.54,0.0
1598,1516,412,1,3.22,0.0
1599,1517,1354,1,13.98,0.0
1600,1518,423,3,3.41,0.0
1601,1519,690,1,14.18,0.0
1602,1520,818,1,8.94,0.0
1603,1521,871,1,3.33,0.0
1604,1522,313,1,4.77,0.0
1605,1523,1153,2,9.92,0.0
1606,1524,1481,2,3.54,0.0
1607,1525,270,1,9.95,0.0
1608,1526,544,1,4.29,0.0
1609,1527,908,2,3.89,0.89
1610,1528,1492,1,6.51,0.0
1611,1529,804,1,10.28,0.0
1612,1529,805,2,5.57,0.0
1613,1530,97,1,13.87,0.0
1614,1531,1337,1,13.82,0.0
1615,1532,195,2,10.21,0.0
1616,1533,174,1,9.19,0.0
1617,1534,665,1,9.23,0.0
1618,1535,542,1,3.82,0.0
1619,1536,101,1,2.42,0.0
1620,1537,477,3,3.31,0.0
1621,1538,1249,1,13.82,0.0
1622,1539,341,1,5.69,0.0
1623,1540,1246,1,3.33,0.0
1624,1541,239,1,14.56,0.0
1625,1542,1176,2,8.28,0.0
1626,1543,170,1,4.24,0.0
1627,1544,791,1,4.99,0.0
1628,1545,296,2,3.28,0.0
1629,1546,1487,2,2.77,0.0
1630,1547,676,1,5.39,0.0
1631,1548,344,2,6.42,0.0
1632,1549,139,2,20.42,0.0
1633,1550,1113,1,12.53,0.74
1634,1551,1344,1,13.69,0.0
1635,1552,1170,1,2.86,0.0
1636,1553,814,1,8.93,0.0
1637,1554,826,3,6.87,0.0
1638,1555,518,2,3.01,0.0
1639,1556,257,3,4.09,0.0
1640,1557,651,1,11.44,0.0
1641,1558,335,1,4.23,0.63
1642,1559,1085,1,11.89,0.0
1643,1559,1086,3,10.45,2.05
1644,1560,1046,3,2.66,0.0
1645,1561,1135,2,12.85,1.46
1646,1562,1200,3,5.74,0.0
1647,1563,305,1,4.31,0.0
1648,1563,309,1,4.91,0.0
1649,1564,452,3,4.44,0.0
1650,1565,1187,2,3.38,0.0
1651,1566,1356,1,16.31,0.0
1652,1567,759,1,10.25,0.0
1653,1568,732,2,4.28,0.0
1654,1569,186,2,4.8,0.0
1655,1570,961,1,6.74,0.0
1656,1571,1136,1,5.97,0.0
1657,1572,1374,2,2.83,0.0
1658,1573,1357,1,5.27,0.0
1659,1574,1193,1,5.69,0.0
1660,1575,199,1,5.75,0.33
1661,1576,167,1,3.74,0.0
1662,1577,1048,1,6.91,0.52
1663,1578,440,1,1.87,0.0
1664,1579,206,2,4.12,0.0
1665,1580,1355,1,3.4,0.0
1666,1581,456,1,6.06,0.0
1667,1582,705,3,3.44,0.0
1668,1583,1500,1,16.38,0.0
1669,1584,1329,1,17.16,0.0
1670,1585,126,1,11.67,0.6
1671,1586,1074,1,4.38,0.0
1672,1587,403,2,2.59,0.0
1673,1588,724,2,8.62,0.0
1674,1589,1316,1,9.94,0.0
1675,1590,1064,1,3.49,0.0
1676,1591,962,1,15.03,0.0
1677,1592,1109,1,6.64,0.93
1678,1593,1012,1,17.04,0.0
1679,1594,696,1,3.34,0.0
1680,1595,1010,2,4.33,0.65
1681,1596,1286,3,2.95,0.0
1682,1597,852,1,3.94,0.0
1683,1598,55,1,4.3,0.0
1684,1599,717,1,17.31,0.0
1685,1600,815,1,10.23,0.0
1686,1601,1080,1,12.11,0.0
1687,1602,1313,1,6.77,0.0
1688,1603,438,2,13.19,0.0
1689,1604,1204,1,7.11,0.0
1690,1605,910,1,15.29,0.0
1691,1606,99,2,3.8,0.0
1692,1607,46,1,3.23,0.0
1693,1608,873,2,12.27,0.0
1694,1609,449,1,6.06,0.0
1695,1610,831,1,12.16,1.45
1696,1611,631,1,13.65,0.0
1697,1612,1015,3,16.32,0.0
1698,1613,1048,1,6.95,0.0
1699,1614,293,1,4.83,0.0
1700,1615,169,1,4.93,0.0
1701,1616,1484,1,3.77,0.0
1702,1617,37,1,5.85,0.0
1703,1618,995,1,7.06,0.0
1704,1619,407,2,6.94,0.0
1705,1620,1023,1,3.72,0.0
1706,1621,607,1,4.07,0.0
1707,1622,100,3,2.55,0.0
1708,1623,753,2,4.24,0.0
1709,1624,940,2,4.63,0.0
1710,1625,411,1,8.09,0.0
1711,1626,1431,2,5.08,0.0
1712,1627,1437,1,13.48,1.85
1713,1628,132,3,5.84,0.0
1714,1629,910,1,15.14,0.0
1715,1630,1352,1,11.13,0.0
1716,1631,738,1,4.73,0.0
1717,1632,762,2,3.71,0.78
1718,1633,136,1,5.82,0.0
1719,1634,173,3,10.56,0.0
1720,1635,1126,1,3.26,0.0
1721,1636,1088,1,3.32,0.32
1722,1637,1311,1,7.88,0.0
1723,1638,1309,2,3.02,0.0
1724,1639,199,1,5.62,0.0
1725,1640,107,1,9.33,0.0
1726,1641,915,2,3.06,0.61
1727,1642,656,3,6.84,0.0
1728,1643,36,1,4.01,0.0
1729,1644,143,1,5.76,0.0
1730,1645,1326,2,5.52,0.0
1731,1645,1336,2,15.24,0.0
1732,1646,255,1,4.68,0.0
1733,1647,1245,2,8.2,0.0
1734,1648,681,1,6.39,0.0
1735,1649,232,1,10.28,0.0
1736,1650,1137,1,7.22,0.0
1737,1651,1250,1,3.36,0.0
1738,1652,1246,1,3.27,0.0
1739,1653,168,2,5.56,0.0
1740,1654,1062,2,8.5,0.0
1741,1655,847,1,3.54,0.0
1742,1656,966,1,3.9,0.0
1743,1657,1431,1,5.05,0.0
1744,1658,124,1,3.26,0.0
1745,1659,1426,2,11.13,0.0
1746,1660,798,1,5.51,0.65
1747,1661,387,1,3.06,0.0
1748,1662,1120,2,5.14,0.0
1749,1663,374,1,3.41,0.5
1750,1664,109,2,3.07,0.0
1751,1665,489,1,4.13,0.0
1752,1666,1291,1,11.26,0.0
1753,1667,1312,2,8.68,0.0
1754,1668,700,1,3.87,0.0
1755,1669,995,1,7.11,0.0
1756,1670,907,1,15.52,0.0
1757,1671,509,1,7.27,0.0
1758,1672,1497,1,13.37,0.0
1759,1673,1456,1,3.35,0.0
1760,1674,410,2,3.7,0.0
1761,1675,216,1,5.22,0.0
1762,1676,1365,1,3.8,0.0
1763,1677,765,1,10.75,1.12
1764,1678,346,3,2.26,0.0
1765,1679,1303,1,4.9,0.0
1766,1680,533,2,3.88,0.0
1767,1681,1331,2,7.52,0.0
1768,1682,162,1,13.41,0.0
1769,1683,942,1,8.7,0.0
1770,1684,104,1,9.13,0.0
1771,1685,1305,2,15.85,0.0
1772,1686,574,1,8.08,0.0
1773,1687,802,2,2.67,0.5
1774,1688,953,1,4.3,0.0
1775,1689,611,1,4.06,0.0
1776,1690,648,2,5.81,0.0
1777,1691,362,3,11.79,0.0
1778,1692,774,1,4.11,0.0
1779,1693,1259,3,14.38,0.0
1780,1694,516,1,6.11,0.0
1781,1695,565,1,4.25,0.0
1782,1696,1252,2,9.81,0.0
1783,1697,654,2,4.84,0.0
1784,1698,595,1,7.19,0.0
1785,1699,1380,2,3.12,0.0
1786,1700,154,2,5.35,0.0
1787,1701,981,1,2.03,0.0
1788,1702,343,1,16.19,0.0
1789,1702,344,1,6.4,0.0
1790,1703,518,1,3.06,0.0
1791,1704,1068,1,6.93,0.0
1792,1704,1075,2,13.58,0.0
1793,1705,1215,3,2.11,0.5
1794,1706,139,2,20.5,0.0
1795,1707,357,1,4.99,0.61
1796,1707,359,1,7.01,0.8
1797,1708,770,2,15.17,0.0
1798,1709,1084,1,6.05,0.0
1799,1710,1232,2,5.32,1.14
1800,1711,781,3,7.86,0.0
1801,1712,1157,1,3.6,0.0
1802,1713,757,3,11.68,0.0
1803,1714,135,1,5.7,0.0
1804,1715,1246,1,3.19,0.28
1805,1716,748,1,2.95,0.0
1806,1717,1262,1,4.26,0.0
1807,1718,915,3,3.1,0.0
1808,1719,640,2,6.99,0.0
1809,1720,1261,2,3.35,0.79
1810,1721,419,2,15.04,0.0
1811,1722,1000,1,16.07,0.0
1812,1723,352,3,2.7,0.0
1813,1724,708,1,2.72,0.0
1814,1725,1380,1,3.04,0.0
1815,1726,1175,1,4.53,0.0
1816,1727,337,1,14.5,0.0
1817,1728,75,2,15.38,2.74
1818,1729,403,1,2.54,0.19
1819,1730,718,1,16.73,0.0
1820,1731,1338,1,4.89,0.0
1821,1732,1202,1,4.35,0.0
1822,1733,1014,2,2.78,0.0
1823,1734,408,1,2.96,0.0
1824,1734,400,1,3.28,0.0
1825,1735,385,2,4.08,0.0
1826,1736,1365,2,3.89,0.0
1827,1737,1494,3,5.66,0.0
1828,1738,1011,3,3.6,0.0
1829,1739,981,2,1.99,0.0
1830,1740,1466,1,5.05,0.0
1831,1741,616,1,11.04,1.13
1832,1741,625,2,10.49,0.0
1833,1742,692,1,16.58,0.0
1834,1743,635,1,5.61,0.0
1835,1743,630,1,12.66,0.0
1836,1744,293,1,4.71,0.0
1837,1745,173,1,10.46,0.0
1838,1746,601,2,4.09,0.0
1839,1746,612,1,5.04,0.0
1840,1747,523,1,9.05,0.0
1841,1747,517,1,4.56,0.0
1842,1748,137,1,8.62,0.0
1843,1749,257,2,3.93,0.0
1844,1750,1127,1,14.51,0.0
1845,1751,133,1,18.18,0.0
1846,1752,535,3,3.51,0.0
1847,1753,1337,1,13.92,0.0
1848,1754,1282,3,2.59,0.0
1849,1755,763,1,2.97,0.0
1850,1756,1092,2,3.92,0.0
1851,1757,566,1,6.05,0.0
1852,1758,1493,1,14.06,0.0
1853,1759,548,1,4.67,0.54
1854,1760,669,1,7.22,0.0
1855,1761,474,1,3.65,0.0
1856,1762,304,1,5.87,0.0
1857,1763,1352,1,11.17,0.0
1858,1764,900,1,2.33,0.0
1859,1765,765,3,10.76,0.0
1860,1766,1268,1,3.6,0.0
1861,1767,294,1,10.28,0.0
1862,1768,794,1,5.08,0.54
1863,1769,301,1,13.5,0.0
1864,1770,583,1,5.55,0.0
1865,1771,1264,1,11.63,0.0
1866,1772,1456,1,3.36,0.0
1867,1773,800,1,3.49,0.0
1868,1774,1177,1,9.59,0.0
1869,1775,442,1,1.84,0.0
1870,1776,480,1,15.57,0.0
1871,1777,222,2,11.04,0.0
1872,1778,371,1,6.17,0.0
1873,1779,83,3,3.32,0.0
1874,1780,364,1,2.46,0.0
1875,1781,74,2,4.76,0.0
1876,1782,701,1,3.44,0.41
1877,1783,141,3,3.54,0.0
1878,1784,518,1,3.1,0.0
1879,1785,302,1,3.38,0.0
1880,1786,1134,2,4.26,0.0
1881,1787,995,2,7.01,1.29
1882,1788,1379,2,5.05,0.0
1883,1788,1375,1,3.54,0.0
1884,1789,244,1,10.49,1.48
1885,1790,408,3,2.97,0.0
1886,1791,794,1,5.1,0.0
1887,1792,906,3,12.89,0.0
1888,1793,849,1,5.55,0.0
1889,1794,1111,1,15.29,0.0
1890,1795,1272,1,5.75,0.81
1891,1796,491,1,18.48,0.0
1892,1797,241,1,6.26,0.0
1893,1798,795,2,4.67,0.0
1894,1799,244,1,10.3,0.0
1895,1800,422,2,5.11,0.0
1896,1801,228,1,6.81,0.0
1897,1802,798,1,5.55,0.0
1898,1803,1487,3,2.77,0.0
1899,1804,880,1,6.99,0.0
1900,1805,1251,1,2.9,0.0
1901,1806,1126,3,3.19,0.0
1902,1807,3,2,2.53,0.0
1903,1808,630,1,12.71,1.3
1904,1809,1081,1,3.83,0.0
1905,1810,479,1,14.5,0.0
1906,1810,477,3,3.26,0.0
1907,1811,1336,1,15.21,0.0
1908,1812,84,2,5.17,0.0
1909,1813,669,1,7.2,0.0
1910,1814,800,1,3.57,0.0
1911,1815,106,1,9.95,0.0
1912,1816,364,1,2.52,0.0
1913,1817,147,1,6.64,0.0
1914,1818,1130,1,13.86,0.0
1915,1819,167,1,3.73,0.0
1916,1820,1014,2,2.72,0.0
1917,1821,306,1,4.8,0.61
1918,1822,888,2,4.33,0.0
1919,1823,715,1,18.01,0.0
1920,1824,114,1,3.96,0.0
1921,1825,1360,1,6.97,0.0
1922,1826,401,1,2.99,0.0
1923,1827,526,3,5.19,0.0
1924,1828,518,2,3.12,0.0
1925,1829,1101,2,14.91,0.0
1926,1830,1144,2,8.36,0.0
1927,1831,1137,2,7.22,0.0
1928,1832,1169,1,8.52,0.0
1929,1832,1164,1,2.79,0.0
1930,1833,792,1,4.23,0.0
1931,1834,110,1,4.51,0.29
1932,1835,738,1,4.87,0.0
1933,1836,245,1,4.67,0.0
1934,1837,805,1,5.55,0.0
1935,1838,408,2,2.99,0.0
1936,1839,1277,3,2.59,0.0
1937,1840,799,1,3.23,0.0
1938,1841,716,1,14.15,0.0
1939,1842,1493,1,13.99,0.0
1940,1843,1000,3,16.01,5.03
1941,1844,1351,1,5.75,0.0
1942,1845,1308,1,1.99,0.0
1943,1846,1349,1,3.31,0.0
1944,1847,169,1,4.93,0.0
1945,1848,220,1,8.22,0.0
1946,1849,174,3,9.21,0.0
1947,1850,1331,1,7.41,0.0
1948,1850,1334,1,8.44,0.0
1949,1851,68,2,6.63,0.7
1950,1852,905,2,6.26,0.0
1951,1853,906,1,12.88,0.0
1952,1853,911,2,4.55,0.0
1953,1854,556,1,8.71,0.0
1954,1855,489,2,4.16,0.0
1955,1856,691,1,4.5,0.0
1956,1857,801,1,3.62,0.0
1957,1858,209,2,8.85,0.0
1958,1859,522,1,3.42,0.0
1959,1860,1003,2,5.2,0.0
1960,1861,1357,1,5.04,0.0
1961,1862,118,1,3.89,0.0
1962,1862,122,1,3.07,0.0
1963,1863,498,1,15.63,0.0
1964,1864,778,1,13.7,0.0
1965,1865,1073,1,5.09,0.0
1966,1866,751,2,15.49,0.0
1967,1867,477,3,3.25,0.0
1968,1868,1371,1,7.65,0.0
1969,1869,97,1,13.8,0.0
1970,1870,1116,1,3.88,0.0
1971,1871,300,2,2.88,0.0
1972,1872,723,2,10.28,0.0
1973,1873,642,3,11.93,2.0
1974,1874,1471,1,6.24,0.0
1975,1875,633,1,3.66,0.0
1976,1876,823,1,15.76,0.0
1977,1877,282,1,3.36,0.0
1978,1878,346,1,2.4,0.0
1979,1879,910,1,15.17,0.0
1980,1880,1416,1,3.75,0.0
1981,1881,799,1,3.31,0.0
1982,1882,877,1,15.85,0.0
1983,1883,715,3,18.02,0.0
1984,1884,1473,1,4.64,0.0
1985,1885,798,2,5.5,0.0
1986,1886,510,2,5.07,0.8
1987,1887,278,2,12.28,0.0
1988,1888,395,2,13.56,0.0
1989,1889,1433,1,10.3,0.0
1990,1890,884,1,4.38,0.0
1991,1891,794,1,5.07,0.0
1992,1892,692,1,16.43,0.0
1993,1893,593,2,9.05,0.0
1994,1894,268,3,4.68,0.0
1995,1895,1183,2,4.22,0.0
1996,1896,1147,2,19.25,0.0
1997,1897,129,1,4.88,0.0
1998,1898,797,2,3.06,0.0
1999,1899,110,1,4.54,0.0
2000,1900,108,1,3.04,0.0
2001,1901,1498,1,3.59,0.0
2002,1902,1007,2,10.03,0.0
2003,1903,31,1,11.29,0.0
2004,1904,463,1,11.1,0.0
2005,1905,1353,1,18.23,0.0
2006,1906,825,1,6.05,0.0
2007,1907,801,1,3.68,0.0
2008,1908,1305,2,15.86,0.0
2009,1909,802,1,2.66,0.0
2010,1910,872,1,5.28,0.0
2011,1911,796,1,2.89,0.0
2012,1912,522,2,3.35,0.75
2013,1913,687,2,12.51,0.0
2014,1914,407,2,6.84,0.0
2015,1915,390,1,3.76,0.0
2016,1916,655,2,4.86,0.0
2017,1917,1348,1,15.92,0.0
2018,1918,405,3,5.29,1.11
2019,1919,928,3,2.63,0.0
2020,1920,61,1,5.16,0.0
2021,1921,101,1,2.38,0.18
2022,1921,104,2,9.07,0.0
2023,1921,105,1,4.3,0.0
2024,1922,147,2,6.67,0.0
2025,1923,839,3,6.6,0.0
2026,1924,802,1,2.65,0.0
2027,1925,200,2,5.37,0.0
2028,1926,1125,1,10.19,0.0
2029,1927,1124,1,3.24,0.0
2030,1928,1244,2,5.93,0.0
2031,1929,144,1,18.85,0.0
2032,1930,752,1,6.97,0.0
2033,1931,409,1,3.92,0.0
2034,1932,1080,1,12.26,0.0
2035,1933,1445,1,16.9,0.0
2036,1934,589,1,2.22,0.0
2037,1935,648,1,5.85,0.0
2038,1936,483,2,5.03,0.0
2039,1937,279,1,3.41,0.0
2040,1938,1405,2,3.2,0.0
2041,1939,958,1,4.47,0.0
2042,1940,401,1,2.91,0.0
2043,1941,1318,1,3.22,0.0
2044,1942,1131,2,5.79,0.0
2045,1943,592,3,8.54,0.0
2046,1944,1173,2,3.96,0.0
2047,1945,1099,1,3.67,0.2
2048,1946,916,1,2.63,0.0
2049,1947,69,2,5.14,0.0
2050,1948,410,1,3.74,0.0
2051,1949,1303,3,4.98,1.61
2052,1950,822,1,6.44,0.0
2053,1951,172,2,3.36,0.0
2054,1952,78,2,10.51,0.0
2055,1953,716,2,14.2,0.0
2056,1954,746,1,12.38,0.0
2057,1955,686,2,6.22,0.0
2058,1956,899,1,6.85,0.0
2059,1957,1323,2,4.52,0.0
2060,1958,1079,1,4.12,0.0
2061,1959,707,1,1.69,0.0
2062,1960,542,1,3.82,0.43
2063,1961,743,3,10.6,0.0
2064,1962,698,1,11.51,0.0
2065,1963,187,1,3.87,0.0
2066,1964,1484,1,3.9,0.0
2067,1965,496,3,10.54,0.0
2068,1966,1109,1,6.67,0.0
2069,1967,793,1,2.98,0.0
2070,1968,291,2,13.67,0.0
2071,1969,79,2,12.73,0.0
2072,1970,480,2,15.62,0.0
2073,1971,1258,1,7.12,0.0
2074,1972,790,1,5.19,0.0
2075,1973,232,1,10.29,0.0
2076,1974,546,1,8.69,0.0
2077,1975,1430,2,2.5,0.0
2078,1976,874,1,2.35,0.0
2079,1977,799,1,3.3,0.0
2080,1978,472,1,3.61,0.0
2081,1979,496,1,10.46,0.0
2082,1980,888,1,4.32,0.0
2083,1981,891,2,13.97,0.0
2084,1982,338,1,14.75,0.0
2085,1983,887,1,9.08,0.0
2086,1984,800,1,3.63,0.0
2087,1985,1434,1,2.96,0.0
2088,1986,1083,1,5.45,0.0
2089,1987,772,2,6.84,0.0
2090,1988,405,1,5.29,0.0
2091,1989,242,1,3.37,0.0
2092,1990,936,2,10.36,0.0
2093,1991,677,2,7.43,0.0
2094,1992,653,2,4.8,0.0
2095,1993,362,3,11.84,4.0
2096,1994,318,1,2.77,0.0
2097,1995,1397,1,4.74,0.0
2098,1996,795,1,4.83,0.0
2099,1997,703,1,3.97,0.0
2100,1998,1123,3,15.31,0.0
2101,1999,447,3,14.55,0.0
2102,2000,704,1,2.77,0.0
2103,2001,422,1,5.19,0.0
2104,2002,33,1,4.35,0.0
2105,2003,158,1,2.82,0.27
2106,2004,653,1,4.69,0.0
2107,2005,1295,1,11.52,0.0
2108,2006,288,1,4.51,0.0
2109,2007,1120,1,5.19,0.0
2110,2008,745,1,2.42,0.0
2111,2009,1134,1,4.18,0.0
2112,2010,1141,1,4.33,0.0
2113,2011,447,1,14.56,0.0
2114,2012,863,1,11.67,0.0
2115,2013,211,2,8.66,0.0
2116,2014,372,1,3.23,0.0
2117,2015,1408,1,8.26,0.0
2118,2016,551,1,3.36,0.0
2119,2017,803,1,6.28,0.0
2120,2018,517,2,4.62,0.0
2121,2019,478,2,4.4,0.0
2122,2020,764,1,4.55,0.0
2123,2021,1082,1,9.78,0.0
2124,2022,415,2,14.02,0.0
2125,2023,1473,1,4.77,0.0
2126,2024,1251,1,2.91,0.0
2127,2025,209,1,8.79,0.0
2128,2026,792,1,4.3,0.0
2129,2027,145,1,6.38,0.92
2130,2028,667,2,5.06,0.0
2131,2029,1078,1,11.7,0.0
2132,2030,1019,2,3.23,0.0
2133,2031,755,3,6.58,0.0
2134,2032,345,1,15.24,0.0
2135,2033,1037,1,11.91,0.0
2136,2034,881,1,13.31,0.0
2137,2035,474,1,3.68,0.0
2138,2036,1259,2,14.49,1.58
2139,2037,1080,1,12.12,0.0
2140,2038,59,1,3.19,0.0
2141,2039,189,3,13.16,0.0
2142,2040,613,1,15.47,0.0
2143,2041,677,1,7.34,0.0
2144,2042,91,3,13.54,0.0
2145,2043,122,1,3.17,0.0
2146,2044,187,1,3.9,0.0
2147,2045,604,1,5.45,0.0
2148,2046,800,2,3.49,0.0
2149,2046,792,1,4.27,0.0
2150,2046,801,1,3.7,0.0
2151,2047,446,1,17.21,0.0
2152,2048,917,1,3.04,0.0
2153,2049,1305,1,15.86,0.0
2154,2050,1179,1,9.41,0.0
2155,2051,1053,1,1.74,0.0
2156,2052,126,1,11.76,0.0
2157,2053,1347,2,4.24,0.0
2158,2054,686,1,6.23,0.64
2159,2055,92,1,13.36,0.0
2160,2056,922,1,7.64,0.0
2161,2057,1070,1,7.17,0.0
2162,2058,540,3,16.52,0.0
2163,2059,153,2,5.63,0.0
2164,2060,1324,1,2.81,0.0
2165,2061,787,1,6.42,0.0
2166,2062,1231,1,14.95,0.0
2167,2063,404,1,6.05,0.53
2168,2064,1079,1,4.11,0.0
2169,2065,707,1,1.81,0.0
2170,2066,204,1,15.64,0.0
2171,2067,448,3,3.69,0.0
2172,2068,1488,1,8.12,0.0
2173,2069,768,1,6.98,0.86
2174,2070,549,1,3.53,0.0
2175,2071,173,1,10.52,0.92
2176,2072,914,1,3.26,0.0
2177,2073,155,1,13.28,0.0
2178,2074,621,1,10.8,0.0
2179,2075,1338,1,5.0,0.0
2180,2076,1127,1,14.45,0.0
2181,2077,200,1,5.3,0.0
2182,2078,1348,2,15.98,0.0
2183,2079,17,2,8.95,0.0
2184,2080,663,2,9.52,0.0
2185,2081,753,2,4.23,0.0
2186,2082,745,1,2.34,0.0
2187,2083,261,1,11.61,0.0
2188,2084,1147,2,19.17,0.0
2189,2085,1000,3,16.11,2.71
2190,2085,999,2,4.67,0.0
2191,2086,1459,2,4.81,0.0
2192,2087,1217,1,6.83,0.0
2193,2088,154,1,5.28,0.0
2194,2089,1358,1,13.66,0.0
2195,2090,667,3,4.97,0.0
2196,2091,1034,2,3.89,0.0
2197,2092,1382,2,2.21,0.0
2198,2093,1448,1,14.7,0.0
2199,2094,92,1,13.39,0.0
2200,2095,1354,1,13.94,0.0
2201,2096,1473,1,4.67,0.0
2202,2096,1476,2,7.77,0.0
2203,2097,1147,2,19.26,0.0
2204,2098,1400,2,3.15,0.0
2205,2099,1466,1,5.01,0.0
2206,2100,988,2,8.96,0.0
2207,2101,62,1,12.39,0.0
2208,2102,1242,1,4.07,0.0
2209,2103,1387,2,12.26,0.0
2210,2104,625,1,10.53,0.0
2211,2105,144,1,18.75,0.0
2212,2106,610,1,9.35,0.0
2213,2107,425,1,3.47,0.0
2214,2108,997,1,6.59,0.0
2215,2109,1084,1,5.94,0.6
2216,2110,1373,1,4.5,0.0
2217,2111,1257,1,12.52,0.0
2218,2112,476,1,13.61,0.0
2219,2113,1426,1,11.03,0.0
2220,2114,392,2,3.97,0.0
2221,2115,55,1,4.17,0.0
2222,2116,1434,2,2.92,0.0
2223,2117,764,1,4.61,0.0
2224,2118,718,2,16.78,0.0
2225,2119,196,1,4.79,0.0
2226,2120,58,1,2.33,0.0
2227,2121,700,2,3.95,0.0
2228,2122,65,1,4.15,0.25
2229,2123,1193,1,5.6,0.0
2230,2124,1334,1,8.35,0.0
2231,2125,395,1,13.55,0.0
2232,2126,806,1,3.62,0.0
2233,2127,921,1,6.51,0.0
2234,2128,793,2,3.03,0.59
2235,2129,57,1,7.22,0.0
2236,2130,72,1,5.21,0.0
2237,2131,1374,1,2.88,0.0
2238,2132,102,1,2.53,0.0
2239,2133,914,2,3.29,0.0
2240,2134,922,2,7.51,0.0
2241,2135,448,1,3.71,0.0
2242,2136,473,1,5.58,0.0
2243,2137,1431,3,5.13,0.0
2244,2138,1030,2,12.19,0.0
2245,2139,798,2,5.49,1.51
2246,2140,1043,2,8.13,0.0
2247,2141,26,1,6.05,0.0
2248,2142,915,1,3.19,0.0
2249,2143,542,1,3.87,0.0
2250,2144,184,2,8.22,0.0
2251,2145,759,2,10.31,0.0
2252,2145,752,2,6.99,0.0
2253,2146,32,2,14.42,0.0
2254,2147,425,1,3.59,0.0
2255,2148,1451,3,11.5,0.0
2256,2149,1422,1,3.14,0.0
2257,2150,579,1,1.47,0.0
2258,2151,233,1,6.37,0.0
2259,2152,387,1,3.12,0.0
2260,2153,805,2,5.51,0.0
2261,2154,490,3,4.3,1.86
2262,2155,913,1,3.42,0.0
2263,2156,58,2,2.35,0.0
2264,2157,1364,2,4.15,0.0
2265,2158,1048,1,6.8,0.0
2266,2159,91,1,13.7,0.0
2267,2160,1200,1,5.83,0.0
2268,2161,1072,2,15.39,0.0
2269,2162,1198,1,5.88,0.0
2270,2163,797,1,3.05,0.0
2271,2164,1386,1,3.5,0.0
2272,2165,302,1,3.45,0.0
2273,2166,90,1,13.77,0.0
2274,2167,557,2,7.11,0.0
2275,2168,1301,1,3.1,0.0
2276,2169,96,2,10.78,0.0
2277,2170,1057,1,9.12,0.0
2278,2171,995,1,6.98,0.57
2279,2172,824,1,12.77,1.53
2280,2173,1287,1,8.83,0.0
2281,2174,1047,1,4.85,0.0
2282,2175,515,3,5.31,0.0
2283,2176,1103,1,5.75,0.0
2284,2177,1057,1,9.06,0.0
2285,2178,110,1,4.61,0.54
2286,2179,33,1,4.38,0.0
2287,2180,330,1,12.79,0.0
2288,2181,947,1,17.92,0.0
2289,2182,911,1,4.59,0.0
2290,2183,760,1,10.82,0.0
2291,2184,796,2,2.78,0.0
2292,2185,797,2,3.14,0.83
2293,2186,397,1,4.25,0.0
2294,2187,656,1,6.81,0.0
2295,2188,186,2,4.85,0.0
2296,2189,332,1,13.53,0.0
2297,2189,331,2,15.1,0.0
2298,2190,548,1,4.61,0.0
2299,2191,1232,1,5.34,0.0
2300,2192,239,3,14.57,0.0
2301,2193,135,1,5.6,0.0
2302,2194,406,3,6.51,0.0
2303,2195,827,1,2.55,0.0
2304,2196,203,3,4.17,0.0
2305,2197,840,1,16.98,0.0
2306,2198,711,2,2.65,0.0
2307,2199,1432,1,5.26,0.0
2308,2200,356,2,6.56,0.0
2309,2201,34,1,7.54,0.0
2310,2202,1468,1,5.55,0.0
2311,2203,1262,1,4.24,0.0
2312,2204,913,2,3.49,0.0
2313,2205,910,2,15.12,0.0
2314,2206,1082,3,9.91,0.0
2315,2207,403,3,2.49,0.0
2316,2208,650,1,5.29,0.62
2317,2209,1462,1,12.19,0.0
2318,2210,160,2,3.62,0.0
2319,2211,1482,1,2.37,0.0
2320,2212,607,1,4.0,0.0
2321,2213,76,1,10.95,0.0
2322,2214,1161,1,3.53,0.0
2323,2215,171,1,9.92,0.0
2324,2216,746,2,12.34,1.5
2325,2217,984,1,7.95,0.0
2326,2218,1489,1,2.53,0.0
2327,2219,804,2,10.29,0.0
2328,2220,179,1,4.26,0.0
2329,2221,1418,1,2.67,0.21
2330,2222,694,1,14.31,0.0
2331,2223,389,2,2.85,0.0
2332,2224,1015,1,16.23,0.0
2333,2225,421,1,3.86,0.0
2334,2226,129,1,4.93,0.0
2335,2227,102,2,2.62,0.0
2336,2227,106,1,9.98,0.74
2337,2227,104,1,9.04,0.0
2338,2228,119,3,4.91,0.0
2339,2229,1232,1,5.36,0.0
2340,2230,760,1,10.84,0.0
2341,2231,863,3,11.61,0.0
2342,2232,479,1,14.53,0.0
2343,2233,1124,2,3.37,0.0
2344,2234,458,1,14.05,0.0
2345,2235,759,1,10.36,0.0
2346,2236,164,1,3.87,0.0
2347,2237,1349,1,3.37,0.0
2348,2238,60,1,3.48,0.0
2349,2239,414,1,4.93,0.0
2350,2240,1469,1,10.66,0.0
2351,2241,1185,1,4.55,0.0
2352,2242,254,1,3.89,0.0
2353,2243,180,1,2.77,0.0
2354,2244,411,1,8.06,0.0
2355,2245,411,1,8.16,0.0
2356,2246,703,1,4.09,0.0
2357,2247,1157,3,3.67,0.0
2358,2248,906,1,12.91,0.0
2359,2249,801,1,3.57,0.0
2360,2250,1285,1,2.58,0.0
2361,2251,542,3,3.78,0.0
2362,2252,290,3,9.07,0.0
2363,2253,1284,1,2.1,0.26
2364,2254,642,1,12.0,0.0
2365,2255,134,2,3.62,0.0
2366,2256,734,1,4.83,0.68
2367,2257,1378,1,9.99,0.0
2368,2258,780,1,14.75,0.0
2369,2259,926,1,15.28,0.0
2370,2260,1097,2,8.95,0.0
2371,2261,99,1,3.86,0.0
2372,2262,472,1,3.63,0.5
2373,2263,212,1,3.4,0.0
2374,2264,1069,1,10.42,0.0
2375,2265,949,1,16.51,0.0
2376,2266,677,1,7.45,0.78
2377,2267,1458,1,13.84,0.0
2378,2268,198,1,10.71,0.0
2379,2269,1251,1,2.8,0.0
2380,2270,604,1,5.38,0.0
2381,2271,1432,1,5.26,0.0
2382,2272,798,1,5.37,0.0
2383,2273,803,1,6.3,0.0
2384,2274,1312,1,8.78,0.0
2385,2275,1304,1,4.21,0.0
2386,2276,713,1,2.84,0.0
2387,2277,31,1,11.3,0.0
2388,2278,474,1,3.63,0.0
2389,2279,557,1,7.17,0.0
2390,2280,476,2,13.72,0.0
2391,2281,631,1,13.58,0.0
2392,2282,745,2,2.41,0.0
2393,2283,702,3,11.55,0.0
2394,2284,782,2,5.56,0.0
2395,2285,1273,1,4.43,0.0
2396,2286,1282,2,2.62,0.0
2397,2287,796,1,2.95,0.15
2398,2288,1271,1,4.81,0.0
2399,2289,1435,1,5.07,0.0
2400,2290,957,2,20.51,0.0
2401,2291,925,1,3.63,0.0
2402,2292,702,1,11.54,0.0
2403,2293,1391,2,11.47,1.33
2404,2294,398,2,2.19,0.0
2405,2295,1130,2,13.84,0.0
2406,2296,24,1,7.01,0.0
2407,2297,819,2,2.75,0.0
2408,2298,1394,1,2.45,0.0
2409,2299,1306,1,2.84,0.0
2410,2300,551,1,3.36,0.0
2411,2301,1043,2,8.03,1.6
2412,2302,1040,1,13.93,0.0
2413,2303,1133,1,5.23,0.0
2414,2304,46,2,3.26,0.0
2415,2305,967,3,5.62,0.0
2416,2306,83,1,3.2,0.0
2417,2307,55,1,4.27,0.0
2418,2308,1234,1,5.57,0.0
2419,2309,909,1,7.38,0.0
2420,2310,200,1,5.36,0.0
2421,2311,997,1,6.52,0.0
2422,2312,1432,1,5.42,0.0
2423,2313,1392,2,3.04,0.0
2424,2314,1057,1,9.11,0.0
2425,2315,1294,1,2.56,0.0
2426,2316,148,2,14.01,0.0
2427,2317,1277,1,2.57,0.0
2428,2318,576,1,1.79,0.0
2429,2319,1120,2,5.07,0.0
2430,2320,657,2,3.2,0.0
2431,2321,998,2,17.74,0.0
2432,2322,756,1,3.04,0.0
2433,2323,811,2,9.88,0.0
2434,2324,1333,1,18.46,0.0
2435,2325,264,3,5.74,0.0
2436,2326,616,3,11.11,0.0
2437,2327,162,1,13.37,0.0
2438,2328,823,1,15.87,0.0
2439,2329,1011,2,3.62,0.0
2440,2330,661,1,12.15,0.0
2441,2331,269,2,13.8,0.0
2442,2332,1490,1,2.39,0.0
2443,2333,832,1,2.25,0.0
2444,2334,791,1,5.11,0.0
2445,2335,792,2,4.33,0.0
2446,2336,888,1,4.31,0.0
2447,2337,1152,1,3.71,0.0
2448,2338,720,1,10.22,0.0
2449,2339,801,1,3.72,0.0
2450,2340,503,2,4.81,0.0
2451,2341,1206,1,8.8,0.0
2452,2342,1140,1,19.59,0.0
2453,2343,1087,2,11.61,0.0
2454,2344,1072,1,15.33,0.0
2455,2345,857,3,2.89,0.0
2456,2346,1198,1,5.86,0.0
2457,2347,715,2,17.95,5.26
2458,2348,798,2,5.42,0.0
2459,2349,165,1,12.31,0.0
2460,2350,200,3,5.39,0.0
2461,2351,335,1,4.1,0.0
2462,2352,916,1,2.63,0.0
2463,2353,1344,2,13.81,0.0
2464,2354,1108,1,16.6,0.0
2465,2355,620,2,2.96,0.0
2466,2356,1053,2,1.84,0.0
2467,2357,1053,1,1.76,0.0
2468,2358,1043,1,8.1,0.0
2469,2359,187,1,3.9,0.0
2470,2360,206,2,4.04,0.0
2471,2361,909,3,7.42,0.0
2472,2362,801,1,3.69,0.0
2473,2363,702,1,11.59,0.0
2474,2364,433,1,4.79,0.0
2475,2365,1097,2,8.83,0.0
2476,2366,55,1,4.26,0.35
2477,2367,206,2,3.99,0.0
2478,2368,652,2,4.84,0.0
2479,2369,242,3,3.37,0.0
2480,2370,19,1,7.78,0.0
2481,2371,1200,1,5.81,0.0
2482,2372,1030,1,12.2,0.0
2483,2373,800,1,3.59,0.0
2484,2374,172,2,3.44,0.0
2485,2375,379,1,9.19,0.0
2486,2376,1005,3,8.24,0.0
2487,2377,764,1,4.55,0.0
2488,2378,189,1,13.16,0.0
2489,2379,1348,2,15.81,0.0
2490,2380,175,1,10.75,0.0
2491,2381,1397,1,4.77,0.0
2492,2382,37,1,5.93,0.34
2493,2383,210,1,3.69,0.34
2494,2384,1305,1,15.83,0.0
2495,2385,993,2,7.32,0.0
2496,2386,676,1,5.49,0.0
2497,2387,839,1,6.52,0.0
2498,2388,939,2,5.06,0.0
2499,2389,523,2,9.01,0.0
2500,2390,1361,1,4.21,0.0
2501,2391,1161,1,3.55,0.0
2502,2392,892,1,5.51,0.0
2503,2393,104,1,9.09,0.0
2504,2394,469,1,9.63,0.0
2505,2395,1427,1,10.09,0.0
2506,2396,337,3,14.48,0.0
2507,2397,179,1,4.28,0.0
2508,2398,1349,1,3.34,0.0
2509,2399,654,2,4.87,0.0
2510,2400,999,1,4.7,0.0
2511,2401,1225,1,7.7,0.0
2512,2402,1305,2,15.79,0.0
2513,2403,1010,2,4.39,0.0
2514,2404,1441,1,3.61,0.44
2515,2405,33,2,4.35,0.0
2516,2406,1000,3,16.19,0.0
2517,2407,539,1,4.54,0.65
2518,2408,1004,1,6.13,0.0
2519,2409,1081,1,3.91,0.0
2520,2410,1164,1,2.65,0.13
2521,2411,500,1,4.63,0.0
2522,2412,1302,1,4.37,0.0
2523,2413,762,1,3.69,0.0
2524,2414,668,2,8.28,0.0
2525,2415,140,2,10.88,2.48
2526,2416,1295,2,11.42,0.0
2527,2417,881,1,13.34,0.0
2528,2418,940,2,4.54,0.0
2529,2418,929,1,2.97,0.0
2530,2419,1439,2,5.74,0.0
2531,2420,1262,1,4.16,0.0
2532,2421,427,3,11.42,0.0
2533,2422,1489,1,2.48,0.0
2534,2423,1400,1,3.11,0.0
2535,2424,416,3,5.41,0.0
2536,2425,131,1,13.05,0.0
2537,2426,918,1,2.76,0.0
2538,2427,376,1,10.95,0.0
2539,2428,1196,2,14.75,3.74
2540,2429,1247,1,3.89,0.0
2541,2430,805,1,5.52,0.0
2542,2431,1086,3,10.51,0.0
2543,2432,628,1,5.0,0.0
2544,2433,1014,2,2.77,0.0
2545,2434,649,1,4.11,0.0
2546,2435,1078,1,11.8,0.0
2547,2436,1443,1,5.82,0.0
2548,2437,576,2,1.87,0.0
2549,2438,1400,1,3.21,0.0
2550,2439,317,1,2.87,0.0
2551,2440,175,1,10.66,0.0
2552,2441,202,3,4.19,0.0
2553,2442,742,1,3.12,0.0
2554,2443,548,3,4.63,0.0
2555,2444,97,2,13.81,0.0
2556,2445,377,1,2.39,0.0
2557,2446,1250,2,3.34,0.0
2558,2447,1270,3,5.57,0.0
2559,2448,825,2,6.13,0.0
2560,2449,195,1,10.19,0.0
2561,2450,501,2,5.31,0.0
2562,2451,787,1,6.41,0.0
2563,2452,868,1,11.72,0.0
2564,2453,253,3,4.85,0.0
2565,2454,921,1,6.51,0.0
2566,2455,402,2,8.31,0.0
2567,2456,1332,3,12.1,0.0
2568,2457,1346,1,4.9,0.0
2569,2458,845,1,5.31,0.0
2570,2459,64,1,4.27,0.0
2571,2460,792,1,4.33,0.0
2572,2461,1109,1,6.69,0.0
2573,2462,1167,1,4.29,0.0
2574,2463,248,1,5.36,0.0
2575,2464,799,1,3.27,0.0
2576,2465,792,2,4.35,0.0
2577,2466,1394,1,2.42,0.0
2578,2467,880,2,6.83,0.0
2579,2468,563,1,15.53,0.0
2580,2469,389,1,2.88,0.0
2581,2470,759,3,10.32,0.0
2582,2471,258,1,9.79,0.0
2583,2472,1086,1,10.53,0.0
2584,2473,593,2,9.05,0.0
2585,2474,1421,1,4.79,0.55
2586,2475,558,1,14.8,0.0
2587,2476,1014,2,2.76,0.0
2588,2477,48,1,12.92,0.0
2589,2478,787,3,6.53,0.0
2590,2478,785,3,4.48,0.0
2591,2479,797,1,3.05,0.0
2592,2480,69,1,5.15,0.0
2593,2481,1132,1,15.68,0.0
2594,2482,1219,1,1.81,0.0
2595,2483,1453,1,3.51,0.0
2596,2484,1057,2,9.13,0.0
2597,2485,807,1,2.55,0.0
2598,2486,58,1,2.31,0.0
2599,2487,73,1,13.87,0.0
2600,2488,541,1,10.7,0.0
2601,2489,1120,1,5.12,0.0
2602,2490,663,2,9.4,0.0
2603,2491,118,2,3.91,0.0
2604,2492,257,2,4.11,0.0
2605,2493,729,1,4.32,0.0
2606,2494,211,1,8.73,0.0
2607,2495,59,2,3.24,0.0
2608,2496,1177,1,9.48,0.0
2609,2497,540,1,16.4,0.0
2610,2498,588,2,9.41,0.0
2611,2499,710,1,3.29,0.0
2612,2499,708,1,2.66,0.0
2613,2500,317,2,2.86,0.0
2614,2501,411,2,8.11,0.0
2615,2501,407,2,6.85,0.0
2616,2501,405,2,5.23,0.0
2617,2502,98,1,2.8,0.0
2618,2503,802,1,2.57,0.0
2619,2504,93,1,3.76,0.0
2620,2505,690,1,14.26,0.0
2621,2506,750,2,5.16,0.0
2622,2507,105,2,4.32,0.0
2623,2507,107,2,9.25,0.0
2624,2508,262,2,10.64,0.0
2625,2509,717,2,17.12,0.0
2626,2510,226,1,4.21,0.0
2627,2511,984,1,8.02,0.0
2628,2512,400,1,3.16,0.0
2629,2513,51,1,15.02,0.0
2630,2514,19,2,7.75,0.0
2631,2515,1489,3,2.38,0.0
2632,2516,1500,1,16.38,0.0
2633,2517,557,3,7.21,0.0
2634,2518,1250,1,3.29,0.0
2635,2519,1347,1,4.12,0.0
2636,2520,1168,1,4.44,0.0
2637,2521,415,1,14.01,0.0
2638,2522,1171,2,8.28,0.0
2639,2523,976,1,2.05,0.0
2640,2524,908,1,4.01,0.0
2641,2525,1350,2,18.3,0.0
2642,2526,166,2,7.24,0.0
2643,2527,635,1,5.69,0.0
2644,2528,1030,2,12.26,0.0
2645,2529,408,1,2.94,0.0
2646,2530,683,2,13.78,0.0
2647,2530,672,1,6.59,0.0
2648,2531,152,1,14.09,0.0
2649,2532,186,3,4.7,0.0
2650,2533,1264,1,11.67,0.0
2651,2534,763,2,3.04,0.0
2652,2535,1385,1,3.05,0.0
2653,2536,611,3,4.04,1.22
2654,2537,1313,1,6.81,0.0
2655,2538,362,1,11.77,0.0
2656,2539,115,1,9.32,0.0
2657,2540,296,1,3.27,0.0
2658,2541,250,1,9.76,0.0
2659,2542,46,1,3.25,0.0
2660,2543,56,2,3.54,0.0
2661,2544,445,2,5.6,0.0
2662,2545,702,1,11.59,0.0
2663,2545,699,1,5.16,0.0
2664,2546,580,2,6.29,0.0
2665,2547,1069,1,10.39,0.0
2666,2548,864,1,5.43,0.0
2667,2549,301,2,13.45,0.0
2668,2550,1495,1,4.93,0.51
2669,2551,800,2,3.54,0.0
2670,2552,1193,1,5.52,0.0
2671,2553,1040,2,13.98,0.0
2672,2554,180,2,2.81,0.0
2673,2555,1045,1,5.21,0.0
2674,2556,298,1,3.81,0.0
2675,2557,1463,1,5.92,0.0
2676,2558,441,1,2.68,0.0
2677,2559,911,1,4.55,0.0
2678,2560,1438,3,14.04,0.0
2679,2561,1031,1,3.67,0.0
2680,2562,794,2,5.09,0.0
2681,2563,623,2,6.01,0.0
2682,2564,189,3,13.28,0.0
2683,2565,1175,2,4.4,0.0
2684,2566,69,3,5.15,0.0
2685,2567,795,1,4.77,0.43
2686,2568,74,1,4.77,0.0
2687,2569,844,1,17.16,0.0
2688,2570,1011,1,3.59,0.0
2689,2571,507,1,5.11,0.0
2690,2572,1151,2,4.38,0.0
2691,2573,611,2,4.01,0.0
2692,2574,1082,2,9.79,0.0
2693,2575,125,1,10.56,0.0
2694,2576,202,2,4.24,0.0
2695,2577,403,1,2.53,0.0
2696,2578,861,1,3.04,0.0
2697,2579,1437,1,13.5,0.0
2698,2580,390,1,3.78,0.0
2699,2581,1277,2,2.53,0.45
2700,2582,477,2,3.4,0.0
2701,2583,1471,2,6.18,0.0
2702,2584,1307,1,9.33,0.0
2703,2585,747,1,15.01,0.0
2704,2586,1086,1,10.51,0.8
2705,2587,254,1,3.88,0.0
2706,2588,373,1,3.59,0.0
2707,2589,616,3,11.13,3.36
2708,2590,969,1,14.65,0.0
2709,2591,914,1,3.31,0.0
2710,2592,1277,1,2.58,0.0
2711,2593,718,1,16.73,0.0
2712,2594,660,2,2.41,0.0
2713,2595,394,1,4.43,0.41
2714,2595,396,1,3.55,0.0
2715,2596,598,1,4.1,0.0
2716,2597,800,1,3.54,0.0
2717,2598,80,2,4.26,0.89
2718,2599,1293,1,9.7,0.97
2719,2600,321,3,2.19,0.0
2720,2601,1155,1,7.16,0.0
2721,2602,508,1,4.16,0.0
2722,2603,1028,1,3.74,0.0
2723,2604,1313,1,6.72,0.0
2724,2605,738,1,4.84,0.0
2725,2606,1491,3,5.11,0.0
2726,2607,675,1,4.85,0.0
2727,2608,677,1,7.42,0.0
2728,2609,808,1,4.13,0.0
2729,2610,491,1,18.59,0.0
2730,2611,1002,1,4.27,0.37
2731,2612,303,1,4.89,0.0
2732,2613,58,1,2.35,0.0
2733,2614,579,1,1.47,0.0
2734,2615,794,1,5.15,0.0
2735,2616,245,2,4.7,0.0
2736,2617,1030,1,12.2,0.0
2737,2618,599,1,10.82,0.0
2738,2619,232,1,10.25,0.0
2739,2620,1081,2,3.8,0.0
2740,2620,1079,2,4.14,0.0
2741,2621,192,1,13.62,0.0
2742,2622,534,1,5.15,0.0
2743,2623,403,1,2.52,0.0
2744,2624,442,3,1.85,0.0
2745,2625,937,1,6.3,0.0
2746,2626,425,2,3.41,0.0
2747,2627,469,2,9.64,0.0
2748,2628,590,1,8.74,0.0
2749,2629,794,2,5.1,0.0
2750,2630,544,1,4.3,0.0
2751,2631,1434,1,2.98,0.0
2752,2632,503,2,4.86,0.0
2753,2633,823,1,15.78,0.0
2754,2634,402,1,8.35,0.0
2755,2635,167,1,3.77,0.0
2756,2636,80,3,4.14,0.0
2757,2637,1148,2,18.35,0.0
2758,2638,556,1,8.66,0.0
2759,2639,1360,3,6.99,0.0
2760,2640,279,2,3.39,0.0
2761,2641,106,2,9.94,0.0
2762,2642,1439,1,5.76,0.0
2763,2642,1451,1,11.45,0.0
2764,2643,1000,1,16.05,0.0
2765,2644,443,3,5.62,0.0
2766,2645,116,2,2.26,0.0
2767,2646,140,2,10.73,0.0
2768,2647,802,1,2.68,0.0
2769,2648,977,3,8.54,0.0
2770,2649,475,3,14.51,0.0
2771,2650,345,2,15.29,0.0
2772,2651,1078,2,11.74,0.0
2773,2652,1476,2,7.82,0.0
2774,2653,1086,3,10.45,0.0
2775,2654,1254,3,3.94,0.0
2776,2655,442,1,1.92,0.0
2777,2656,493,1,7.49,0.0
2778,2657,709,2,1.73,0.0
2779,2658,1305,1,15.83,0.0
2780,2659,1248,1,3.1,0.0
2781,2660,1302,1,4.33,0.0
2782,2661,702,1,11.58,0.0
2783,2662,93,1,3.77,0.0
2784,2663,1146,2,3.86,0.0
2785,2664,1204,2,7.13,0.0
2786,2665,716,3,14.13,0.0
2787,2666,493,1,7.5,0.0
2788,2667,304,1,5.74,0.0
2789,2668,295,2,5.25,0.0
2790,2669,166,1,7.2,0.89
2791,2670,206,1,4.13,0.0
2792,2671,1207,2,2.71,0.0
2793,2672,1206,2,8.79,0.0
2794,2673,559,1,4.52,0.0
2795,2674,911,1,4.62,0.0
2796,2675,447,1,14.47,0.0
2797,2676,1258,1,7.23,0.0
2798,2677,797,1,3.01,0.0
2799,2678,126,1,11.74,0.0
2800,2679,286,1,4.27,0.0
2801,2680,1320,1,3.41,0.0
2802,2681,1492,1,6.49,0.0
2803,2682,230,2,9.38,0.0
2804,2683,1280,1,2.05,0.0
2805,2684,1013,1,6.24,0.0
2806,2685,761,1,11.42,0.0
2807,2686,656,1,6.77,0.0
2808,2687,800,1,3.55,0.0
2809,2688,1496,1,2.89,0.0
2810,2689,55,1,4.21,0.0
2811,2690,1485,1,2.96,0.0
2812,2691,471,1,8.37,0.0
2813,2692,647,3,12.65,3.32
2814,2693,803,1,6.26,0.0
2815,2694,695,1,15.38,0.0
2816,2695,1131,1,5.64,0.0
2817,2696,806,1,3.68,0.38
2818,2697,240,1,3.87,0.51
2819,2698,1234,2,5.53,0.0
2820,2699,722,2,4.26,0.0
2821,2700,1084,1,5.98,0.0
2822,2701,1012,2,17.03,0.0
2823,2702,663,2,9.41,0.0
2824,2703,258,1,9.85,0.64
2825,2704,212,1,3.46,0.0
2826,2705,830,1,14.64,0.0
2827,2706,1317,2,8.04,0.0
2828,2707,1035,1,13.01,0.0
2829,2708,662,1,3.18,0.0
2830,2709,350,1,2.55,0.0
2831,2710,159,3,9.79,0.0
2832,2711,795,1,4.74,0.0
2833,2712,743,3,10.59,0.0
2834,2713,925,3,3.7,0.0
2835,2714,830,2,14.62,0.0
2836,2715,173,1,10.5,0.0
2837,2716,1483,2,2.15,0.0
2838,2717,80,3,4.2,0.0
2839,2718,54,1,3.84,0.0
2840,2719,1124,2,3.32,0.0
2841,2720,1125,2,10.2,0.0
2842,2721,551,1,3.44,0.0
2843,2722,1030,1,12.28,1.79
2844,2723,920,1,3.38,0.0
2845,2724,412,3,3.11,0.53
2846,2725,664,1,11.94,0.0
2847,2726,260,1,5.6,0.0
2848,2727,851,1,11.54,0.0
2849,2728,176,3,4.11,0.0
2850,2729,1321,1,2.76,0.0
2851,2730,1251,1,2.81,0.0
2852,2730,1244,1,5.89,0.0
2853,2731,742,2,3.03,0.0
2854,2732,2,1,3.57,0.0
2855,2733,431,2,5.22,0.0
2856,2734,1127,3,14.53,0.0
2857,2735,1486,1,2.14,0.0
2858,2736,1295,1,11.52,0.0
2859,2737,141,1,3.5,0.0
2860,2737,151,2,15.25,0.0
2861,2738,1474,2,15.36,0.0
2862,2739,923,3,3.31,0.0
2863,2740,752,1,6.95,0.0
2864,2741,1230,1,13.13,0.0
2865,2742,108,3,3.09,0.0
2866,2743,1453,2,3.48,0.0
2867,2744,206,2,4.13,0.0
2868,2745,973,2,16.23,3.95
2869,2746,909,1,7.42,0.0
2870,2746,905,3,6.21,0.0
2871,2747,1147,1,19.24,0.0
2872,2748,1198,1,5.79,0.0
2873,2749,459,1,9.71,0.0
2874,2750,467,1,10.49,0.0
2875,2751,79,1,12.59,0.0
2876,2752,921,1,6.57,0.0
2877,2752,918,3,2.74,0.0
2878,2753,909,1,7.45,0.0
2879,2754,974,1,13.54,1.44
2880,2755,824,1,12.88,0.0
2881,2756,618,1,8.72,0.0
2882,2757,495,3,3.74,0.0
2883,2758,134,2,3.67,0.0
2884,2759,756,2,3.13,0.0
2885,2760,469,2,9.58,1.15
2886,2761,1388,2,14.13,0.0
2887,2762,909,1,7.42,0.0
2888,2763,1209,1,9.22,1.1
2889,2764,285,1,3.71,0.0
2890,2765,138,3,13.64,0.0
2891,2766,255,1,4.72,0.0
2892,2767,195,2,10.08,0.0
2893,2768,583,1,5.37,0.0
2894,2769,792,2,4.37,0.0
2895,2770,789,1,3.72,0.0
2896,2771,128,1,5.54,0.0
2897,2772,1244,2,5.92,0.0
2898,2773,954,3,17.47,0.0
2899,2774,199,2,5.67,0.0
2900,2775,939,1,4.91,0.0
2901,2776,233,1,6.5,0.0
2902,2777,263,1,5.03,0.0
2903,2778,376,1,11.11,0.0
2904,2779,1223,1,2.45,0.0
2905,2780,1285,1,2.52,0.0
2906,2781,326,2,1.87,0.0
2907,2782,1134,3,4.16,0.0
2908,2783,1006,1,2.89,0.0
2909,2784,701,1,3.48,0.0
2910,2785,1174,2,11.72,1.28
2911,2786,977,1,8.54,0.0
2912,2787,570,1,7.91,0.75
2913,2788,910,1,15.21,1.41
2914,2789,1464,2,4.5,0.0
2915,2790,1085,1,11.82,0.0
2916,2791,119,1,4.87,0.0
2917,2792,310,3,11.98,0.0
2918,2793,804,1,10.41,0.0
2919,2794,1400,1,3.13,0.0
2920,2795,748,1,3.0,0.0
2921,2795,753,2,4.3,0.0
2922,2796,719,1,14.15,0.0
2923,2797,557,1,7.24,0.0
2924,2798,1244,2,5.93,0.0
2925,2799,209,1,8.87,0.0
2926,2800,274,1,10.4,0.0
2927,2801,645,1,4.37,0.0
2928,2802,1021,1,8.27,0.0
2929,2803,287,1,3.96,0.0
2930,2804,1122,2,13.79,0.0
2931,2805,884,1,4.47,0.0
2932,2806,201,1,6.02,0.0
2933,2807,1266,1,4.6,0.0
2934,2808,947,2,17.91,0.0
2935,2809,1260,1,5.66,0.0
2936,2810,313,2,4.76,0.0
2937,2811,229,2,6.7,1.98
2938,2811,227,1,3.33,0.0
2939,2812,1006,1,2.85,0.0
2940,2813,649,2,4.12,0.0
2941,2813,656,2,6.7,0.0
2942,2814,1000,1,16.04,0.0
2943,2815,669,1,7.21,0.0
2944,2816,1302,2,4.4,0.0
2945,2817,779,2,7.7,0.0
2946,2818,111,1,4.32,0.64
2947,2819,168,1,5.57,0.0
2948,2820,1196,1,14.88,0.0
2949,2821,1372,1,10.39,0.0
2950,2822,185,1,5.34,0.0
2951,2822,197,1,7.26,0.0
2952,2823,1473,2,4.77,0.0
2953,2824,1035,1,13.06,0.0
2954,2825,976,2,1.98,0.0
2955,2826,542,1,3.86,0.0
2956,2827,1351,1,5.8,0.0
2957,2828,915,1,3.17,0.0
2958,2829,549,1,3.65,0.0
2959,2830,1248,1,3.12,0.0
2960,2831,168,1,5.57,0.0
2961,2832,1027,1,8.16,0.0
2962,2833,1369,1,3.89,0.0
2963,2834,1459,1,4.77,0.0
2964,2835,455,1,15.13,0.0
2965,2836,724,1,8.51,0.0
2966,2837,239,2,14.69,0.0
2967,2838,1213,1,2.44,0.0
2968,2839,176,1,4.06,0.0
2969,2840,563,1,15.54,0.0
2970,2841,397,3,4.28,0.0
2971,2842,482,3,10.74,0.0
2972,2843,574,1,8.11,0.0
2973,2844,905,3,6.28,0.0
2974,2845,286,2,4.34,0.0
2975,2846,797,1,3.14,0.0
2976,2847,1435,2,5.07,0.0
2977,2848,1474,1,15.46,0.0
2978,2849,458,1,13.98,0.0
2979,2850,246,1,11.89,0.0
2980,2851,1438,1,13.99,0.0
2981,2852,200,1,5.31,0.0
2982,2853,1240,2,6.48,0.0
2983,2853,1242,1,4.13,0.0
2984,2854,1203,1,4.06,0.0
2985,2855,125,1,10.68,0.0
2986,2856,1157,1,3.63,0.0
2987,2857,676,1,5.49,0.0
2988,2858,372,1,3.16,0.0
2989,2859,506,1,6.58,0.0
2990,2860,1415,1,2.63,0.0
2991,2861,1004,2,6.09,0.0
2992,2862,460,1,11.51,0.0
2993,2863,655,1,4.71,0.43
2994,2864,816,1,2.46,0.0
2995,2865,570,3,7.88,0.0
2996,2866,801,1,3.71,0.0
2997,2867,1013,1,6.22,0.32
2998,2868,772,1,6.89,0.0
2999,2869,1360,2,7.06,0.0
3000,2870,1310,1,2.11,0.0
3001,2871,998,2,17.61,0.0
3002,2872,27,1,4.3,0.26
3003,2873,364,1,2.45,0.0
3004,2874,40,1,5.22,0.0
3005,2875,663,1,9.44,0.0
3006,2876,958,1,4.37,0.31
3007,2877,859,1,9.68,0.0
3008,2877,861,1,3.05,0.0
3009,2878,627,1,11.15,0.0
3010,2879,629,1,13.19,0.0
3011,2880,1403,1,4.68,0.0
3012,2881,1315,2,2.35,0.0
3013,2882,328,1,12.78,0.0
3014,2882,344,2,6.48,0.0
3015,2883,610,1,9.34,0.0
3016,2884,687,2,12.53,0.0
3017,2885,875,1,6.1,0.0
3018,2886,1089,1,10.37,0.0
3019,2887,1469,1,10.57,0.0
3020,2888,120,2,4.68,0.0
3021,2889,309,1,4.94,0.0
3022,2890,35,1,6.06,0.0
3023,2891,388,3,9.98,0.0
3024,2892,937,2,6.21,0.0
3025,2893,799,1,3.23,0.0
3026,2894,127,3,4.06,0.0
3027,2895,802,2,2.67,0.0
3028,2896,1087,2,11.71,0.0
3029,2897,58,1,2.46,0.0
3030,2898,574,2,8.08,1.55
3031,2899,1364,1,4.03,0.0
3032,2900,786,1,5.14,0.0
3033,2901,966,1,4.01,0.0
3034,2902,803,2,6.21,0.0
3035,2902,802,1,2.55,0.0
3036,2903,108,1,3.17,0.0
3037,2904,1157,1,3.59,0.0
3038,2905,1043,1,8.11,0.0
3039,2906,183,2,9.54,0.0
3040,2907,1130,2,13.87,4.07
3041,2908,1498,1,3.61,0.0
3042,2909,1318,1,3.23,0.0
3043,2910,699,1,5.14,0.5
3044,2911,1442,1,4.37,0.0
3045,2912,605,2,12.16,0.0
3046,2913,824,1,12.86,0.0
3047,2914,1182,1,11.01,0.0
3048,2915,787,2,6.47,0.0
3049,2916,58,1,2.34,0.0
3050,2917,1376,1,4.43,0.0
3051,2918,907,3,15.58,0.0
3052,2919,313,1,4.84,0.0
3053,2920,1013,2,6.2,0.0
3054,2921,557,2,7.21,1.09
3055,2922,1481,2,3.6,0.0
3056,2923,905,2,6.25,0.0
3057,2924,568,3,6.66,1.18
3058,2925,403,2,2.55,0.0
3059,2926,192,1,13.6,0.0
3060,2927,1465,1,5.72,0.0
3061,2928,801,2,3.62,0.0
3062,2929,744,1,2.19,0.0
3063,2930,625,1,10.45,0.0
3064,2931,876,2,12.94,0.0
3065,2932,1391,3,11.45,0.0
3066,2933,958,1,4.32,0.0
3067,2934,1353,2,18.27,0.0
3068,2935,59,3,3.27,0.0
3069,2936,410,2,3.7,0.0
3070,2937,551,1,3.38,0.0
3071,2938,251,3,3.53,0.0
3072,2939,1084,1,5.9,0.0
3073,2940,51,2,14.91,0.0
3074,2941,396,3,3.58,0.0
3075,2942,800,1,3.58,0.0
3076,2943,110,1,4.7,0.0
3077,2944,939,2,4.92,0.0
3078,2945,1061,2,2.57,0.0
3079,2946,794,1,5.06,0.0
3080,2947,908,1,4.01,0.0
3081,2948,354,1,5.36,0.0
3082,2949,1227,1,3.86,0.0
3083,2950,316,1,2.84,0.0
3084,2951,1150,2,3.68,0.41
3085,2952,795,1,4.72,0.0
3086,2953,792,1,4.3,0.48
3087,2954,1082,2,9.9,0.0
3088,2955,470,1,3.05,0.0
3089,2956,1229,2,14.26,0.0
3090,2957,882,1,4.38,0.0
3091,2958,650,2,5.34,0.0
3092,2959,1031,1,3.7,0.0
3093,2960,762,1,3.71,0.0
3094,2961,635,1,5.68,0.0
3095,2962,97,1,13.93,0.0
3096,2963,119,1,4.94,0.0
3097,2964,911,1,4.55,0.0
3098,2965,1082,1,9.75,0.0
3099,2966,508,2,4.18,0.0
3100,2967,240,1,3.88,0.0
3101,2967,239,1,14.69,0.0
3102,2967,242,1,3.39,0.0
3103,2968,1113,2,12.49,0.0
3104,2969,59,1,3.35,0.0
3105,2970,1465,1,5.77,0.0
3106,2970,1455,2,12.15,0.0
3107,2971,1353,3,18.23,0.0
3108,2972,1241,1,11.79,0.0
3109,2973,401,1,2.92,0.0
3110,2974,106,1,10.04,0.0
3111,2975,1062,1,8.55,0.0
3112,2976,208,1,9.7,0.0
3113,2976,207,3,9.83,0.0
3114,2977,686,1,6.26,0.0
3115,2978,1145,2,6.02,0.0
3116,2979,1258,2,7.12,0.0
3117,2980,101,1,2.37,0.33
3118,2981,339,1,9.01,0.0
3119,2982,167,2,3.7,0.0
3120,2983,987,1,3.55,0.0
3121,2983,992,1,7.51,0.0
3122,2984,399,2,3.78,0.0
3123,2985,798,1,5.4,0.0
3124,2986,726,2,6.13,0.0
3125,2987,795,1,4.63,0.0
3126,2988,1078,2,11.74,0.0
3127,2989,307,3,6.14,0.0
3128,2990,58,1,2.37,0.0
3129,2991,777,3,12.43,0.0
3130,2992,62,3,12.57,0.0
3131,2993,1012,2,17.13,0.0
3132,2994,30,1,6.98,0.0
3133,2995,105,1,4.32,0.0
3134,2996,201,2,5.96,0.0
3135,2997,303,3,4.77,0.0
3136,2998,1110,2,4.03,0.0
3137,2999,1259,1,14.43,0.0
3138,3000,687,1,12.56,0.0
3139,3001,1485,1,2.74,0.0
3140,3002,442,1,1.83,0.0
3141,3003,1148,1,18.33,0.0
3142,3004,998,3,17.68,0.0
3143,3004,996,2,13.29,0.0
3144,3005,1497,1,13.3,0.0
3145,3006,205,2,4.08,0.0
3146,3007,1034,2,3.88,0.0
3147,3008,165,2,12.32,2.1
3148,3009,1078,1,11.75,0.0
3149,3010,1003,1,5.17,0.44
3150,3011,473,1,5.58,0.0
3151,3012,1368,2,4.16,0.0
3152,3013,852,1,3.98,0.0
3153,3014,624,1,10.56,0.0
3154,3015,960,1,4.74,0.0
3155,3016,296,1,3.15,0.0
3156,3017,1400,2,3.16,0.0
3157,3018,1001,1,6.49,0.0
3158,3019,978,1,3.25,0.0
3159,3020,1011,1,3.61,0.0
3160,3021,918,2,2.75,0.0
3161,3022,405,2,5.26,0.89
3162,3023,91,1,13.57,0.0
3163,3024,313,2,4.8,0.0
3164,3025,1398,1,4.63,0.0
3165,3026,390,2,3.74,0.0
3166,3027,1095,2,13.53,0.0
3167,3027,1090,3,10.7,0.0
3168,3028,639,3,13.79,0.0
3169,3029,716,1,14.29,1.3
3170,3030,739,1,4.16,0.0
3171,3031,1329,1,17.2,0.0
3172,3032,1126,2,3.19,0.0
3173,3033,404,1,6.03,0.0
3174,3034,385,1,4.24,0.0
3175,3035,1354,1,13.87,0.0
3176,3036,898,1,5.67,0.0
3177,3037,800,2,3.61,0.0
3178,3038,706,2,7.51,0.0
3179,3039,889,1,3.33,0.33
3180,3040,1175,1,4.45,0.0
3181,3041,195,1,10.19,0.0
3182,3042,717,2,17.34,0.0
3183,3043,1404,1,2.85,0.0
3184,3044,489,1,4.16,0.0
3185,3045,984,2,8.01,0.0
3186,3046,99,1,3.86,0.0
3187,3047,1441,2,3.56,0.71
3188,3048,1044,3,4.02,0.0
3189,3049,252,2,10.93,0.0
3190,3050,1049,1,7.63,0.0
3191,3051,1085,2,11.92,0.0
3192,3052,101,1,2.44,0.0
3193,3053,731,1,5.16,0.0
3194,3054,410,1,3.68,0.0
3195,3055,1211,1,4.24,0.0
3196,3056,1295,2,11.48,0.0
3197,3057,1206,1,8.77,0.0
3198,3058,524,1,12.77,0.0
3199,3059,105,2,4.42,0.0
3200,3060,455,1,15.2,0.0
3201,3061,1170,1,2.83,0.0
3202,3062,1312,1,8.78,0.0
3203,3063,1259,1,14.37,1.35
3204,3064,260,1,5.49,0.0
3205,3065,722,1,4.25,0.0
3206,3066,142,1,18.61,0.0
3207,3067,1049,3,7.62,0.0
3208,3068,595,2,7.1,0.0
3209,3069,313,1,4.81,0.0
3210,3070,400,1,3.15,0.0
3211,3071,542,1,3.84,0.0
3212,3072,310,1,12.04,0.0
3213,3073,1265,1,4.73,0.0
3214,3074,467,1,10.42,0.0
3215,3075,187,1,3.92,0.0
3216,3076,801,2,3.55,0.0
3217,3077,1137,1,7.27,0.0
3218,3078,1109,1,6.6,0.0
3219,3079,531,1,3.15,0.0
3220,3080,10,1,3.47,0.0
3221,3081,1030,1,12.2,0.0
3222,3082,1397,1,4.68,0.56
3223,3083,798,2,5.45,0.0
3224,3084,444,1,1.97,0.0
3225,3084,441,1,2.58,0.0
3226,3085,661,1,12.07,0.0
3227,3086,1077,1,4.98,0.0
3228,3087,1283,1,4.58,0.0
3229,3088,210,2,3.74,0.0
3230,3089,810,1,2.08,0.0
3231,3090,1384,1,7.09,0.0
3232,3091,1408,2,8.26,0.0
3233,3092,793,3,3.01,0.0
3234,3092,797,1,3.1,0.0
3235,3093,798,1,5.38,0.0
3236,3094,506,2,6.49,0.0
3237,3095,604,2,5.46,0.0
3238,3096,203,3,4.07,0.0
3239,3097,789,3,3.59,0.0
3240,3097,786,2,5.16,0.0
3241,3098,721,1,4.66,0.0
3242,3099,1300,1,2.65,0.0
3243,3100,200,1,5.4,0.0
3244,3101,260,2,5.5,0.0
3245,3102,171,2,9.99,2.63
3246,3103,1032,1,5.81,0.0
3247,3103,1034,1,3.78,0.0
3248,3104,409,1,3.86,0.0
3249,3105,1247,1,3.83,0.0
3250,3106,663,1,9.43,0.0
3251,3107,247,1,5.05,0.0
3252,3108,1386,1,3.44,0.0
3253,3109,970,1,15.84,0.0
3254,3110,602,1,10.81,0.0
3255,3111,206,2,4.07,0.0
3256,3112,612,1,5.01,0.32
3257,3113,1173,2,3.89,0.0
3258,3114,1228,1,4.76,0.0
3259,3115,1301,1,3.06,0.0
3260,3116,444,2,2.1,0.0
3261,3117,94,1,10.87,0.0
3262,3118,403,2,2.56,0.0
3263,3119,1035,2,13.04,0.0
3264,3120,647,1,12.57,0.0
3265,3121,255,2,4.73,0.0
3266,3122,911,1,4.69,0.0
3267,3123,1492,1,6.48,0.0
3268,3124,783,1,5.95,0.0
3269,3125,321,2,2.25,0.0
3270,3126,1304,2,4.3,0.0
3271,3127,1038,1,11.85,0.0
3272,3128,1362,1,6.01,0.0
3273,3129,747,2,15.09,0.0
3274,3130,247,1,4.97,0.0
3275,3131,433,3,4.8,0.0
3276,3132,1018,1,1.74,0.0
3277,3133,518,2,3.12,0.0
3278,3134,531,1,3.23,0.0
3279,3135,771,2,15.4,0.0
3280,3136,520,2,5.66,0.0
3281,3137,794,3,5.07,0.0
3282,3138,1010,1,4.42,0.0
3283,3139,1246,1,3.28,0.0
3284,3140,542,1,3.71,0.0
3285,3141,174,1,9.18,0.0
3286,3142,1330,2,4.41,0.0
3287,3143,697,1,6.05,0.0
3288,3144,595,3,7.12,0.0
3289,3145,527,1,6.11,0.0
3290,3146,1279,1,8.96,0.0
3291,3147,40,1,5.25,0.74
3292,3148,255,3,4.59,0.0
3293,3149,1280,2,2.07,0.0
3294,3149,1285,1,2.43,0.0
3295,3150,1319,1,2.92,0.0
3296,3151,1010,1,4.34,0.0
3297,3151,1012,3,17.06,0.0
3298,3152,1290,1,4.34,0.48
3299,3153,339,1,9.14,0.0
3300,3154,1265,1,4.73,0.0
3301,3155,56,3,3.44,0.0
3302,3156,105,1,4.28,0.0
3303,3156,108,1,3.07,0.0
3304,3157,251,1,3.46,0.0
3305,3158,650,2,5.34,0.0
3306,3159,1477,1,4.31,0.0
3307,3160,601,2,3.9,0.0
3308,3161,339,2,9.11,0.0
3309,3162,1131,1,5.64,0.0
3310,3163,288,2,4.55,0.0
3311,3164,802,2,2.75,0.0
3312,3165,610,2,9.41,0.0
3313,3166,163,3,4.14,0.0
3314,3167,1248,1,3.07,0.0
3315,3168,717,1,17.37,0.0
3316,3169,442,1,1.74,0.0
3317,3170,308,2,2.81,0.0
3318,3171,238,3,12.68,0.0
3319,3172,899,1,6.85,0.0
3320,3173,1461,1,4.63,0.0
3321,3174,705,1,3.47,0.0
3322,3175,1447,1,7.03,0.0
3323,3176,425,1,3.49,0.0
3324,3176,434,3,3.45,0.0
3325,3177,146,1,15.48,2.19
3326,3178,1199,1,13.7,0.0
3327,3179,255,1,4.82,0.68
3328,3180,902,1,6.83,0.0
3329,3181,134,1,3.67,0.0
3330,3182,921,3,6.61,0.0
3331,3183,156,3,4.91,0.0
3332,3184,977,1,8.53,0.0
3333,3185,1114,3,3.27,0.0
3334,3186,1251,1,2.82,0.0
3335,3187,779,1,7.71,0.0
3336,3188,567,1,15.52,0.0
3337,3189,1366,1,7.52,0.0
3338,3190,1247,3,3.83,0.0
3339,3191,1010,1,4.37,0.0
3340,3192,589,1,2.15,0.0
3341,3193,568,1,6.62,0.0
3342,3194,1363,1,11.18,1.36
3343,3194,1359,1,4.6,0.0
3344,3195,289,1,10.1,0.0
3345,3196,187,1,3.89,0.0
3346,3197,622,1,4.54,0.0
3347,3198,324,2,7.64,0.0
3348,3199,200,3,5.31,0.0
3349,3200,1477,1,4.31,0.39
3350,3201,908,1,3.97,0.0
3351,3202,900,1,2.41,0.0
3352,3203,1344,1,13.81,0.0
3353,3204,739,1,4.19,0.0
3354,3205,1188,2,4.69,0.0
3355,3206,664,1,11.91,0.0
3356,3207,102,1,2.6,0.0
3357,3208,1129,2,3.89,0.0
3358,3209,170,1,4.19,0.0
3359,3210,1068,1,6.94,0.0
3360,3211,829,1,3.93,0.0
3361,3212,899,2,6.85,0.0
3362,3213,135,1,5.58,0.0
3363,3214,1237,1,6.75,0.0
3364,3215,964,1,3.28,0.0
3365,3216,749,1,5.85,0.0
3366,3217,1275,1,4.41,0.61
3367,3218,298,1,3.67,0.0
3368,3219,436,1,11.69,0.0
3369,3220,196,1,4.89,0.0
3370,3221,543,1,8.5,0.0
3371,3222,484,1,5.52,0.0
3372,3223,1103,1,5.71,0.0
3373,3224,521,1,7.81,0.0
3374,3225,601,1,4.04,0.0
3375,3226,1417,3,12.04,0.0
3376,3226,1416,1,3.77,0.0
3377,3227,967,3,5.52,0.0
3378,3228,560,1,8.46,0.44
3379,3229,922,1,7.62,0.0
3380,3230,875,2,6.02,0.0
3381,3231,558,2,14.83,0.0
3382,3232,939,1,5.05,0.0
3383,3233,163,1,4.2,0.0
3384,3234,541,1,10.64,0.0
3385,3235,312,1,15.38,0.0
3386,3235,309,2,4.97,0.0
3387,3236,1402,1,2.68,0.0
3388,3237,1307,1,9.28,0.0
3389,3238,121,2,4.27,0.0
3390,3239,1180,1,8.2,0.0
3391,3240,923,2,3.31,0.0
3392,3241,1101,1,14.83,0.0
3393,3242,626,1,2.94,0.0
3394,3243,475,2,14.55,0.0
3395,3244,74,3,4.67,0.0
3396,3245,979,1,8.41,0.0
3397,3246,1165,1,4.59,0.0
3398,3247,94,1,10.91,0.0
3399,3248,1338,1,4.87,0.0
3400,3249,458,1,14.04,0.0
3401,3250,1074,1,4.47,0.0
3402,3251,757,1,11.66,0.0
3403,3252,1010,2,4.36,0.0
3404,3253,1012,3,17.04,0.0
3405,3254,1102,1,6.19,0.64
3406,3255,488,3,16.14,0.0
3407,3256,106,1,9.91,0.0
3408,3257,1433,1,10.28,0.0
3409,3258,605,1,12.35,0.0
3410,3259,805,2,5.61,0.0
3411,3260,1245,2,8.14,0.0
3412,3261,457,2,6.6,0.0
3413,3262,176,1,4.06,0.0
3414,3263,988,1,8.95,0.0
3415,3264,2,2,3.61,0.0
3416,3265,497,2,6.06,0.0
3417,3266,766,1,3.3,0.0
3418,3267,387,2,3.05,0.0
3419,3268,1255,1,16.07,0.0
3420,3269,406,2,6.5,0.0
3421,3270,644,2,3.2,0.0
3422,3271,797,1,3.04,0.0
3423,3272,1422,1,3.17,0.0
3424,3273,487,1,15.33,0.0
3425,3274,1282,1,2.61,0.0
3426,3275,695,1,15.4,0.98
3427,3276,307,1,6.12,0.0
3428,3277,1065,1,16.51,0.0
3429,3278,424,1,3.59,0.0
3430,3279,412,2,3.17,0.0
3431,3280,1212,1,4.43,0.0
3432,3281,154,1,5.31,0.0
3433,3282,798,1,5.4,0.0
3434,3283,1322,2,3.9,0.0
3435,3284,1129,3,3.9,0.0
3436,3285,764,1,4.57,0.0
3437,3285,765,1,10.79,0.0
3438,3286,1251,1,2.91,0.0
3439,3287,794,1,5.02,0.0
3440,3288,409,1,3.92,0.0
3441,3289,672,2,6.57,0.0
3442,3290,803,1,6.23,0.0
3443,3291,1386,1,3.55,0.0
3444,3292,88,1,12.83,0.0
3445,3293,633,3,3.57,0.0
3446,3294,27,2,4.36,0.0
3447,3295,799,2,3.3,0.0
3448,3296,28,1,5.67,0.0
3449,3297,1285,1,2.45,0.0
3450,3298,1132,3,15.6,0.0
3451,3298,1120,1,5.27,0.0
3452,3299,315,1,1.79,0.0
3453,3300,729,2,4.31,0.0
3454,3301,197,1,7.2,0.88
3455,3302,404,2,5.96,0.0
3456,3302,410,3,3.71,0.0
3457,3303,1129,2,3.8,0.0
3458,3304,213,1,5.02,0.0
3459,3305,1223,2,2.48,0.0
3460,3306,639,2,13.84,0.0
3461,3307,792,2,4.27,0.0
3462,3308,965,1,5.01,0.36
3463,3309,1451,1,11.44,0.0
3464,3310,1105,1,13.05,0.0
3465,3311,1101,2,14.87,0.0
3466,3312,586,2,10.42,0.0
3467,3313,1486,1,2.08,0.0
3468,3314,982,1,3.38,0.0
3469,3315,1480,2,4.94,0.0
3470,3316,1153,1,9.94,0.0
3471,3317,998,1,17.61,0.0
3472,3318,191,2,12.4,0.0
3473,3319,1163,1,2.98,0.44
3474,3320,1404,2,2.78,0.0
3475,3321,477,2,3.34,0.0
3476,3322,924,3,15.21,0.0
3477,3323,327,1,2.65,0.0
3478,3324,731,1,5.16,0.0
3479,3325,649,1,4.19,0.0
3480,3326,1118,2,14.61,0.0
3481,3327,215,1,3.81,0.0
3482,3328,1310,2,2.04,0.0
3483,3329,1478,1,7.72,0.66
3484,3330,800,2,3.67,0.0
3485,3331,1378,1,10.1,0.0
3486,3332,132,3,5.82,0.0
3487,3333,1133,1,5.29,0.0
3488,3334,425,2,3.55,0.0
3489,3335,28,1,5.65,0.0
3490,3336,668,1,8.26,0.0
3491,3337,248,2,5.14,0.0
3492,3338,912,2,2.0,0.0
3493,3339,129,1,4.86,0.0
3494,3340,1278,2,8.05,0.0
3495,3341,211,1,8.74,0.0
3496,3342,69,1,5.11,0.0
3497,3343,1297,1,3.68,0.0
3498,3344,1444,3,13.73,0.0
3499,3345,929,3,3.0,0.0
3500,3346,441,2,2.6,0.42
3501,3347,827,1,2.49,0.0
3502,3348,189,1,13.18,0.0
3503,3349,50,1,6.96,0.0
3504,3350,1088,1,3.26,0.0
3505,3351,134,2,3.51,0.0
3506,3352,999,3,4.65,0.0
3507,3353,562,1,4.86,0.0
3508,3354,794,3,5.06,0.0
3509,3355,41,2,6.44,0.0
3510,3356,624,2,10.54,0.0
3511,3357,1076,3,17.63,0.0
3512,3358,717,2,17.22,0.0
3513,3359,105,1,4.35,0.0
3514,3360,169,1,4.94,0.0
3515,3361,1105,2,13.09,0.0
3516,3362,910,2,15.2,0.0
3517,3363,832,2,2.32,0.0
3518,3364,563,2,15.49,0.0
3519,3364,561,1,6.05,0.0
3520,3365,412,1,3.08,0.0
3521,3366,258,1,9.92,0.0
3522,3367,112,3,8.14,0.0
3523,3368,1354,1,13.89,0.0
3524,3369,1311,1,8.01,0.0
3525,3370,1465,1,5.8,0.0
3526,3371,1199,3,13.74,0.0
3527,3372,425,2,3.41,0.0
3528,3373,519,2,3.91,0.0
3529,3374,701,3,3.49,0.0
3530,3375,1216,1,6.65,0.0
3531,3376,1156,2,8.69,0.0
3532,3377,1452,1,3.39,0.31
3533,3378,401,1,3.0,0.0
3534,3379,174,1,9.28,0.0
3535,3380,1309,1,2.98,0.0
3536,3381,1457,2,17.42,0.0
3537,3382,910,2,15.19,0.0
3538,3382,906,2,12.93,0.0
3539,3383,243,2,3.76,0.0
3540,3384,1319,1,2.94,0.0
3541,3385,199,1,5.54,0.0
3542,3386,470,1,2.99,0.21
3543,3387,1462,1,12.18,0.0
3544,3388,1082,1,9.72,0.0
3545,3389,1251,2,2.91,0.0
3546,3390,1268,1,3.73,0.0
3547,3391,433,3,4.82,0.0
3548,3392,438,2,13.13,0.0
3549,3393,806,2,3.71,0.46
3550,3394,328,3,12.69,0.0
3551,3395,644,1,3.09,0.0
3552,3396,1261,2,3.4,0.0
3553,3397,478,1,4.42,0.0
3554,3398,1496,1,2.78,0.0
3555,3399,793,1,3.02,0.0
3556,3400,936,1,10.27,0.0
3557,3401,1475,3,6.82,0.0
3558,3402,1156,1,8.72,0.49
3559,3403,906,1,12.98,0.0
3560,3404,1433,1,10.35,0.0
3561,3405,707,1,1.64,0.0
3562,3406,799,1,3.26,0.0
3563,3407,1230,3,13.14,0.0
3564,3408,151,3,15.2,4.2
3565,3409,909,1,7.43,0.0
3566,3410,619,1,4.1,0.0
3567,3411,566,3,6.1,0.0
3568,3412,967,1,5.57,0.0
3569,3413,1371,1,7.56,0.0
3570,3414,541,2,10.72,0.0
3571,3415,1305,1,15.94,1.1
3572,3416,442,1,1.83,0.0
3573,3417,1281,1,2.44,0.0
3574,3418,958,1,4.48,0.0
3575,3419,660,2,2.43,0.0
3576,3420,756,3,3.1,0.0
3577,3421,150,1,3.86,0.0
3578,3422,1195,1,13.66,0.0
3579,3423,219,1,3.16,0.0
3580,3424,872,2,5.33,0.0
3581,3425,820,1,8.37,0.0
3582,3426,1457,1,17.33,0.0
3583,3427,1137,3,7.17,0.0
3584,3428,236,1,13.46,0.0
3585,3429,621,3,10.85,4.72
3586,3430,413,1,9.88,0.0
3587,3431,1305,1,15.92,0.0
3588,3432,1121,2,5.48,0.63
3589,3433,1261,2,3.39,0.81
3590,3434,405,1,5.29,0.0
3591,3435,564,2,15.54,0.0
3592,3436,794,1,5.15,0.0
3593,3437,1135,2,12.9,0.0
3594,3438,693,1,2.72,0.0
3595,3439,391,1,7.61,0.0
3596,3440,1120,1,5.22,0.0
3597,3441,287,1,3.98,0.0
3598,3442,706,1,7.46,0.0
3599,3443,170,2,4.14,0.0
3600,3444,137,1,8.63,0.0
3601,3445,248,1,5.25,0.0
3602,3446,1278,2,8.14,2.02
3603,3447,767,3,6.92,0.0
3604,3448,1392,1,3.08,0.0
3605,3449,914,1,3.31,0.0
3606,3450,848,1,16.96,0.0
3607,3450,837,3,4.69,1.13
3608,3451,209,1,8.84,0.0
3609,3452,303,3,4.82,0.8
3610,3453,1126,3,3.23,1.32
3611,3454,533,2,3.96,0.0
3612,3455,546,1,8.76,0.0
3613,3456,398,1,2.18,0.17
3614,3457,559,1,4.47,0.0
3615,3458,506,1,6.57,0.0
3616,3459,700,1,3.8,0.0
3617,3460,713,2,2.87,0.0
3618,3461,904,1,13.22,0.0
3619,3462,1482,1,2.39,0.0
3620,3463,1454,2,5.37,0.0
3621,3464,893,1,15.19,0.0
3622,3465,1036,1,2.97,0.38
3623,3466,1352,1,11.12,0.0
3624,3467,920,1,3.55,0.0
3625,3468,685,2,4.5,0.0
3626,3469,1145,3,5.93,0.0
3627,3470,700,3,3.74,0.0
3628,3471,384,1,10.63,0.0
3629,3472,406,2,6.46,0.0
3630,3473,1138,1,5.19,0.0
3631,3474,1192,1,13.12,0.0
3632,3475,236,1,13.46,0.0
3633,3476,1389,2,6.93,0.0
3634,3477,792,1,4.32,0.0
3635,3478,1139,2,16.26,4.29
3636,3479,304,2,5.84,0.0
3637,3480,1263,1,13.01,0.0
3638,3481,341,1,5.66,0.0
3639,3481,345,1,15.31,0.0
3640,3482,512,1,16.38,0.0
3641,3482,501,1,5.21,0.0
3642,3483,1175,2,4.53,0.46
3643,3484,283,2,11.28,0.0
3644,3485,947,1,17.92,0.0
3645,3486,339,1,9.08,0.0
3646,3487,1209,1,9.32,0.0
3647,3488,302,1,3.38,0.0
3648,3489,795,1,4.75,0.47
3649,3490,1037,2,11.95,0.0
3650,3491,716,1,14.1,0.0
3651,3491,717,1,17.27,1.45
3652,3492,61,1,5.1,0.0
3653,3493,957,1,20.6,0.0
3654,3494,833,3,4.58,0.0
3655,3495,179,2,4.23,0.0
3656,3496,1228,1,4.65,0.0
3657,3497,125,1,10.64,0.0
3658,3498,255,1,4.69,0.0
3659,3499,160,1,3.53,0.0
3660,3500,1335,3,7.5,0.0
3661,3501,129,3,4.94,0.0
3662,3502,1173,1,3.96,0.0
3663,3503,1345,1,3.8,0.0
3664,3504,448,1,3.64,0.0
3665,3505,580,1,6.33,0.0
3666,3506,713,2,2.86,0.0
3667,3507,472,1,3.65,0.35
3668,3508,851,1,11.59,0.0
3669,3509,356,1,6.62,0.0
3670,3510,1348,1,15.82,0.0
3671,3510,1354,2,13.92,0.0
3672,3511,157,2,10.56,0.0
3673,3512,921,1,6.57,0.0
3674,3513,1338,2,4.92,0.0
3675,3514,440,3,1.85,0.0
3676,3514,444,3,2.05,0.0
3677,3515,832,1,2.24,0.0
3678,3516,857,1,2.66,0.0
3679,3517,637,3,15.3,0.0
3680,3518,823,1,15.83,0.0
3681,3519,427,2,11.44,0.0
3682,3520,535,2,3.52,0.64
3683,3521,1082,1,9.73,0.0
3684,3522,653,1,4.84,0.0
3685,3523,1463,1,5.71,0.0
3686,3524,789,3,3.65,0.0
3687,3525,1280,2,2.11,0.0
3688,3526,1078,1,11.76,0.0
3689,3527,368,1,11.68,0.0
3690,3528,764,1,4.54,0.47
3691,3529,57,2,7.2,0.0
3692,3530,805,3,5.51,0.0
3693,3531,419,1,15.05,0.0
3694,3532,837,1,4.69,0.0
3695,3533,1103,1,5.72,0.0
3696,3534,1049,3,7.62,0.0
3697,3535,62,1,12.51,0.0
3698,3536,1301,2,3.04,0.0
3699,3537,59,1,3.12,0.0
3700,3538,451,1,10.25,1.18
3701,3539,809,1,7.49,0.0
3702,3540,919,1,8.64,0.0
3703,3541,556,2,8.72,0.0
3704,3542,408,1,2.94,0.0
3705,3543,94,1,10.82,0.0
3706,3544,228,1,6.8,0.88
3707,3545,1430,1,2.52,0.0
3708,3546,1152,2,3.7,0.0
3709,3546,1157,1,3.65,0.0
3710,3547,1195,1,13.69,0.0
3711,3548,52,2,5.04,0.0
3712,3549,254,1,3.91,0.0
3713,3550,759,1,10.32,0.0
3714,3551,215,2,3.7,0.0
3715,3552,505,3,13.38,5.91
3716,3553,213,2,5.15,0.0
3717,3554,1156,1,8.69,0.0
3718,3555,59,3,3.32,0.0
3719,3556,736,1,5.74,0.0
3720,3557,119,1,4.94,0.0
3721,3558,1386,1,3.44,0.0
3722,3559,450,1,4.45,0.0
3723,3559,458,3,13.98,0.0
3724,3560,174,1,9.13,0.0
3725,3561,1405,1,3.09,0.36
3726,3562,1231,3,14.95,0.0
3727,3563,960,1,4.73,0.0
3728,3564,81,1,13.38,0.0
3729,3565,1404,3,2.76,0.0
3730,3566,173,3,10.44,0.0
3731,3567,249,3,12.21,2.94
3732,3568,1416,3,3.77,0.0
3733,3569,201,1,6.01,0.0
3734,3569,204,2,15.67,0.0
3735,3570,248,1,5.27,0.0
3736,3571,769,2,3.79,1.06
3737,3572,1227,1,3.77,0.0
3738,3573,40,1,5.21,0.0
3739,3574,394,1,4.36,0.0
3740,3575,855,1,2.86,0.29
3741,3576,125,2,10.72,1.39
3742,3577,1397,1,4.67,0.0
3743,3578,475,1,14.38,0.0
3744,3579,1085,1,11.96,0.0
3745,3580,985,3,3.18,0.0
3746,3581,877,2,15.78,0.0
3747,3582,661,1,12.13,0.0
3748,3583,949,1,16.46,0.0
3749,3584,106,2,9.96,0.0
3750,3585,213,1,5.01,0.0
3751,3586,680,1,17.66,0.0
3752,3587,716,1,14.13,0.0
3753,3588,364,2,2.49,0.29
3754,3589,553,1,3.67,0.0
3755,3590,798,1,5.38,0.0
3756,3591,1476,2,7.77,0.0
3757,3592,795,1,4.75,0.0
3758,3593,716,1,14.14,0.0
3759,3594,1187,3,3.38,0.0
3760,3595,700,1,3.79,0.46
3761,3596,1451,1,11.46,0.0
3762,3597,822,2,6.33,0.0
3763,3598,995,1,7.02,0.0
3764,3599,1380,1,3.11,0.0
3765,3599,1379,1,4.97,0.61
3766,3600,1346,2,4.92,0.0
3767,3601,446,1,17.19,0.0
3768,3602,611,2,3.91,0.0
3769,3603,1313,1,6.8,0.0
3770,3604,1244,3,5.78,0.0
3771,3605,1318,2,3.25,0.0
3772,3605,1310,1,2.0,0.0
3773,3605,1307,2,9.34,0.0
3774,3606,1358,1,13.73,0.0
3775,3607,1262,3,4.14,0.0
3776,3608,1083,1,5.5,0.0
3777,3609,1467,1,12.44,0.0
3778,3610,1385,3,2.99,0.0
3779,3611,514,2,6.35,0.0
3780,3612,1433,2,10.35,0.0
3781,3613,296,2,3.17,0.0
3782,3614,714,1,2.42,0.0
3783,3615,1126,2,3.16,0.0
3784,3616,474,1,3.65,0.0
3785,3617,699,3,5.06,0.0
3786,3618,135,1,5.58,0.0
3787,3619,765,1,10.77,0.0
3788,3620,698,1,11.47,0.75
3789,3621,1038,1,11.84,0.0
3790,3621,1032,2,5.85,0.0
3791,3622,1320,3,3.43,0.0
3792,3623,1405,1,3.13,0.0
3793,3624,801,1,3.81,0.0
3794,3625,479,1,14.52,0.0
3795,3626,910,1,15.18,0.0
3796,3627,500,1,4.68,0.0
3797,3628,286,1,4.22,0.0
3798,3629,851,1,11.51,0.0
3799,3630,416,2,5.47,0.0
3800,3631,478,1,4.44,0.0
3801,3632,759,2,10.24,0.0
3802,3633,161,1,4.15,0.0
3803,3634,701,1,3.52,0.0
3804,3635,207,1,9.83,0.0
3805,3636,1190,1,4.57,0.0
3806,3637,1083,2,5.49,0.0
3807,3638,168,2,5.54,0.0
3808,3639,56,1,3.48,0.0
3809,3640,1264,2,11.6,0.0
3810,3640,1260,3,5.72,0.0
3811,3641,260,2,5.63,1.35
3812,3642,1288,1,7.89,0.0
3813,3643,1470,1,13.96,0.0
3814,3644,1245,1,8.15,0.0
3815,3645,238,2,12.77,0.0
3816,3646,984,2,8.0,0.0
3817,3647,1245,1,8.11,0.0
3818,3648,759,1,10.23,0.0
3819,3649,709,1,1.71,0.0
3820,3650,72,2,5.27,0.0
3821,3651,1169,1,8.6,0.0
3822,3652,624,3,10.61,0.0
3823,3653,431,1,5.24,0.0
3824,3654,1031,1,3.65,0.0
3825,3655,385,2,4.25,0.0
3826,3656,839,2,6.55,0.0
3827,3657,270,2,10.0,0.0
3828,3658,759,2,10.26,0.0
3829,3659,490,2,4.26,0.0
3830,3660,858,1,3.66,0.0
3831,3661,644,1,3.14,0.0
3832,3662,481,2,13.96,0.0
3833,3663,916,1,2.7,0.0
3834,3664,556,1,8.71,0.0
3835,3665,479,2,14.55,0.0
3836,3666,892,1,5.49,0.0
3837,3666,888,2,4.3,0.0
3838,3667,1081,1,3.75,0.0
3839,3668,1397,2,4.65,0.0
3840,3669,1133,3,5.27,0.0
3841,3670,1010,1,4.41,0.0
3842,3671,1037,1,12.01,0.0
3843,3672,854,1,3.17,0.0
3844,3673,794,1,5.13,0.0
3845,3674,1188,1,4.63,0.0
3846,3675,803,3,6.33,0.0
3847,3676,356,1,6.56,0.0
3848,3677,654,2,4.76,0.0
3849,3678,872,1,5.3,0.0
3850,3679,763,3,3.02,0.0
3851,3680,211,1,8.77,0.0
3852,3681,702,1,11.53,0.0
3853,3682,51,1,14.9,0.0
3854,3683,1104,1,6.73,0.0
3855,3684,693,1,2.6,0.0
3856,3685,1247,2,3.94,0.0
3857,3686,796,1,2.84,0.28
3858,3687,157,1,10.5,0.0
3859,3688,1216,1,6.65,0.0
3860,3689,699,2,5.19,0.0
3861,3690,708,1,2.66,0.0
3862,3691,638,1,5.48,0.0
3863,3692,160,2,3.48,0.0
3864,3693,782,1,5.46,0.0
3865,3694,58,3,2.39,0.0
3866,3695,1163,1,2.94,0.0
3867,3696,174,1,9.17,0.0
3868,3697,898,1,5.68,0.0
3869,3698,751,2,15.47,0.0
3870,3699,653,1,4.7,0.0
3871,3700,1046,2,2.65,0.0
3872,3701,106,1,9.98,0.0
3873,3702,227,2,3.27,0.0
3874,3703,237,3,5.63,0.0
3875,3704,995,1,7.05,0.0
3876,3705,609,3,3.33,0.0
3877,3706,1074,1,4.5,0.0
3878,3707,699,1,5.25,0.7
3879,3708,873,1,12.23,0.0
3880,3708,874,2,2.36,0.54
3881,3709,898,2,5.73,0.0
3882,3710,276,1,3.31,0.0
3883,3711,198,1,10.77,0.0
3884,3712,1282,1,2.57,0.0
3885,3713,515,2,5.36,0.0
3886,3714,560,1,8.41,0.0
3887,3715,772,1,6.89,0.0
3888,3716,47,1,5.17,0.0
3889,3717,799,2,3.29,0.0
3890,3718,928,1,2.6,0.0
3891,3719,1128,1,9.61,0.0
3892,3720,1474,1,15.44,0.0
3893,3721,919,1,8.64,0.0
3894,3722,454,3,3.97,0.0
3895,3723,371,2,6.17,0.0
3896,3724,202,1,4.22,0.0
3897,3724,199,1,5.7,0.0
3898,3725,1431,1,5.07,0.54
3899,3726,1014,1,2.79,0.0
3900,3727,1246,1,3.34,0.0
3901,3728,619,1,4.11,0.0
3902,3729,1014,1,2.79,0.0
3903,3730,229,1,6.77,0.0
3904,3731,1240,3,6.43,0.0
3905,3732,398,1,2.21,0.11
3906,3733,731,1,5.23,0.0
3907,3734,686,1,6.26,0.0
3908,3735,763,3,2.97,0.0
3909,3736,58,1,2.32,0.0
3910,3737,1035,2,13.07,0.0
3911,3738,1293,2,9.63,0.0
3912,3739,461,1,10.68,0.0
3913,3740,1286,2,2.84,0.0
3914,3741,1296,1,9.44,0.0
3915,3742,1491,3,5.04,0.0
3916,3743,75,2,15.31,0.0
3917,3744,760,3,10.89,0.0
3918,3745,510,1,5.07,0.0
3919,3745,506,1,6.63,0.0
3920,3746,905,2,6.3,0.0
3921,3747,1091,1,11.98,0.0
3922,3747,1097,1,8.93,0.0
3923,3747,1099,1,3.72,0.0
3924,3748,602,1,10.75,0.0
3925,3749,895,1,6.21,0.76
3926,3750,919,1,8.63,1.23
3927,3751,744,1,2.11,0.0
3928,3752,713,1,2.81,0.0
3929,3753,213,1,5.06,0.0
3930,3754,1467,1,12.37,0.0
3931,3755,411,1,8.23,0.0
3932,3756,291,1,13.75,0.0
3933,3757,890,2,7.47,0.0
3934,3757,878,1,6.77,0.34
3935,3758,726,1,6.12,0.81
3936,3759,801,2,3.75,0.0
3937,3760,875,1,6.08,0.0
3938,3761,1087,1,11.64,0.0
3939,3762,753,2,4.19,0.0
3940,3763,204,2,15.58,0.0
3941,3764,142,2,18.68,0.0
3942,3765,986,1,2.0,0.0
3943,3766,335,3,4.2,0.0
3944,3767,1400,1,3.08,0.0
3945,3768,920,2,3.45,0.76
3946,3769,933,1,4.93,0.0
3947,3770,906,1,12.89,0.0
3948,3771,612,3,5.1,0.0
3949,3772,407,1,6.9,0.0
3950,3773,1475,3,6.86,0.0
3951,3774,962,2,15.05,0.0
3952,3775,777,1,12.49,0.0
3953,3776,801,1,3.68,0.0
3954,3777,1468,1,5.6,0.0
3955,3778,1000,1,16.1,0.0
3956,3779,1372,2,10.52,0.0
3957,3780,650,1,5.39,0.0
3958,3781,1359,2,4.58,0.0
3959,3782,1449,1,16.66,0.0
3960,3783,306,1,4.9,0.43
3961,3784,573,1,1.79,0.0
3962,3785,231,1,17.74,0.0
3963,3786,1321,1,2.81,0.0
3964,3787,792,2,4.24,0.0
3965,3788,800,2,3.61,0.0
3966,3789,26,1,5.97,0.0
3967,3790,1244,3,5.88,0.0
3968,3791,839,1,6.52,0.0
3969,3792,123,2,8.66,0.0
3970,3793,207,1,9.85,0.0
3971,3794,55,3,4.13,0.0
3972,3795,861,1,3.01,0.0
3973,3796,559,1,4.39,0.0
3974,3797,553,1,3.67,0.0
3975,3798,1085,2,11.95,0.0
3976,3799,1065,2,16.46,0.0
3977,3800,1489,1,2.34,0.31
3978,3801,1086,1,10.44,0.0
3979,3802,394,3,4.33,0.0
3980,3803,424,2,3.57,0.0
3981,3804,403,1,2.51,0.0
3982,3805,402,3,8.37,0.0
3983,3806,644,1,3.18,0.0
3984,3807,224,2,2.78,0.0
3985,3808,1040,1,14.13,0.0
3986,3809,717,1,17.3,0.0
3987,3810,1335,3,7.46,0.0
3988,3811,660,1,2.42,0.0
3989,3812,1010,1,4.34,0.3
3990,3813,422,2,5.11,0.0
3991,3814,803,3,6.22,0.0
3992,3815,1051,3,2.06,0.0
3993,3816,1255,1,16.1,0.0
3994,3816,1254,2,4.0,0.0
3995,3817,1109,3,6.54,0.0
3996,3818,660,1,2.38,0.0
3997,3819,867,3,3.03,0.81
3998,3820,587,1,4.53,0.0
3999,3821,544,3,4.35,0.0
4000,3822,1386,3,3.53,0.0
4001,3823,62,1,12.53,0.0
4002,3824,800,1,3.54,0.0
4003,3825,1281,1,2.42,0.25
4004,3826,874,1,2.41,0.0
4005,3827,780,1,14.62,0.0
4006,3828,665,1,9.2,0.0
4007,3829,1053,1,1.81,0.22
4008,3830,1082,1,9.8,0.0
4009,3831,1145,1,6.01,0.0
4010,3832,57,2,7.22,0.0
4011,3833,259,1,4.26,0.0
4012,3834,765,2,10.82,0.0
4013,3835,308,2,2.73,0.0
4014,3836,714,1,2.53,0.0
4015,3837,651,1,11.42,0.0
4016,3838,921,1,6.57,0.0
4017,3839,107,1,9.22,0.0
4018,3840,546,1,8.84,0.0
4019,3841,55,3,4.28,0.0
4020,3842,462,2,10.44,0.0
4021,3843,1246,2,3.24,0.0
4022,3844,558,1,14.9,0.0
4023,3845,948,1,5.56,0.0
4024,3846,1179,2,9.39,0.0
4025,3847,586,2,10.45,0.0
4026,3848,1122,1,13.76,0.0
4027,3849,1084,1,6.02,0.0
4028,3850,710,1,3.22,0.0
4029,3851,1218,3,1.74,0.0
4030,3852,613,2,15.55,0.0
4031,3853,757,2,11.88,0.0
4032,3854,266,3,3.76,0.0
4033,3855,976,1,2.06,0.0
4034,3856,1083,1,5.51,0.66
4035,3857,113,1,10.06,0.0
4036,3858,755,1,6.62,0.0
4037,3859,409,3,3.74,0.0
4038,3860,799,1,3.4,0.0
4039,3861,703,1,4.06,0.0
4040,3861,702,1,11.54,0.0
4041,3862,63,1,13.13,0.0
4042,3863,1394,1,2.48,0.0
4043,3864,117,1,8.18,0.0
4044,3865,589,1,2.19,0.0
4045,3865,595,1,7.15,0.0
4046,3865,586,1,10.36,0.0
4047,3865,587,3,4.44,0.0
4048,3865,590,1,8.77,0.0
4049,3866,718,1,16.73,0.0
4050,3867,1012,1,17.06,0.0
4051,3868,594,1,2.54,0.0
4052,3869,102,1,2.57,0.35
4053,3870,1071,1,3.58,0.0
4054,3871,800,2,3.52,0.0
4055,3872,1385,1,2.96,0.0
4056,3873,1193,3,5.51,0.0
4057,3874,56,2,3.49,0.0
4058,3875,1198,1,5.79,0.0
4059,3876,1246,1,3.19,0.0
4060,3877,804,1,10.36,0.0
4061,3878,841,1,4.92,0.0
4062,3879,1365,1,3.79,0.0
4063,3880,1050,2,6.24,0.0
4064,3881,1030,1,12.3,0.0
4065,3882,234,2,11.34,0.0
4066,3883,806,1,3.65,0.0
4067,3884,1479,1,7.69,0.0
4068,3885,1150,2,3.72,0.38
4069,3886,847,2,3.57,0.0
4070,3887,200,1,5.41,0.0
4071,3888,551,2,3.38,0.0
4072,3889,922,2,7.62,0.0
4073,3890,1047,1,4.83,0.0
4074,3891,370,3,14.25,0.0
4075,3892,201,1,6.06,0.0
4076,3893,796,1,2.94,0.0
4077,3894,1228,2,4.64,0.0
4078,3895,1070,3,7.11,1.95
4079,3896,98,2,2.79,0.0
4080,3897,102,2,2.59,0.69
4081,3898,1436,3,3.3,0.0
4082,3899,135,1,5.54,0.0
4083,3899,128,3,5.59,2.12
4084,3900,1368,1,4.02,0.0
4085,3901,1470,2,14.05,0.0
4086,3902,791,1,5.03,0.0
4087,3903,1317,1,8.03,0.0
4088,3904,747,2,15.1,0.0
4089,3905,1244,1,5.94,0.0
4090,3906,209,3,8.82,0.0
4091,3907,995,1,7.02,0.0
4092,3908,101,2,2.42,0.33
4093,3909,79,1,12.66,0.0
4094,3910,728,1,4.06,0.0
4095,3911,1235,1,16.21,0.0
4096,3912,342,1,4.63,0.0
4097,3913,1010,2,4.26,0.0
4098,3914,59,2,3.28,0.0
4099,3915,963,1,6.31,0.0
4100,3916,182,1,4.65,0.0
4101,3917,2,1,3.63,0.0
4102,3918,701,1,3.49,0.0
4103,3919,255,3,4.64,0.0
4104,3920,1081,1,3.82,0.0
4105,3921,127,1,3.96,0.0
4106,3922,177,1,2.91,0.0
4107,3923,1149,1,3.91,0.0
4108,3924,84,2,5.11,0.0
4109,3925,14,3,2.31,0.0
4110,3926,334,3,16.27,0.0
4111,3927,791,3,5.05,0.0
4112,3928,1366,1,7.4,0.0
4113,3929,762,2,3.71,0.0
4114,3930,411,3,8.09,0.0
4115,3931,921,1,6.52,0.0
4116,3932,302,2,3.42,0.0
4117,3933,548,1,4.63,0.0
4118,3934,658,1,6.48,0.0
4119,3935,442,3,1.77,0.0
4120,3936,671,1,2.59,0.0
4121,3937,258,3,9.92,0.0
4122,3938,1056,2,2.68,0.62
4123,3939,215,1,3.7,0.0
4124,3940,1290,1,4.34,0.0
4125,3941,1308,1,1.94,0.0
4126,3942,976,2,2.05,0.41
4127,3943,1244,3,5.88,0.0
4128,3944,1001,2,6.45,0.0
4129,3945,162,1,13.39,0.0
4130,3946,329,2,13.52,0.0
4131,3947,1010,1,4.36,0.0
4132,3948,922,1,7.62,0.0
4133,3949,651,2,11.32,0.0
4134,3950,1051,2,2.0,0.46
4135,3951,802,1,2.63,0.0
4136,3952,1396,1,5.43,0.0
4137,3953,1122,1,13.88,0.0
4138,3954,796,3,2.9,0.0
4139,3955,447,2,14.65,0.0
4140,3956,1495,1,4.93,0.0
4141,3957,915,1,3.17,0.0
4142,3958,893,1,15.33,0.0
4143,3959,583,3,5.57,0.0
4144,3960,918,3,2.73,0.0
4145,3961,105,2,4.28,0.0
4146,3962,492,1,3.87,0.56
4147,3963,530,2,6.03,0.0
4148,3964,364,1,2.46,0.0
4149,3965,1395,1,8.54,0.0
4150,3966,1344,1,13.81,0.0
4151,3967,311,1,15.34,0.0
4152,3968,801,1,3.68,0.0
4153,3969,1462,1,12.18,0.0
4154,3970,995,1,7.04,0.0
4155,3971,845,1,5.34,0.0
4156,3972,13,1,3.7,0.0
4157,3973,41,1,6.5,0.0
4158,3974,792,1,4.25,0.0
4159,3975,1303,1,4.89,0.0
4160,3976,408,1,2.94,0.0
4161,3977,354,3,5.3,1.64
4162,3978,856,3,10.92,3.83
4163,3979,353,1,6.18,0.0
4164,3980,436,1,11.79,0.0
4165,3981,173,1,10.59,0.0
4166,3982,758,1,3.84,0.0
4167,3983,397,1,4.17,0.32
4168,3984,409,2,3.94,0.0
4169,3985,25,2,6.46,0.0
4170,3986,86,2,10.93,0.0
4171,3987,409,2,3.93,0.0
4172,3988,987,1,3.44,0.0
4173,3989,1461,1,4.68,0.0
4174,3990,486,1,6.3,0.0
4175,3991,1487,1,2.88,0.0
4176,3992,920,2,3.45,0.0
4177,3993,846,2,11.92,0.0
4178,3994,27,1,4.22,0.0
4179,3995,2,2,3.54,0.0
4180,3996,451,2,10.24,0.0
4181,3997,1324,1,2.85,0.0
4182,3998,523,1,9.08,0.0
4183,3999,302,1,3.41,0.0
4184,4000,57,2,7.16,0.0
4185,4001,260,1,5.54,0.0
4186,4002,155,1,13.3,0.0
4187,4003,1193,1,5.56,0.0
4188,4004,1035,3,13.11,0.0
4189,4005,1394,1,2.49,0.0
4190,4006,201,1,6.12,0.0
4191,4007,201,1,6.06,0.0
4192,4008,1429,1,4.44,0.0
4193,4009,739,1,4.23,0.0
4194,4010,312,1,15.41,0.0
4195,4011,758,1,3.89,0.0
4196,4012,1108,1,16.52,0.0
4197,4013,647,1,12.59,0.0
4198,4014,1302,2,4.36,0.0
4199,4015,212,1,3.37,0.0
4200,4016,401,1,2.96,0.0
4201,4017,926,1,15.34,0.0
4202,4018,1290,1,4.34,0.0
4203,4019,389,1,2.79,0.0
4204,4020,100,1,2.54,0.0
4205,4021,1397,1,4.74,0.53
4206,4022,1480,2,4.94,0.0
4207,4023,1159,1,4.33,0.0
4208,4024,228,2,6.8,0.0
4209,4025,728,1,4.13,0.0
4210,4026,297,2,11.09,0.0
4211,4027,700,1,3.85,0.0
4212,4028,1261,1,3.33,0.0
4213,4029,461,1,10.58,0.0
4214,4030,1012,1,17.12,0.0
4215,4031,1014,1,2.76,0.0
4216,4032,795,1,4.64,0.0
4217,4033,762,1,3.66,0.0
4218,4034,1244,3,5.84,0.0
4219,4035,50,1,6.93,0.0
4220,4036,803,1,6.27,0.0
4221,4037,1395,2,8.58,0.0
4222,4037,1400,2,3.1,0.0
4223,4038,434,1,3.4,0.44
4224,4039,180,1,2.81,0.0
4225,4040,1276,3,2.93,0.0
4226,4040,1277,1,2.55,0.0
4227,4041,651,1,11.43,0.0
4228,4042,795,1,4.69,0.5
4229,4043,122,1,3.12,0.3
4230,4044,807,1,2.39,0.0
4231,4045,1245,1,8.17,0.0
4232,4046,308,1,2.73,0.0
4233,4047,493,1,7.41,0.0
4234,4048,104,2,9.08,0.0
4235,4049,798,1,5.36,0.0
4236,4050,1175,1,4.48,0.0
4237,4051,646,1,3.91,0.0
4238,4052,1192,1,13.11,1.0
4239,4053,407,3,6.95,0.0
4240,4054,1225,1,7.57,0.0
4241,4055,1256,1,12.76,0.0
4242,4056,1438,2,14.02,0.0
4243,4057,212,2,3.35,0.0
4244,4058,1467,3,12.3,3.19
4245,4059,542,1,3.79,0.0
4246,4060,72,2,5.2,0.0
4247,4061,1001,1,6.52,0.0
4248,4062,801,1,3.66,0.0
4249,4063,1002,1,4.33,0.0
4250,4064,1304,1,4.2,0.0
4251,4065,215,1,3.74,0.0
4252,4066,1098,3,3.73,0.0
4253,4067,750,1,5.12,0.0
4254,4068,319,1,6.85,0.78
4255,4069,58,1,2.23,0.0
4256,4070,45,1,9.46,0.0
4257,4071,520,1,5.83,0.0
4258,4072,712,2,2.15,0.0
4259,4073,1100,1,5.67,0.0
4260,4074,1451,1,11.36,0.0
4261,4074,1450,1,4.58,0.0
4262,4075,119,2,4.88,0.0
4263,4076,431,1,5.25,0.0
4264,4077,751,2,15.54,0.0
4265,4078,182,1,4.66,0.32
4266,4079,597,1,2.64,0.0
4267,4080,1264,2,11.6,0.0
4268,4081,884,1,4.41,0.0
4269,4082,801,2,3.67,0.0
4270,4083,204,1,15.7,0.0
4271,4084,632,1,13.89,1.77
4272,4085,668,1,8.25,0.0
4273,4086,1248,1,3.09,0.0
4274,4087,792,1,4.26,0.0
4275,4088,501,1,5.13,0.0
4276,4089,1306,1,2.76,0.0
4277,4090,30,2,7.1,0.0
4278,4091,158,1,2.71,0.0
4279,4092,517,1,4.62,0.0
4280,4093,1436,1,3.32,0.0
4281,4094,458,3,13.95,4.53
4282,4095,643,2,4.63,0.0
4283,4096,163,1,4.2,0.0
4284,4097,481,1,13.81,0.0
4285,4098,702,1,11.57,0.0
4286,4099,1122,1,13.88,1.72
4287,4100,606,1,4.41,0.0
4288,4101,392,1,3.98,0.52
4289,4102,1303,1,4.87,0.0
4290,4103,294,1,10.19,0.0
4291,4104,816,2,2.4,0.0
4292,4105,1421,1,4.82,0.0
4293,4106,62,1,12.45,0.0
4294,4107,610,1,9.42,0.0
4295,4108,1249,2,13.85,0.0
4296,4109,472,1,3.57,0.0
4297,4110,718,2,16.8,0.0
4298,4111,1173,2,4.03,0.0
4299,4112,1095,1,13.44,0.0
4300,4113,1247,2,3.78,0.0
4301,4114,454,1,3.91,0.0
4302,4115,1205,3,9.06,0.0
4303,4116,1087,2,11.64,0.0
4304,4117,191,2,12.47,0.0
4305,4118,460,1,11.49,1.67
4306,4119,268,2,4.78,0.0
4307,4120,1015,1,16.31,1.73
4308,4121,549,3,3.63,0.0
4309,4122,829,1,3.89,0.0
4310,4123,784,2,15.84,0.0
4311,4124,915,1,3.23,0.0
4312,4125,1473,1,4.77,0.0
4313,4126,792,1,4.26,0.0
4314,4127,957,1,20.54,0.0
4315,4128,873,2,12.22,0.0
4316,4129,1343,1,19.05,0.0
4317,4130,661,2,12.19,0.0
4318,4131,209,1,8.68,0.0
4319,4132,57,1,7.27,0.0
4320,4133,173,2,10.49,0.0
4321,4134,1149,1,3.86,0.0
4322,4135,1246,1,3.26,0.0
4323,4136,430,1,12.2,0.0
4324,4137,442,1,1.81,0.0
4325,4138,999,1,4.5,0.0
4326,4139,718,2,16.74,0.0
4327,4140,696,3,3.29,0.0
4328,4141,305,2,4.28,0.0
4329,4142,797,1,3.06,0.0
4330,4143,247,1,5.0,0.0
4331,4144,1416,1,3.7,0.0
4332,4145,395,1,13.52,0.0
4333,4146,570,1,7.98,0.0
4334,4147,15,2,7.56,0.0
4335,4148,1392,1,3.11,0.0
4336,4149,1310,1,2.09,0.0
4337,4150,1020,1,3.76,0.0
4338,4151,609,1,3.35,0.0
4339,4152,910,1,15.18,0.0
4340,4153,1483,1,2.23,0.0
4341,4154,617,1,3.75,0.0
4342,4155,1401,2,5.67,0.0
4343,4156,203,1,4.13,0.0
4344,4157,749,1,5.84,0.0
4345,4158,1000,1,16.06,0.0
4346,4159,271,1,12.26,0.0
4347,4160,148,2,13.96,0.0
4348,4161,1246,2,3.35,0.0
4349,4162,793,3,3.07,0.0
4350,4163,1226,1,3.33,0.0
4351,4164,652,1,4.76,0.0
4352,4165,797,1,3.11,0.0
4353,4166,799,2,3.2,0.0
4354,4167,1289,2,9.06,0.0
4355,4168,752,1,7.05,0.0
4356,4169,863,1,11.69,0.0
4357,4170,964,1,3.22,0.0
4358,4171,512,1,16.37,0.0
4359,4172,1325,1,7.33,0.0
4360,4173,149,1,16.54,0.0
4361,4174,1357,1,5.11,0.0
4362,4175,413,1,9.86,0.0
4363,4176,789,1,3.7,0.0
4364,4177,1062,3,8.43,0.0
4365,4178,1339,1,5.55,0.0
4366,4179,910,1,15.24,0.0
4367,4180,430,1,12.18,0.0
4368,4181,292,1,7.35,0.0
4369,4182,1175,1,4.49,0.0
4370,4183,1197,3,15.97,0.0
4371,4184,865,1,10.24,0.0
4372,4185,40,2,5.27,0.0
4373,4186,1459,1,4.72,0.0
4374,4187,261,2,11.46,0.0
4375,4188,323,3,8.06,0.0
4376,4188,324,2,7.63,0.0
4377,4189,794,1,5.07,0.0
4378,4190,1497,1,13.43,0.0
4379,4191,1322,1,3.94,0.0
4380,4192,909,1,7.46,0.0
4381,4193,1257,1,12.67,0.0
4382,4193,1258,1,7.17,0.0
4383,4194,145,2,6.57,0.0
4384,4195,1487,1,2.67,0.0
4385,4196,1170,1,2.87,0.32
4386,4197,1143,1,6.66,0.0
4387,4198,190,3,6.41,0.0
4388,4199,911,2,4.64,0.0
4389,4200,259,2,4.24,0.0
4390,4201,1079,3,4.15,0.0
4391,4202,423,1,3.3,0.0
4392,4203,1049,3,7.59,0.0
4393,4204,1051,2,1.99,0.0
4394,4205,708,1,2.66,0.0
4395,4206,795,1,4.73,0.0
4396,4207,494,1,12.87,0.0
4397,4208,373,3,3.59,1.28
4398,4209,749,1,5.78,0.0
4399,4210,762,2,3.67,0.0
4400,4211,701,1,3.5,0.0
4401,4212,1257,2,12.64,0.0
4402,4213,1159,3,4.25,0.0
4403,4214,57,2,7.25,0.0
4404,4215,1457,3,17.32,7.26
4405,4216,210,1,3.7,0.0
4406,4217,500,2,4.57,0.0
4407,4218,1245,2,8.09,1.14
4408,4219,538,1,17.63,0.0
4409,4220,1072,2,15.36,0.0
4410,4221,701,1,3.41,0.0
4411,4222,1491,2,5.21,0.0
4412,4223,1141,1,4.29,0.24
4413,4224,930,2,10.53,0.0
4414,4225,912,3,2.05,0.0
4415,4226,1367,3,6.22,2.03
4416,4227,932,1,15.42,0.0
4417,4228,792,1,4.38,0.0
4418,4229,1355,2,3.4,0.0
4419,4230,1163,1,2.93,0.22
4420,4231,250,1,9.93,0.0
4421,4232,1402,1,2.86,0.0
4422,4233,129,1,4.91,0.0
4423,4234,359,2,6.92,1.36
4424,4235,1150,2,3.74,0.0
4425,4236,215,1,3.74,0.0
4426,4237,924,1,15.23,0.0
4427,4238,117,2,8.11,0.0
4428,4239,487,1,15.28,0.0
4429,4240,463,2,11.17,0.0
4430,4241,776,2,15.9,3.06
4431,4242,560,1,8.45,0.0
4432,4243,200,1,5.46,0.0
4433,4244,979,1,8.39,0.0
4434,4245,477,2,3.37,0.0
4435,4246,1282,1,2.58,0.0
4436,4247,907,2,15.57,1.74
4437,4248,485,2,5.97,0.0
4438,4249,1013,2,6.16,0.0
4439,4250,1325,1,7.43,0.0
4440,4251,800,1,3.68,0.0
4441,4252,203,1,4.15,0.0
4442,4253,266,3,3.78,0.0
4443,4254,91,3,13.64,3.71
4444,4255,894,1,9.68,0.0
4445,4256,1201,2,6.73,0.0
4446,4257,1302,3,4.34,0.0
4447,4258,1160,1,11.31,0.0
4448,4259,436,2,11.78,0.0
4449,4260,878,1,6.72,0.0
4450,4261,830,1,14.66,0.0
4451,4262,98,2,2.78,0.0
4452,4263,243,1,3.64,0.0
4453,4264,831,1,12.21,0.0
4454,4265,1078,2,11.73,0.0
4455,4266,543,2,8.47,1.74
4456,4267,742,1,3.04,0.0
4457,4268,831,1,12.18,0.0
4458,4269,776,1,15.82,0.0
4459,4270,1394,1,2.42,0.0
4460,4271,171,1,9.98,0.94
4461,4271,172,1,3.29,0.0
4462,4272,598,1,4.01,0.0
4463,4273,1004,1,6.21,0.0
4464,4274,23,1,6.74,0.0
4465,4275,1010,1,4.37,0.0
4466,4276,1397,1,4.71,0.67
4467,4277,827,3,2.57,0.0
4468,4278,289,1,10.12,1.17
4469,4279,167,1,3.8,0.0
4470,4280,904,1,13.24,0.0
4471,4281,438,3,13.21,0.0
4472,4282,1184,1,5.98,0.0
4473,4283,1314,2,6.3,0.0
4474,4284,1246,1,3.29,0.0
4475,4284,1251,1,2.87,0.0
4476,4285,799,1,3.2,0.0
4477,4286,1396,2,5.29,0.0
4478,4287,1454,1,5.34,0.0
4479,4288,1405,1,3.0,0.0
4480,4289,1244,1,5.88,0.0
4481,4290,1497,1,13.37,0.0
4482,4291,604,1,5.42,0.0
4483,4292,701,1,3.52,0.0
4484,4293,643,3,4.69,0.0
4485,4294,440,1,1.93,0.0
4486,4295,1257,1,12.67,1.58
4487,4296,761,1,11.51,0.0
4488,4297,300,1,2.9,0.0
4489,4298,618,3,8.73,0.0
4490,4299,344,2,6.48,0.0
4491,4300,1282,1,2.65,0.0
4492,4301,232,1,10.3,0.0
4493,4301,237,2,5.65,0.0
4494,4302,604,1,5.45,0.0
4495,4303,374,2,3.52,0.0
4496,4304,205,1,4.02,0.0
4497,4305,31,1,11.28,0.0
4498,4306,1330,3,4.41,0.0
4499,4307,614,2,3.13,0.0
4500,4308,640,1,7.08,0.0
4501,4309,719,3,14.22,0.0
4502,4310,209,2,8.83,0.0
4503,4311,225,1,6.12,0.0
4504,4312,645,1,4.47,0.0
4505,4313,213,1,5.11,0.63
4506,4314,1371,1,7.66,0.0
4507,4315,761,1,11.47,0.0
4508,4316,800,1,3.6,0.0
4509,4317,1041,3,5.58,0.0
4510,4318,644,1,3.17,0.0
4511,4319,792,2,4.31,0.0
4512,4320,1246,1,3.28,0.0
4513,4321,1465,1,5.84,0.0
4514,4322,560,1,8.42,0.0
4515,4323,390,2,3.8,0.0
4516,4324,525,1,12.49,0.79
4517,4325,1435,3,5.12,1.35
4518,4326,1483,1,2.19,0.0
4519,4327,412,2,3.21,0.0
4520,4328,695,3,15.41,5.86
4521,4329,404,1,5.93,0.0
4522,4330,1164,1,2.64,0.0
4523,4331,830,1,14.69,2.0
4524,4332,276,2,3.41,0.0
4525,4333,1403,1,4.63,0.0
4526,4334,1494,1,5.66,0.0
4527,4335,1382,1,2.25,0.0
4528,4336,411,1,8.16,0.0
4529,4337,510,1,4.98,0.0
4530,4338,169,1,5.05,0.0
4531,4339,1260,1,5.67,0.0
4532,4339,1263,1,12.97,0.0
4533,4340,407,2,6.88,1.7
4534,4341,1085,2,11.8,0.0
4535,4342,466,1,10.09,0.0
4536,4343,1095,3,13.43,0.0
4537,4344,331,3,15.19,0.0
4538,4345,431,2,5.32,0.0
4539,4346,99,3,3.82,0.0
4540,4347,106,1,9.95,0.0
4541,4348,128,1,5.57,0.0
4542,4349,68,1,6.46,0.0
4543,4350,905,3,6.32,0.0
4544,4350,904,2,13.22,0.0
4545,4351,1420,1,4.4,0.0
4546,4352,1463,2,5.81,0.0
4547,4353,1118,3,14.61,0.0
4548,4354,1014,1,2.73,0.29
4549,4355,586,1,10.36,0.0
4550,4356,1305,1,15.87,0.0
4551,4357,1126,1,3.2,0.0
4552,4358,1234,1,5.56,0.0
4553,4359,976,1,2.07,0.0
4554,4360,807,2,2.52,0.0
4555,4361,100,1,2.61,0.0
4556,4362,1147,1,19.22,1.0
4557,4363,477,1,3.34,0.0
4558,4364,537,1,5.54,0.0
4559,4365,315,1,1.91,0.0
4560,4366,838,2,5.83,0.0
4561,4367,841,1,4.95,0.0
4562,4368,673,2,3.11,0.0
4563,4369,1009,1,4.15,0.41
4564,4370,104,2,9.12,0.0
4565,4371,796,2,2.83,0.0
4566,4371,797,1,3.04,0.0
4567,4372,240,1,3.86,0.0
4568,4373,896,1,4.42,0.0
4569,4374,157,2,10.73,0.0
4570,4375,1356,1,16.26,0.0
4571,4376,764,1,4.59,0.59
4572,4377,915,1,3.18,0.0
4573,4378,682,1,3.65,0.0
4574,4379,858,1,3.63,0.0
4575,4380,408,1,2.99,0.0
4576,4381,76,1,10.97,0.0
4577,4382,1316,1,9.94,0.0
4578,4383,1057,1,9.12,0.0
4579,4384,1385,1,2.99,0.0
4580,4385,1279,1,8.94,0.0
4581,4386,571,3,13.46,0.0
4582,4386,557,2,7.25,0.0
4583,4387,281,1,8.69,0.0
4584,4388,1430,3,2.49,0.0
4585,4389,738,1,4.84,0.0
4586,4390,167,2,3.73,0.0
4587,4391,404,1,6.08,0.0
4588,4392,760,1,10.84,0.0
4589,4393,1006,1,2.85,0.0
4590,4394,1479,1,7.72,0.0
4591,4395,901,1,6.33,0.0
4592,4396,856,3,10.94,0.0
4593,4397,49,2,4.73,0.0
4594,4398,1247,1,3.94,0.0
4595,4399,1253,2,12.79,0.0
4596,4400,998,1,17.7,0.0
4597,4401,773,1,17.01,0.0
4598,4402,103,1,2.81,0.0
4599,4403,337,1,14.53,0.0
4600,4404,956,3,6.4,0.0
4601,4405,715,1,17.97,0.0
4602,4406,1261,1,3.37,0.0
4603,4407,274,1,10.41,0.0
4604,4408,1257,2,12.63,0.0
4605,4409,1124,1,3.37,0.0
4606,4410,34,2,7.53,0.0
4607,4411,1484,1,3.7,0.0
4608,4412,303,2,4.77,0.0
4609,4413,164,1,3.93,0.58
4610,4414,909,1,7.36,0.0
4611,4415,309,1,4.85,0.0
4612,4416,1452,1,3.32,0.0
4613,4417,400,2,3.11,0.0
4614,4418,49,3,4.71,0.0
4615,4419,802,1,2.57,0.0
4616,4420,1093,1,5.12,0.0
4617,4421,708,2,2.7,0.0
4618,4422,1085,1,11.88,0.0
4619,4423,1374,2,3.0,0.8
4620,4424,442,2,1.81,0.0
4621,4425,208,1,9.76,0.0
4622,4426,1355,1,3.36,0.0
4623,4427,106,2,9.92,0.0
4624,4428,749,1,5.85,0.75
4625,4429,744,1,2.19,0.0
4626,4430,98,1,2.74,0.0
4627,4431,836,1,5.81,0.0
4628,4432,344,1,6.44,0.0
4629,4433,762,1,3.66,0.0
4630,4434,11,3,3.65,0.0
4631,4435,896,3,4.37,0.0
4632,4436,131,1,13.04,0.0
4633,4437,64,3,4.39,1.95
4634,4438,1007,1,10.04,0.0
4635,4439,897,1,4.83,0.0
4636,4440,755,1,6.64,0.42
4637,4441,1094,1,3.56,0.0
4638,4442,407,1,6.83,0.0
4639,4443,1234,3,5.63,0.0
4640,4444,711,1,2.72,0.0
4641,4445,783,1,5.95,0.0
4642,4446,12,1,2.36,0.0
4643,4447,91,1,13.64,1.19
4644,4448,1454,3,5.4,0.0
4645,4449,116,1,2.3,0.31
4646,4450,915,1,3.18,0.0
4647,4451,309,2,5.0,0.0
4648,4452,305,1,4.24,0.0
4649,4453,1439,1,5.69,0.0
4650,4454,1283,1,4.53,0.0
4651,4455,1473,1,4.67,0.0
4652,4456,1236,1,6.17,0.0
4653,4457,100,2,2.6,0.0
4654,4458,905,1,6.42,0.0
4655,4459,751,1,15.48,0.0
4656,4460,54,2,3.82,0.0
4657,4461,37,1,5.97,0.0
4658,4462,1046,1,2.68,0.0
4659,4463,1310,2,2.18,0.0
4660,4464,793,1,3.08,0.0
4661,4465,59,1,3.18,0.0
4662,4466,229,2,6.7,0.0
4663,4467,1270,2,5.58,0.0
4664,4468,134,2,3.62,0.0
4665,4469,168,1,5.52,0.0
4666,4470,362,1,11.8,0.0
4667,4471,1014,1,2.87,0.0
4668,4472,471,3,8.36,0.0
4669,4473,1442,1,4.42,0.0
4670,4474,550,2,3.72,0.88
4671,4475,132,2,5.86,0.0
4672,4476,246,1,11.78,0.0
4673,4477,1012,1,17.09,0.0
4674,4478,513,1,5.86,0.0
4675,4479,630,1,12.63,0.0
4676,4480,647,1,12.65,0.0
4677,4481,967,2,5.59,0.0
4678,4482,142,3,18.64,0.0
4679,4483,142,1,18.68,0.0
4680,4483,147,1,6.6,0.0
4681,4484,105,2,4.36,0.0
4682,4485,95,3,11.32,0.0
4683,4486,406,1,6.46,0.0
4684,4487,471,2,8.34,0.0
4685,4488,1271,1,4.8,0.0
4686,4489,1248,1,3.06,0.0
4687,4490,374,2,3.49,0.0
4688,4491,452,1,4.56,0.0
4689,4492,1001,1,6.55,0.0
4690,4493,1120,1,5.23,0.0
4691,4494,849,1,5.6,0.0
4692,4495,1456,1,3.32,0.0
4693,4496,123,1,8.51,0.0
4694,4497,664,2,11.89,0.0
4695,4498,900,3,2.35,0.92
4696,4499,1115,1,15.41,0.0
4697,4500,708,1,2.77,0.0
